-- --------------------------------------------------------
-- Хост:                         127.0.0.1
-- Версия сервера:               5.6.13 - MySQL Community Server (GPL)
-- Операционная система:         Win32
-- HeidiSQL Версия:              11.0.0.5919
-- --------------------------------------------------------

/*!40101 SET @OLD_CHARACTER_SET_CLIENT=@@CHARACTER_SET_CLIENT */;
/*!40101 SET NAMES utf8 */;
/*!50503 SET NAMES utf8mb4 */;
/*!40014 SET @OLD_FOREIGN_KEY_CHECKS=@@FOREIGN_KEY_CHECKS, FOREIGN_KEY_CHECKS=0 */;
/*!40101 SET @OLD_SQL_MODE=@@SQL_MODE, SQL_MODE='NO_AUTO_VALUE_ON_ZERO' */;


-- Дамп структуры базы данных iteffa
CREATE DATABASE IF NOT EXISTS `iteffa` /*!40100 DEFAULT CHARACTER SET utf8 */;
USE `iteffa`;

-- Дамп структуры для таблица iteffa.accounts
CREATE TABLE IF NOT EXISTS `accounts` (
  `socialclub` text NOT NULL,
  `login` varchar(155) NOT NULL,
  `hwid` varchar(155) NOT NULL,
  `coins` varchar(155) NOT NULL,
  `ip` varchar(155) NOT NULL,
  `character1` varchar(155) NOT NULL,
  `character2` varchar(155) NOT NULL,
  `character3` varchar(155) NOT NULL,
  `email` varchar(155) NOT NULL,
  `password` varchar(155) NOT NULL,
  `viplvl` varchar(155) NOT NULL,
  `vipdate` datetime NOT NULL,
  `promocodes` varchar(155) NOT NULL,
  `present` tinyint(1) NOT NULL DEFAULT '0',
  `idkey` int(11) NOT NULL AUTO_INCREMENT,
  PRIMARY KEY (`idkey`)
) ENGINE=InnoDB AUTO_INCREMENT=2 DEFAULT CHARSET=utf8;

-- Дамп данных таблицы iteffa.accounts: ~1 rows (приблизительно)
/*!40000 ALTER TABLE `accounts` DISABLE KEYS */;
INSERT INTO `accounts` (`socialclub`, `login`, `hwid`, `coins`, `ip`, `character1`, `character2`, `character3`, `email`, `password`, `viplvl`, `vipdate`, `promocodes`, `present`, `idkey`) VALUES
	('Jack_Brawn', 'iteffa', 'D8903A045B0CF9583F6A16A8B6C0D010B9185770C6F4563889F018C8DD223EE06BEEF3480614E080D9BA64BCBC4472E07D1208A056B6E970C77E9D7C7A7C9280', '0', '127.0.0.1', '333333', '-1', '-2', 'developer@iteffa.com', '69e9e1e1c72d179485296e250982e9cb9e8318e81089cb0812d9caed5a0c89c1', '0', '2020-11-18 04:49:21', '["noref"]', 0, 1);
/*!40000 ALTER TABLE `accounts` ENABLE KEYS */;

-- Дамп структуры для таблица iteffa.adminaccess
CREATE TABLE IF NOT EXISTS `adminaccess` (
  `minrank` int(11) NOT NULL,
  `command` varchar(155) NOT NULL,
  `isadmin` tinyint(1) NOT NULL,
  `idkey` int(11) NOT NULL AUTO_INCREMENT,
  PRIMARY KEY (`idkey`)
) ENGINE=InnoDB AUTO_INCREMENT=6 DEFAULT CHARSET=utf8;

-- Дамп данных таблицы iteffa.adminaccess: ~5 rows (приблизительно)
/*!40000 ALTER TABLE `adminaccess` DISABLE KEYS */;
INSERT INTO `adminaccess` (`minrank`, `command`, `isadmin`, `idkey`) VALUES
	(7, 'vehc', 1, 1),
	(7, 'newjobveh', 1, 2),
	(7, 'tpc', 1, 3),
	(7, 'save', 1, 4),
	(7, 'hp', 1, 5);
/*!40000 ALTER TABLE `adminaccess` ENABLE KEYS */;

-- Дамп структуры для таблица iteffa.advertised
CREATE TABLE IF NOT EXISTS `advertised` (
  `ID` int(12) unsigned NOT NULL AUTO_INCREMENT,
  `Author` varchar(40) NOT NULL,
  `AuthorSIM` int(11) NOT NULL,
  `AD` varchar(150) CHARACTER SET utf8 COLLATE utf8_bin NOT NULL,
  `Editor` varchar(40) DEFAULT NULL,
  `EditedAD` varchar(150) CHARACTER SET utf8 COLLATE utf8_bin DEFAULT NULL,
  `Opened` datetime NOT NULL,
  `Closed` datetime DEFAULT NULL,
  `Status` tinyint(4) DEFAULT '0',
  PRIMARY KEY (`ID`)
) ENGINE=InnoDB DEFAULT CHARSET=latin1;

-- Дамп данных таблицы iteffa.advertised: ~0 rows (приблизительно)
/*!40000 ALTER TABLE `advertised` DISABLE KEYS */;
/*!40000 ALTER TABLE `advertised` ENABLE KEYS */;

-- Дамп структуры для таблица iteffa.alcoclubs
CREATE TABLE IF NOT EXISTS `alcoclubs` (
  `id` int(155) NOT NULL,
  `alco1` int(155) NOT NULL,
  `alco2` int(155) NOT NULL,
  `alco3` int(155) NOT NULL,
  `pricemod` varchar(155) NOT NULL,
  `mats` int(155) NOT NULL,
  PRIMARY KEY (`id`)
) ENGINE=InnoDB DEFAULT CHARSET=utf8;

-- Дамп данных таблицы iteffa.alcoclubs: ~4 rows (приблизительно)
/*!40000 ALTER TABLE `alcoclubs` DISABLE KEYS */;
INSERT INTO `alcoclubs` (`id`, `alco1`, `alco2`, `alco3`, `pricemod`, `mats`) VALUES
	(10, 1000, 3000, 5000, '100', 100000),
	(11, 1000, 3000, 5000, '100', 100000),
	(12, 1000, 3000, 5000, '100', 100000),
	(13, 1000, 3000, 5000, '100', 100000);
/*!40000 ALTER TABLE `alcoclubs` ENABLE KEYS */;

-- Дамп структуры для таблица iteffa.banned
CREATE TABLE IF NOT EXISTS `banned` (
  `uuid` int(155) NOT NULL,
  `name` text NOT NULL,
  `account` text NOT NULL,
  `time` varchar(155) NOT NULL,
  `until` varchar(155) NOT NULL,
  `ishard` bigint(155) NOT NULL,
  `ip` varchar(155) NOT NULL,
  `socialclub` text NOT NULL,
  `hwid` varchar(155) NOT NULL,
  `reason` text NOT NULL,
  `byadmin` text NOT NULL,
  PRIMARY KEY (`uuid`)
) ENGINE=InnoDB DEFAULT CHARSET=utf8;

-- Дамп данных таблицы iteffa.banned: ~0 rows (приблизительно)
/*!40000 ALTER TABLE `banned` DISABLE KEYS */;
/*!40000 ALTER TABLE `banned` ENABLE KEYS */;

-- Дамп структуры для таблица iteffa.businesses
CREATE TABLE IF NOT EXISTS `businesses` (
  `id` int(255) NOT NULL,
  `owner` text NOT NULL,
  `sellprice` text NOT NULL,
  `type` text NOT NULL,
  `products` text NOT NULL,
  `enterpoint` text NOT NULL,
  `unloadpoint` text NOT NULL,
  `money` text NOT NULL,
  `mafia` text NOT NULL,
  `orders` text NOT NULL,
  PRIMARY KEY (`id`)
) ENGINE=InnoDB DEFAULT CHARSET=utf8mb4;

-- Дамп данных таблицы iteffa.businesses: ~0 rows (приблизительно)
/*!40000 ALTER TABLE `businesses` DISABLE KEYS */;
/*!40000 ALTER TABLE `businesses` ENABLE KEYS */;

-- Дамп структуры для таблица iteffa.characters
CREATE TABLE IF NOT EXISTS `characters` (
  `uuid` bigint(255) NOT NULL,
  `adminlvl` int(255) NOT NULL,
  `money` int(255) NOT NULL,
  `firstname` text NOT NULL,
  `lastname` text NOT NULL,
  `fraction` int(255) NOT NULL,
  `fractionlvl` int(255) NOT NULL,
  `warns` int(255) NOT NULL,
  `biz` mediumtext NOT NULL,
  `hotel` int(255) NOT NULL,
  `hotelleft` int(255) NOT NULL,
  `sim` int(255) NOT NULL,
  `PetName` text,
  `eat` int(255) NOT NULL,
  `water` int(255) NOT NULL,
  `demorgan` int(255) NOT NULL,
  `arrest` int(255) NOT NULL,
  `unwarn` datetime NOT NULL,
  `unmute` int(255) NOT NULL,
  `bank` int(255) NOT NULL,
  `wanted` text,
  `lvl` int(255) NOT NULL,
  `exp` int(255) NOT NULL,
  `gender` tinyint(1) NOT NULL,
  `health` int(255) NOT NULL,
  `armor` int(255) NOT NULL,
  `licenses` text NOT NULL,
  `lastveh` text NOT NULL,
  `onduty` tinyint(1) NOT NULL,
  `lasthour` int(255) NOT NULL,
  `contacts` text NOT NULL,
  `achiev` text NOT NULL,
  `createdate` datetime NOT NULL,
  `pos` text NOT NULL,
  `work` int(255) NOT NULL,
  `idkey` int(11) NOT NULL AUTO_INCREMENT,
  PRIMARY KEY (`idkey`)
) ENGINE=InnoDB AUTO_INCREMENT=2 DEFAULT CHARSET=utf8;

-- Дамп данных таблицы iteffa.characters: ~1 rows (приблизительно)
/*!40000 ALTER TABLE `characters` DISABLE KEYS */;
INSERT INTO `characters` (`uuid`, `adminlvl`, `money`, `firstname`, `lastname`, `fraction`, `fractionlvl`, `warns`, `biz`, `hotel`, `hotelleft`, `sim`, `PetName`, `eat`, `water`, `demorgan`, `arrest`, `unwarn`, `unmute`, `bank`, `wanted`, `lvl`, `exp`, `gender`, `health`, `armor`, `licenses`, `lastveh`, `onduty`, `lasthour`, `contacts`, `achiev`, `createdate`, `pos`, `work`, `idkey`) VALUES
	(333333, 8, 420800, 'Jack', 'Brown', 0, 0, 0, '[]', -1, 0, -1, 'null', 25, 24, 0, 0, '2020-11-18 04:49:29', 0, 60032, 'null', 1, 0, 1, 100, 0, '[false,false,false,false,false,false,false,false]', '', 0, 12, '{}', '[false,false,false,false,false,false,false,false,false,false,false,false,false,false,false,false,false,false,false,false,false,false,false,false,false,false,false,false,false,false,false,false,false,false,false,false,false,false,false,false,false,false,false,false,false,false,false,false,false,false,false,false,false,false,false,false,false,false,false,false,false,false,false,false,false,false,false,false,false,false,false,false,false,false,false,false,false,false,false,false,false,false,false,false,false,false,false,false,false,false,false,false,false,false,false,false,false,false,false,false,false,false,false,false,false,false,false,false,false,false,false,false,false,false,false,false,false,false,false,false,false,false,false,false,false,false,false,false,false,false,false,false,false,false,false,false,false,false,false,false,false,false,false,false,false,false,false,false,false,false,false,false,false,false,false,false,false,false,false,false,false,false,false,false,false,false,false,false,false,false,false,false,false,false,false,false,false,false,false,false,false,false,false,false,false,false,false,false,false,false,false,false,false,false,false,false,false,false,false,false,false,false,false,false,false,false,false,false,false,false,false,false,false,false,false,false,false,false,false,false,false,false,false,false,false,false,false,false,false,false,false,false,false,false,false,false,false,false,false,false,false,false,false,false,false,false,false,false,false,false,false,false,false,false,false,false,false,false,false,false,false,false,false,false,false,false,false,false,false,false,false,false,false,false,false,false,false,false,false,false,false,false,false,false,false,false,false,false,false,false,false,false,false,false,false,false,false,false,false,false,false,false,false,false,false,false,false,false,false,false,false,false,false,false,false,false,false,false,false,false,false,false,false,false,false,false,false,false,false,false,false,false,false,false,false,false,false,false,false,false,false,false,false,false,false,false,false,false,false,false,false,false,false,false,false,false,false,false,false,false,false,false,false,false,false,false,false,false,false,false,false,false,false,false,false,false,false,false,false,false,false,false,false,false,false,false,false,false,false,false,false,false,false,false,false,false,false,false,false,false,false]', '2020-11-18 04:49:29', '{"x":215.30565,"y":389.8829,"z":106.79281}', 0, 1);
/*!40000 ALTER TABLE `characters` ENABLE KEYS */;

-- Дамп структуры для таблица iteffa.customization
CREATE TABLE IF NOT EXISTS `customization` (
  `uuid` bigint(255) NOT NULL,
  `gender` text NOT NULL,
  `parents` text NOT NULL,
  `features` text NOT NULL,
  `appearance` text NOT NULL,
  `hair` text NOT NULL,
  `clothes` text NOT NULL,
  `accessory` text NOT NULL,
  `tattoos` text NOT NULL,
  `eyebrowc` text NOT NULL,
  `beardc` text NOT NULL,
  `eyec` text NOT NULL,
  `blushc` text NOT NULL,
  `lipstickc` text NOT NULL,
  `chesthairc` text NOT NULL,
  `iscreated` tinyint(1) NOT NULL,
  `idkey` int(11) NOT NULL AUTO_INCREMENT,
  PRIMARY KEY (`idkey`)
) ENGINE=InnoDB AUTO_INCREMENT=2 DEFAULT CHARSET=utf8;

-- Дамп данных таблицы iteffa.customization: ~1 rows (приблизительно)
/*!40000 ALTER TABLE `customization` DISABLE KEYS */;
INSERT INTO `customization` (`uuid`, `gender`, `parents`, `features`, `appearance`, `hair`, `clothes`, `accessory`, `tattoos`, `eyebrowc`, `beardc`, `eyec`, `blushc`, `lipstickc`, `chesthairc`, `iscreated`, `idkey`) VALUES
	(333333, '0', '{"Father":0,"Mother":21,"Similarity":0.5,"SkinSimilarity":0.5}', '[0.0,0.0,0.0,0.0,0.0,0.0,0.0,0.0,0.0,0.0,0.0,0.0,0.0,0.0,0.0,0.0,0.0,0.0,0.0,0.0]', '[{"Value":255,"Opacity":100.0},{"Value":255,"Opacity":100.0},{"Value":255,"Opacity":100.0},{"Value":255,"Opacity":100.0},{"Value":255,"Opacity":100.0},{"Value":255,"Opacity":100.0},{"Value":255,"Opacity":100.0},{"Value":255,"Opacity":100.0},{"Value":255,"Opacity":100.0},{"Value":255,"Opacity":100.0},{"Value":255,"Opacity":100.0}]', '{"Hair":4,"Color":0,"HighlightColor":0}', '{"Mask":{"Variation":0,"Texture":0},"Gloves":{"Variation":0,"Texture":0},"Torso":{"Variation":15,"Texture":0},"Leg":{"Variation":103,"Texture":2},"Bag":{"Variation":0,"Texture":0},"Feet":{"Variation":5,"Texture":2},"Accessory":{"Variation":0,"Texture":0},"Undershit":{"Variation":15,"Texture":0},"Bodyarmor":{"Variation":0,"Texture":0},"Decals":{"Variation":0,"Texture":0},"Top":{"Variation":26,"Texture":6}}', '{"Hat":{"Variation":-1,"Texture":0},"Glasses":{"Variation":-1,"Texture":0},"Ear":{"Variation":-1,"Texture":0},"Watches":{"Variation":-1,"Texture":0},"Bracelets":{"Variation":-1,"Texture":0}}', '{"0":[],"1":[],"2":[],"3":[],"4":[],"5":[]}', '0', '0', '9', '0', '0', '0', 1, 1);
/*!40000 ALTER TABLE `customization` ENABLE KEYS */;

-- Дамп структуры для таблица iteffa.eventcfg
CREATE TABLE IF NOT EXISTS `eventcfg` (
  `RewardLimit` int(155) NOT NULL
) ENGINE=InnoDB DEFAULT CHARSET=utf8;

-- Дамп данных таблицы iteffa.eventcfg: ~0 rows (приблизительно)
/*!40000 ALTER TABLE `eventcfg` DISABLE KEYS */;
/*!40000 ALTER TABLE `eventcfg` ENABLE KEYS */;

-- Дамп структуры для таблица iteffa.e_candidates
CREATE TABLE IF NOT EXISTS `e_candidates` (
  `ID` int(11) NOT NULL AUTO_INCREMENT,
  `Votes` text NOT NULL,
  `Election` text NOT NULL,
  `Name` text NOT NULL,
  PRIMARY KEY (`ID`)
) ENGINE=InnoDB DEFAULT CHARSET=utf8;

-- Дамп данных таблицы iteffa.e_candidates: ~0 rows (приблизительно)
/*!40000 ALTER TABLE `e_candidates` DISABLE KEYS */;
/*!40000 ALTER TABLE `e_candidates` ENABLE KEYS */;

-- Дамп структуры для таблица iteffa.e_points
CREATE TABLE IF NOT EXISTS `e_points` (
  `Election` int(155) NOT NULL AUTO_INCREMENT,
  `X` varchar(11) NOT NULL,
  `Y` varchar(11) NOT NULL,
  `Z` varchar(11) NOT NULL,
  `Dimension` int(11) NOT NULL,
  `Opened` text NOT NULL,
  PRIMARY KEY (`Election`)
) ENGINE=InnoDB DEFAULT CHARSET=utf8;

-- Дамп данных таблицы iteffa.e_points: ~0 rows (приблизительно)
/*!40000 ALTER TABLE `e_points` DISABLE KEYS */;
/*!40000 ALTER TABLE `e_points` ENABLE KEYS */;

-- Дамп структуры для таблица iteffa.e_voters
CREATE TABLE IF NOT EXISTS `e_voters` (
  `Election` int(155) NOT NULL,
  `Login` text NOT NULL,
  `TimeVoted` text NOT NULL,
  `VotedFor` text NOT NULL
) ENGINE=InnoDB DEFAULT CHARSET=utf8;

-- Дамп данных таблицы iteffa.e_voters: ~0 rows (приблизительно)
/*!40000 ALTER TABLE `e_voters` DISABLE KEYS */;
/*!40000 ALTER TABLE `e_voters` ENABLE KEYS */;

-- Дамп структуры для таблица iteffa.fractionaccess
CREATE TABLE IF NOT EXISTS `fractionaccess` (
  `idkey` int(155) NOT NULL AUTO_INCREMENT,
  `fraction` int(155) NOT NULL,
  `commands` text NOT NULL,
  `weapons` text NOT NULL,
  PRIMARY KEY (`idkey`)
) ENGINE=InnoDB AUTO_INCREMENT=19 DEFAULT CHARSET=utf8mb4;

-- Дамп данных таблицы iteffa.fractionaccess: ~15 rows (приблизительно)
/*!40000 ALTER TABLE `fractionaccess` DISABLE KEYS */;
INSERT INTO `fractionaccess` (`idkey`, `fraction`, `commands`, `weapons`) VALUES
	(1, 1, '{"takedrugs":6,"takemedkits":8,"takestock":10,"openweaponstock":10,"takemats":10,"capture":10,"takemoney":11,"invite":10,"setrank":11,"openstock":10,"closestock":10,"respawn":12,"uninvite":10,"buydrugs":8}', '{"Medkits":8}'),
	(2, 2, '{"takedrugs":6,"takemedkits":8,"takestock":10,"openweaponstock":10,"takemats":10,"capture":10,"takemoney":11,"invite":10,"setrank":11,"openstock":10,"closestock":10,"respawn":12,"uninvite":10,"buydrugs":8}', '{"Medkits":8}'),
	(3, 3, '{"takedrugs":6,"takemedkits":8,"takestock":10,"openweaponstock":10,"takemats":10,"capture":10,"takemoney":11,"invite":10,"setrank":11,"openstock":10,"closestock":10,"respawn":12,"uninvite":10,"buydrugs":8}', '{"Medkits":8}'),
	(4, 4, '{"takedrugs":6,"takemedkits":8,"takestock":10,"openweaponstock":10,"takemats":10,"capture":10,"takemoney":11,"invite":10,"setrank":11,"openstock":10,"closestock":10,"respawn":12,"uninvite":10,"buydrugs":8}', '{"Medkits":8}'),
	(5, 5, '{"takedrugs":6,"takemedkits":8,"takestock":10,"openweaponstock":10,"takemats":10,"capture":10,"takemoney":11,"invite":10,"setrank":11,"openstock":10,"closestock":10,"respawn":12,"uninvite":10,"buydrugs":8}', '{"Medkits":8}'),
	(6, 6, '{"openweaponstock":4,"follow":4,"cuff":4,"uncuff":4,"dep":6,"gov":7,"invite":7,"uninvite":7,"setrank":7,"openstock":7,"closestock":7,"respawn":8,"opensafedoor":8,"takemedkits":4}', '{"stungun":3,"pistol":4,"PistolAmmo":4,"armor":4,"MedKits":4,"AdvancedRifle":5,"RiflesAmmo":5,"gusenberg":20,"SMGAmmo":6,"Medkits":4}'),
	(7, 7, '{"dep":12,"gov":12,"pd":1,"takeguns":2,"openweaponstock":2,"cuff":2,"uncuff":2,"ticket":2,"pull":2,"incar":2,"su":2,"arrest":2,"rfp":2,"follow":2,"takegunlic":5,"warg":9,"givegunlic":9,"invite":13,"uninvite":13,"setrank":13,"openstock":13,"closestock":13,"respawn":14}', '{"Nightstick":1,"Pistol":2,"PistolAmmo":2,"armor":2,"Medkits":2,"StunGun":2,"PumpShotgun":4,"ShotgunsAmmo":4,"SMG":5,"SMGAmmo":5,"HeavyShotgun":13,"RiflesAmmo":5,"CarabineRifle":5}'),
	(8, 8, '{"dep":9,"gov":9,"heal":1,"ems":2,"givemedlic":4,"setrank":9,"invite":9,"uninvite":9,"openstock":11,"closestock":11,"respawn":11}', '{"Medkits":2,"StunGun":3}'),
	(9, 9, '{"dep":11,"gov":12,"pd":1,"takeguns":2,"cuff":2,"uncuff":2,"ticket":2,"pull":2,"incar":2,"su":2,"arrest":2,"rfp":2,"follow":2,"openweaponstock":3,"takegunlic":6,"warg":10,"invite":13,"uninvite":13,"setrank":13,"openstock":13,"closestock":13,"respawn":14}', '{"StunGun":1,"Pistol":2,"PistolAmmo":2,"armor":2,"CombatPDW":3,"SMGAmmo":3,"AdvancedRifle":4,"RiflesAmmo":4,"HeavySniper":13,"SniperAmmo":13,"Medkits":2}'),
	(10, 10, '{"buydrugs":8,"cuff":2,"uncuff":2,"pocket":2,"follow":2,"incar":2,"pull":2,"takedrugs":3,"takemedkits":4,"openweaponstock":5,"takemats":5,"bizwar":7,"takemoney":8,"takestock":8,"setrank":9,"invite":9,"uninvite":9,"openstock":9,"closestock":9,"respawn":10,"takebiz":8}', '{"Medkits":4}'),
	(11, 11, '{"buydrugs":8,"cuff":2,"uncuff":2,"pocket":2,"takebiz":8,"follow":2,"incar":2,"pull":2,"takedrugs":3,"takemedkits":4,"openweaponstock":5,"takemats":5,"bizwar":7,"takemoney":8,"takestock":8,"setrank":9,"invite":9,"uninvite":9,"openstock":9,"closestock":9,"respawn":10}', '{"Medkits":4}'),
	(12, 12, '{"buydrugs":8,"cuff":2,"uncuff":2,"pocket":2,"follow":2,"incar":2,"pull":2,"takedrugs":3,"takemedkits":4,"openweaponstock":5,"takemats":5,"bizwar":7,"takemoney":8,"takestock":8,"setrank":9,"invite":9,"uninvite":9,"openstock":9,"closestock":9,"respawn":10,"takebiz":8}', '{"Medkits":4}'),
	(13, 13, '{"buydrugs":8,"cuff":2,"uncuff":2,"pocket":2,"follow":2,"incar":2,"pull":2,"takedrugs":3,"takemedkits":4,"openweaponstock":5,"takemats":5,"bizwar":7,"takemoney":8,"takestock":8,"setrank":9,"invite":9,"uninvite":9,"openstock":9,"closestock":9,"respawn":10,"takebiz":8}', '{"Medkits":4}'),
	(14, 14, '{"dep":12,"gov":13,"openweaponstock":5,"cuff":8,"follow":8,"incar":8,"pull":8,"invite":14,"uninvite":14,"setrank":14,"openstock":14,"closestock":14,"respawn":15,"givearmylic":14}', '{"pistol":2,"PistolAmmo":2,"carabine":3,"RiflesAmmo":3,"Medkits":3,"armor":3,"SMGAmmo":13,"CombatMG":14}'),
	(18, 18, '{"invite": "13",  "uninvite": "13",  "setrank": "13",  "ticket": "1",  "arrest": "1",  "rfp": "1",  "follow": "1",  "su": "1",  "incar": "1",  "pull": "1",  "warg": "12",  "openweaponstock": "12",  "openstock": "12",  "givegunlic": "5",  "takegunlic": "5",  "cuff": "1",  "dep": "1",  "gov": "1"}', '{"sheriffgun":"1", "armor":"1", "Medkits":"1", "PistolAmmo":"1", "SMGAmmo":"1", "ShotgunsAmmo":"1", "RiflesAmmo":"1"}');
/*!40000 ALTER TABLE `fractionaccess` ENABLE KEYS */;

-- Дамп структуры для таблица iteffa.fractionranks
CREATE TABLE IF NOT EXISTS `fractionranks` (
  `idkey` int(155) NOT NULL AUTO_INCREMENT,
  `fraction` int(155) NOT NULL,
  `rank` int(155) NOT NULL,
  `payday` int(155) NOT NULL,
  `name` text NOT NULL,
  `clothesm` text NOT NULL,
  `clothesf` text NOT NULL,
  PRIMARY KEY (`idkey`)
) ENGINE=InnoDB AUTO_INCREMENT=327 DEFAULT CHARSET=utf8mb4;

-- Дамп данных таблицы iteffa.fractionranks: ~242 rows (приблизительно)
/*!40000 ALTER TABLE `fractionranks` DISABLE KEYS */;
INSERT INTO `fractionranks` (`idkey`, `fraction`, `rank`, `payday`, `name`, `clothesm`, `clothesf`) VALUES
	(8, 1, 1, 100, 'Outsider', '', ''),
	(9, 1, 2, 200, 'Playa', '', ''),
	(10, 1, 3, 300, 'Killa', '', ''),
	(11, 1, 4, 400, 'B.A.D', '', ''),
	(12, 1, 5, 500, 'Gangster', '', ''),
	(13, 1, 6, 600, 'De King', '', ''),
	(14, 1, 7, 700, 'O.G', '', ''),
	(15, 1, 8, 800, 'Hommie', '', ''),
	(16, 1, 9, 900, 'Sweet', '', ''),
	(17, 1, 10, 1000, 'Legend', '', ''),
	(18, 1, 11, 1100, 'Mad Dog', '', ''),
	(19, 1, 12, 1200, 'Big Daddy', '', ''),
	(26, 2, 1, 100, 'Freak', '', ''),
	(27, 2, 2, 200, 'Little Nigga', '', ''),
	(28, 2, 3, 300, 'Homeboy', '', ''),
	(29, 2, 4, 400, 'Mature', '', ''),
	(30, 2, 5, 500, 'Gun Bro', '', ''),
	(31, 2, 6, 600, 'Gunsta', '', ''),
	(32, 2, 7, 700, 'Hustle', '', ''),
	(33, 2, 8, 800, 'Young Gangsta', '', ''),
	(34, 2, 9, 900, 'Wiseman', '', ''),
	(35, 2, 10, 1000, 'Beast', '', ''),
	(36, 2, 11, 1100, 'O.G', '', ''),
	(37, 2, 12, 1200, 'Daddy', '', ''),
	(44, 3, 1, 100, 'Novito', '', ''),
	(45, 3, 2, 200, 'Ordinario', '', ''),
	(46, 3, 3, 300, 'Locale', '', ''),
	(47, 3, 4, 400, 'Verification', '', ''),
	(48, 3, 5, 500, 'Sangre Joven', '', ''),
	(49, 3, 6, 600, 'Murda', '', ''),
	(50, 3, 7, 700, 'Assessino', '', ''),
	(51, 3, 8, 800, 'Latino King', '', ''),
	(52, 3, 9, 900, 'Bandito', '', ''),
	(53, 3, 10, 1000, 'Definido', '', ''),
	(54, 3, 11, 1100, 'De Confianza', '', ''),
	(55, 3, 12, 1200, 'Padrino', '', ''),
	(62, 4, 1, 100, 'Nadie', '', ''),
	(63, 4, 2, 200, 'Seguro', '', ''),
	(64, 4, 3, 300, 'Artesano', '', ''),
	(65, 4, 4, 400, 'Allegado', '', ''),
	(66, 4, 5, 500, 'Caza', '', ''),
	(67, 4, 6, 600, 'Soldado', '', ''),
	(68, 4, 7, 700, 'J.', '', ''),
	(69, 4, 8, 800, 'Ayudante', '', ''),
	(70, 4, 9, 900, 'Mentor', '', ''),
	(71, 4, 10, 1000, 'Explosion', '', ''),
	(72, 4, 11, 1100, 'Maestro', '', ''),
	(73, 4, 12, 1200, 'El Padre', '', ''),
	(80, 5, 1, 100, 'Fresh Meat', '', ''),
	(81, 5, 2, 200, 'Young Blood', '', ''),
	(82, 5, 3, 300, 'Mature Blood', '', ''),
	(83, 5, 4, 400, 'Gangster Blood', '', ''),
	(84, 5, 5, 500, 'Kill Blood', '', ''),
	(85, 5, 6, 600, 'Beef', '', ''),
	(86, 5, 7, 700, 'Looker Blood', '', ''),
	(87, 5, 8, 800, 'Confirmed ', '', ''),
	(88, 5, 9, 900, 'Little Bos', '', ''),
	(89, 5, 10, 1000, 'Big Blood Boss', '', ''),
	(90, 5, 11, 1100, 'Rex', '', ''),
	(91, 5, 12, 1200, 'King of Blood', '', ''),
	(94, 6, 1, 350, 'Trainee', 'city_1', 'city_1'),
	(95, 6, 2, 450, 'Jurist', 'city_1', 'city_1'),
	(96, 6, 3, 600, 'Secretary', 'city_1', 'city_1'),
	(97, 6, 4, 750, 'Officer', 'city_4', 'city_4'),
	(98, 6, 5, 1000, 'Junior Lawyer', 'city_2', 'city_2'),
	(99, 6, 6, 1200, 'Secretary Assistant', 'city_2', 'city_2'),
	(100, 6, 7, 1300, 'Agent', 'city_5', 'city_5'),
	(101, 6, 8, 1450, 'Lawyer', 'city_3', 'city_3'),
	(102, 6, 9, 1550, 'HR Manager', 'city_7', 'city_7'),
	(103, 6, 10, 1750, 'Special Agent', 'city_5', 'city_5'),
	(104, 6, 11, 1900, 'Prosecutor', 'city_7', 'city_7'),
	(105, 6, 12, 2100, 'Event Manager', 'city_3', 'city_3'),
	(106, 6, 13, 2250, 'Head', 'city_6', 'city_6'),
	(107, 6, 14, 2500, 'Judge', 'city_5', 'city_5'),
	(108, 6, 15, 2800, 'Supreme Judge', 'city_6', 'city_6'),
	(109, 6, 16, 3100, 'Chief of Staff', 'city_7', 'city_7'),
	(110, 6, 17, 3450, 'Director', 'city_6', 'city_6'),
	(111, 6, 18, 3650, 'Advisor', 'city_8', 'city_8'),
	(112, 6, 19, 3800, 'Mayor', 'city_8', 'city_8'),
	(113, 6, 20, 4000, 'Minister', 'city_9', 'city_9'),
	(114, 6, 21, 4500, 'Governor', 'city_9', 'city_9'),
	(116, 7, 1, 100, 'Cadet', 'police_1', 'police_1'),
	(117, 7, 2, 200, 'Officer I', 'police_1', 'police_1'),
	(118, 7, 3, 500, 'Officer II', 'police_2', 'police_2'),
	(119, 7, 4, 700, 'Senior Officer', 'police_2', 'police_2'),
	(120, 7, 5, 850, 'Corporal', 'police_3', 'police_3'),
	(121, 7, 6, 900, 'Sergeant I', 'police_4', 'police_4'),
	(122, 7, 7, 1150, 'Sergeant II', 'police_5', 'police_5'),
	(123, 7, 8, 1350, 'Lieutenant', 'police_6', 'police_6'),
	(124, 7, 9, 1500, 'Captain', 'police_6', 'police_6'),
	(125, 7, 10, 1650, 'Major', 'police_7', 'police_7'),
	(126, 7, 11, 1850, 'Colonel', 'police_7', 'police_7'),
	(127, 7, 12, 2000, 'Commander', 'police_8', 'police_8'),
	(128, 7, 13, 2250, 'Deputy Chief', 'police_8', 'police_8'),
	(129, 7, 14, 2500, 'Chief', 'police_8', 'police_8'),
	(134, 8, 1, 300, 'Intern', 'ems_1', 'ems_1'),
	(135, 8, 2, 650, 'Medical Worker', 'ems_1', 'ems_1'),
	(136, 8, 3, 850, 'Assistant of Doctor', 'ems_1', 'ems_1'),
	(137, 8, 4, 1100, 'Doctor', 'ems_2', 'ems_2'),
	(138, 8, 5, 1350, 'Narcology', 'ems_2', 'ems_2'),
	(139, 8, 6, 1450, 'Superintendent', 'ems_3', 'ems_3'),
	(140, 8, 7, 1600, 'Specialist', 'ems_3', 'ems_3'),
	(141, 8, 8, 1750, 'Deputy Chief of Department', 'ems_3', 'ems_3'),
	(142, 8, 9, 1850, 'Chief Department', 'ems_4', 'ems_4'),
	(143, 8, 10, 2000, 'Deputy Head Physician', 'ems_4', 'ems_4'),
	(144, 8, 11, 2250, 'Head Physician', 'ems_4', 'ems_4'),
	(152, 9, 1, 350, 'Trainee', 'city_6', 'city_6'),
	(153, 9, 2, 500, 'Bureau Security', 'city_6', 'city_6'),
	(154, 9, 3, 650, 'Junior Agent', 'city_6', 'city_6'),
	(155, 9, 4, 750, 'Agent', 'city_6', 'city_6'),
	(156, 9, 5, 900, 'Secret Agent', 'city_6', 'city_6'),
	(157, 9, 6, 1200, 'Special Agent', 'city_6', 'city_6'),
	(158, 9, 7, 1350, 'Head of Agency', 'city_6', 'city_6'),
	(159, 9, 8, 1550, 'Agent NATs. Securities', 'city_6', 'city_6'),
	(160, 9, 9, 1700, 'Deputy Chief of Department', 'city_6', 'city_6'),
	(161, 9, 10, 1950, 'Chief of the Department', 'city_5', 'city_5'),
	(162, 9, 11, 2350, 'Head of Department', 'city_5', 'city_5'),
	(163, 9, 12, 2550, 'Inspector', 'city_5', 'city_5'),
	(164, 9, 13, 2850, 'Deputy of Director', 'city_5', 'city_5'),
	(165, 9, 14, 3100, 'Director', 'city_5', 'city_5'),
	(170, 10, 1, 100, 'Novicio', '', ''),
	(171, 10, 2, 200, 'Assosiato', '', ''),
	(172, 10, 3, 300, 'Combattente', '', ''),
	(173, 10, 4, 400, 'Soldato', '', ''),
	(174, 10, 5, 500, 'Man-O-War', '', ''),
	(175, 10, 6, 600, 'Sotto-Kapo', '', ''),
	(176, 10, 7, 700, 'Kapo', '', ''),
	(177, 10, 8, 800, 'Little Boss', '', ''),
	(178, 10, 9, 900, 'Consigliere', '', ''),
	(179, 10, 10, 1000, 'Don', '', ''),
	(188, 11, 1, 100, 'Шнырь', '', ''),
	(189, 11, 2, 200, 'Босяк', '', ''),
	(190, 11, 3, 300, 'Бык', '', ''),
	(191, 11, 4, 400, 'Барыга', '', ''),
	(192, 11, 5, 500, 'Блатной', '', ''),
	(193, 11, 6, 600, 'Фраер', '', ''),
	(194, 11, 7, 700, 'Браток', '', ''),
	(195, 11, 8, 800, 'Пахан', '', ''),
	(196, 11, 9, 900, 'Авторитет', '', ''),
	(197, 11, 10, 1000, 'Вор в законе', '', ''),
	(206, 12, 1, 100, 'Cyatay', '', ''),
	(207, 12, 2, 200, 'Kodai', '', ''),
	(208, 12, 3, 300, 'Syatai', '', ''),
	(209, 12, 4, 400, 'Fuku-Hombute', '', ''),
	(210, 12, 5, 500, 'Wakagasira', '', ''),
	(211, 12, 6, 600, 'So-Hombute', '', ''),
	(212, 12, 7, 700, 'Kambu', '', ''),
	(213, 12, 8, 800, 'Saiko-Komon', '', ''),
	(214, 12, 9, 900, 'Kumite', '', ''),
	(215, 12, 10, 1000, 'Oyadzi', '', ''),
	(224, 13, 1, 100, 'Ержан', '', ''),
	(225, 13, 2, 200, 'Лав Тха', '', ''),
	(226, 13, 3, 300, 'Хардах', '', ''),
	(227, 13, 4, 400, 'Анцагорц', '', ''),
	(228, 13, 5, 500, 'Джепкир', '', ''),
	(229, 13, 6, 600, 'Ехпайр', '', ''),
	(230, 13, 7, 700, 'Найох', '', ''),
	(231, 13, 8, 800, 'Гох', '', ''),
	(232, 13, 9, 900, 'Кероп', '', ''),
	(233, 13, 10, 1000, 'Баир', '', ''),
	(242, 14, 1, 350, 'Recruit', 'army_1', 'army_1'),
	(243, 14, 2, 450, 'Private', 'army_2', 'army_2'),
	(244, 14, 3, 650, 'Specialist', 'army_3', 'army_3'),
	(245, 14, 4, 800, 'Corporal', 'army_4', 'army_4'),
	(246, 14, 5, 900, 'Sergeant', 'army_5', 'army_5'),
	(247, 14, 6, 600, 'Staff Sergeant', 'army_6', 'army_6'),
	(248, 14, 7, 700, 'Master Segeant', 'army_7', 'army_7'),
	(249, 14, 8, 800, 'Sergeant Major', 'army_8', 'army_8'),
	(250, 14, 9, 900, 'Warrant Officer', 'army_9', 'army_9'),
	(251, 14, 10, 1050, 'Lieutenant', 'army_10', 'army_10'),
	(252, 14, 11, 1350, 'Captain', 'army_11', 'army_11'),
	(253, 14, 12, 1550, 'Major', 'army_12', 'army_12'),
	(254, 14, 13, 1750, 'Colonel', 'army_13', 'army_13'),
	(255, 14, 14, 2200, 'General lieutenant', 'army_14', 'army_14'),
	(256, 14, 15, 2600, 'General', 'army_15', 'army_15'),
	(259, 15, 1, 300, 'Trainee', '', ''),
	(260, 15, 2, 500, 'Journalist', '', ''),
	(261, 15, 3, 700, 'Specialist', ' ', ''),
	(262, 15, 4, 900, 'Mentor', ' ', ' '),
	(263, 15, 5, 1100, 'Photographer', ' ', ' '),
	(264, 15, 6, 1250, 'Rewriter', ' ', ' '),
	(265, 15, 7, 1350, 'Assistant Editor', ' ', ' '),
	(266, 15, 8, 1500, 'Operator', ' ', ' '),
	(267, 15, 9, 1600, 'Personnel Manager', ' ', ' '),
	(268, 15, 10, 1750, 'Chief Editor', ' ', ' '),
	(269, 15, 11, 1850, 'Producer', ' ', ' '),
	(270, 15, 12, 1900, 'Chief Manager', ' ', ' '),
	(271, 15, 13, 2100, 'Head Editor', ' ', ' '),
	(272, 15, 14, 2200, 'Head Presenter', ' ', ' '),
	(273, 15, 15, 2250, 'Head Manager', ' ', ' '),
	(274, 15, 16, 2400, 'Deputy General Director', ' ', ' '),
	(275, 15, 17, 2600, 'General Director', ' ', ' '),
	(277, 16, 0, 0, 'rank_0', 'police_1', 'police_1'),
	(278, 16, 1, 100, 'rank_1', 'police_1', 'police_1'),
	(279, 16, 2, 200, 'rank_2', 'police_1', 'police_1'),
	(280, 16, 3, 300, 'rank_3', 'police_1', 'police_1'),
	(281, 16, 4, 400, 'rank_4', 'police_1', 'police_1'),
	(282, 16, 5, 500, 'rank_5', 'police_1', 'police_1'),
	(283, 16, 6, 600, 'rank_6', 'police_1', 'police_1'),
	(284, 16, 7, 700, 'rank_7', 'police_1', 'police_1'),
	(285, 16, 8, 800, 'rank_8', 'police_1', 'police_1'),
	(286, 16, 9, 900, 'rank_9', 'police_1', 'police_1'),
	(287, 16, 10, 1000, 'rank_10', 'police_1', 'police_1'),
	(288, 16, 11, 1100, 'rank_11', 'police_1', 'police_1'),
	(289, 16, 12, 1200, 'rank_12', 'police_1', 'police_1'),
	(290, 16, 13, 1300, 'rank_13', 'police_1', 'police_1'),
	(291, 16, 14, 1400, 'rank_14', 'police_1', 'police_1'),
	(292, 16, 15, 1500, 'rank_15', 'police_1', 'police_1'),
	(293, 16, 16, 1600, 'rank_16', 'police_1', 'police_1'),
	(294, 16, 17, 1700, 'rank_17', 'police_1', 'police_1'),
	(295, 17, 0, 0, 'rank_0', 'police_1', 'police_1'),
	(296, 17, 1, 100, 'rank_1', 'police_1', 'police_1'),
	(297, 17, 2, 200, 'rank_2', 'police_1', 'police_1'),
	(298, 17, 3, 300, 'rank_3', 'police_1', 'police_1'),
	(299, 17, 4, 400, 'rank_4', 'police_1', 'police_1'),
	(300, 17, 5, 500, 'rank_5', 'police_1', 'police_1'),
	(301, 17, 6, 600, 'rank_6', 'police_1', 'police_1'),
	(302, 17, 7, 700, 'rank_7', 'police_1', 'police_1'),
	(303, 17, 8, 800, 'rank_8', 'police_1', 'police_1'),
	(304, 17, 9, 900, 'rank_9', 'police_1', 'police_1'),
	(305, 17, 10, 1000, 'rank_10', 'police_1', 'police_1'),
	(306, 17, 11, 1100, 'rank_11', 'police_1', 'police_1'),
	(307, 17, 12, 1200, 'rank_12', 'police_1', 'police_1'),
	(308, 17, 13, 1300, 'rank_13', 'police_1', 'police_1'),
	(309, 17, 14, 1400, 'rank_14', 'police_1', 'police_1'),
	(310, 17, 15, 1500, 'rank_15', 'police_1', 'police_1'),
	(311, 17, 16, 1600, 'rank_16', 'police_1', 'police_1'),
	(312, 17, 17, 1700, 'rank_17', 'police_1', 'police_1'),
	(313, 18, 1, 300, 'Кадет', 'sheriff_1', 'sheriff_1'),
	(314, 18, 2, 400, 'Стёпка 2 уровня', 'sheriff_1', 'sheriff_1'),
	(315, 18, 3, 500, 'Стёпка 3 уровня', 'sheriff_2', 'sheriff_2'),
	(316, 18, 4, 600, 'Стёпка 4 уровня', 'sheriff_2', 'sheriff_2'),
	(317, 18, 5, 700, 'Стёпка 5 уровня', 'sheriff_3', 'sheriff_3'),
	(318, 18, 6, 800, 'Стёпка 6 уровня', 'sheriff_4', 'sheriff_4'),
	(319, 18, 7, 900, 'Стёпка 7 уровня', 'sheriff_4', 'sheriff_4'),
	(320, 18, 8, 1000, 'Стёпка 8 уровня', 'sheriff_4', 'sheriff_4'),
	(321, 18, 9, 1100, 'Стёпка 9 уровня', 'sheriff_5', 'sheriff_5'),
	(322, 18, 10, 1200, 'Стёпка 10 уровня', 'sheriff_6', 'sheriff_6'),
	(323, 18, 11, 1300, 'Стёпка 11 уровня', 'sheriff_7', 'sheriff_7'),
	(324, 18, 12, 1500, 'Стёпка 12 уровня', 'sheriff_8', 'sheriff_8'),
	(325, 18, 13, 3000, 'Стёпка 13 уровня', 'sheriff_8', 'sheriff_8'),
	(326, 18, 14, 6600, 'Стёпка 14 уровня', 'sheriff_8', 'sheriff_8');
/*!40000 ALTER TABLE `fractionranks` ENABLE KEYS */;

-- Дамп структуры для таблица iteffa.fractions
CREATE TABLE IF NOT EXISTS `fractions` (
  `id` int(155) NOT NULL,
  `drugs` int(155) NOT NULL,
  `money` int(155) NOT NULL,
  `mats` int(155) NOT NULL,
  `medkits` int(155) NOT NULL,
  `lastserial` text NOT NULL,
  `weapons` text NOT NULL,
  `isopen` tinyint(1) NOT NULL,
  `fuellimit` int(155) NOT NULL,
  `fuelleft` int(155) NOT NULL,
  PRIMARY KEY (`id`)
) ENGINE=InnoDB DEFAULT CHARSET=utf8;

-- Дамп данных таблицы iteffa.fractions: ~18 rows (приблизительно)
/*!40000 ALTER TABLE `fractions` DISABLE KEYS */;
INSERT INTO `fractions` (`id`, `drugs`, `money`, `mats`, `medkits`, `lastserial`, `weapons`, `isopen`, `fuellimit`, `fuelleft`) VALUES
	(1, 0, 100000, 10000, 50, '1', '[]', 1, 200, 150),
	(2, 0, 100000, 10000, 50, '1', '[]', 1, 200, 150),
	(3, 0, 100000, 10000, 50, '1', '[]', 1, 200, 150),
	(4, 0, 100000, 10000, 50, '1', '[]', 1, 200, 150),
	(5, 0, 100000, 10000, 50, '1', '[]', 1, 200, 150),
	(6, 0, 133000, 10000, 50, '1', '[]', 1, 200, 150),
	(7, 0, 100000, 10000, 48, '1', '[]', 1, 200, 150),
	(8, 0, 100000, 10000, 50, '1', '[]', 1, 200, 150),
	(9, 0, 100000, 10000, 46, '1', '[]', 1, 200, 150),
	(10, 0, 100000, 10000, 50, '1', '[]', 1, 200, 150),
	(11, 0, 100000, 10000, 50, '1', '[]', 0, 200, 150),
	(12, 0, 100000, 10000, 50, '1', '[]', 1, 200, 150),
	(13, 0, 100000, 10000, 50, '1', '[]', 1, 200, 150),
	(14, 0, 100000, 10000, 50, '1', '[]', 1, 200, 150),
	(15, 0, 100000, 10000, 50, '1', '[]', 1, 200, 150),
	(16, 0, 100000, 10000, 50, '1', '[]', 1, 200, 150),
	(17, 0, 100000, 10000, 50, '1', '[]', 1, 200, 150),
	(18, 0, 100000, 10000, 50, '1', '[]', 1, 200, 150);
/*!40000 ALTER TABLE `fractions` ENABLE KEYS */;

-- Дамп структуры для таблица iteffa.fractionvehicles
CREATE TABLE IF NOT EXISTS `fractionvehicles` (
  `fraction` int(155) NOT NULL,
  `number` text NOT NULL,
  `components` text NOT NULL,
  `model` text NOT NULL,
  `position` text NOT NULL,
  `rotation` text NOT NULL,
  `rank` int(155) NOT NULL,
  `colorprim` int(11) NOT NULL,
  `colorsec` int(11) NOT NULL,
  `idkey` int(11) NOT NULL AUTO_INCREMENT,
  PRIMARY KEY (`idkey`)
) ENGINE=InnoDB AUTO_INCREMENT=320 DEFAULT CHARSET=utf8;

-- Дамп данных таблицы iteffa.fractionvehicles: ~294 rows (приблизительно)
/*!40000 ALTER TABLE `fractionvehicles` DISABLE KEYS */;
INSERT INTO `fractionvehicles` (`fraction`, `number`, `components`, `model`, `position`, `rotation`, `rank`, `colorprim`, `colorsec`, `idkey`) VALUES
	(10, 'LCN01', '{"PrimColor":{"Red":0,"Green":0,"Blue":0,"Alpha":255},"SecColor":{"Red":0,"Green":0,"Blue":0,"Alpha":255},"PrimModColor":-1,"SecModColor":-1,"Muffler":-1,"SideSkirt":-1,"Hood":-1,"Spoiler":-1,"Lattice":-1,"Wings":-1,"Roof":-1,"Vinyls":-1,"FrontBumper":-1,"RearBumper":-1,"Engine":-1,"Turbo":-1,"Horn":-1,"Transmission":-1,"WindowTint":0,"Suspension":-1,"Brakes":-1,"Headlights":-1,"NumberPlate":0,"Wheels":-1,"WheelsType":0,"WheelsColor":0,"NeonColor":{"Red":0,"Green":0,"Blue":0,"Alpha":0},"Armor":-1}', 'coquette3', '{"x":-1891.87451,"y":2032.92944,"z":141.156082}', '{"x":-0.0009527655,"y":-0.0613439381,"z":159.274536}', 2, 1, 1, 1),
	(10, 'LCN02', '{"PrimColor":{"Red":0,"Green":0,"Blue":0,"Alpha":255},"SecColor":{"Red":0,"Green":0,"Blue":0,"Alpha":255},"PrimModColor":-1,"SecModColor":-1,"Muffler":-1,"SideSkirt":-1,"Hood":-1,"Spoiler":-1,"Lattice":-1,"Wings":-1,"Roof":-1,"Vinyls":-1,"FrontBumper":-1,"RearBumper":-1,"Engine":-1,"Turbo":-1,"Horn":-1,"Transmission":-1,"WindowTint":0,"Suspension":-1,"Brakes":-1,"Headlights":-1,"NumberPlate":0,"Wheels":-1,"WheelsType":0,"WheelsColor":0,"NeonColor":{"Red":0,"Green":0,"Blue":0,"Alpha":0},"Armor":-1}', 'coquette3', '{"x":-1887.943,"y":2031.50989,"z":141.147614}', '{"x":-0.03901101,"y":-0.161406264,"z":159.49646}', 2, 1, 1, 2),
	(10, 'LCN03', '{"PrimColor":{"Red":0,"Green":0,"Blue":0,"Alpha":255},"SecColor":{"Red":0,"Green":0,"Blue":0,"Alpha":255},"PrimModColor":-1,"SecModColor":-1,"Muffler":-1,"SideSkirt":-1,"Hood":-1,"Spoiler":-1,"Lattice":-1,"Wings":-1,"Roof":-1,"Vinyls":-1,"FrontBumper":-1,"RearBumper":-1,"Engine":-1,"Turbo":-1,"Horn":-1,"Transmission":-1,"WindowTint":0,"Suspension":-1,"Brakes":-1,"Headlights":-1,"NumberPlate":0,"Wheels":-1,"WheelsType":0,"WheelsColor":0,"NeonColor":{"Red":0,"Green":0,"Blue":0,"Alpha":0},"Armor":-1}', 'stafford', '{"x":-1906.001,"y":2021.361,"z":141.294373}', '{"x":0.7463237,"y":0.115703262,"z":271.078918}', 2, 1, 1, 3),
	(10, 'LCN04', '{"PrimColor":{"Red":0,"Green":0,"Blue":0,"Alpha":255},"SecColor":{"Red":0,"Green":0,"Blue":0,"Alpha":255},"PrimModColor":-1,"SecModColor":-1,"Muffler":-1,"SideSkirt":-1,"Hood":-1,"Spoiler":-1,"Lattice":-1,"Wings":-1,"Roof":-1,"Vinyls":-1,"FrontBumper":-1,"RearBumper":-1,"Engine":-1,"Turbo":-1,"Horn":-1,"Transmission":-1,"WindowTint":0,"Suspension":-1,"Brakes":-1,"Headlights":-1,"NumberPlate":0,"Wheels":-1,"WheelsType":0,"WheelsColor":0,"NeonColor":{"Red":0,"Green":0,"Blue":0,"Alpha":0},"Armor":-1}', 'stafford', '{"x":-1906.02783,"y":2017.00854,"z":141.459991}', '{"x":3.725258,"y":-0.152340829,"z":269.970825}', 2, 1, 1, 4),
	(10, 'LCN05', '{"PrimColor":{"Red":0,"Green":0,"Blue":0,"Alpha":255},"SecColor":{"Red":0,"Green":0,"Blue":0,"Alpha":255},"PrimModColor":-1,"SecModColor":-1,"Muffler":-1,"SideSkirt":-1,"Hood":-1,"Spoiler":-1,"Lattice":-1,"Wings":-1,"Roof":-1,"Vinyls":-1,"FrontBumper":-1,"RearBumper":-1,"Engine":-1,"Turbo":-1,"Horn":-1,"Transmission":-1,"WindowTint":0,"Suspension":-1,"Brakes":-1,"Headlights":-1,"NumberPlate":0,"Wheels":-1,"WheelsType":0,"WheelsColor":0,"NeonColor":{"Red":0,"Green":0,"Blue":0,"Alpha":0},"Armor":-1}', 'glendale', '{"x":-1895.74011,"y":2034.41565,"z":141.44429}', '{"x":0.0504181348,"y":-0.00739740534,"z":157.938171}', 2, 1, 1, 5),
	(10, 'LCN06', '{"PrimColor":{"Red":0,"Green":0,"Blue":0,"Alpha":255},"SecColor":{"Red":0,"Green":0,"Blue":0,"Alpha":255},"PrimModColor":-1,"SecModColor":-1,"Muffler":-1,"SideSkirt":-1,"Hood":-1,"Spoiler":-1,"Lattice":-1,"Wings":-1,"Roof":-1,"Vinyls":-1,"FrontBumper":-1,"RearBumper":-1,"Engine":-1,"Turbo":-1,"Horn":-1,"Transmission":-1,"WindowTint":0,"Suspension":-1,"Brakes":-1,"Headlights":-1,"NumberPlate":0,"Wheels":-1,"WheelsType":0,"WheelsColor":0,"NeonColor":{"Red":0,"Green":0,"Blue":0,"Alpha":0},"Armor":-1}', 'glendale', '{"x":-1899.8186,"y":2035.986,"z":141.443542}', '{"x":0.04768836,"y":0.09334479,"z":161.2088}', 2, 1, 1, 6),
	(10, 'LCN07', '{"PrimColor":{"Red":0,"Green":0,"Blue":0,"Alpha":255},"SecColor":{"Red":0,"Green":0,"Blue":0,"Alpha":255},"PrimModColor":-1,"SecModColor":-1,"Muffler":-1,"SideSkirt":-1,"Hood":-1,"Spoiler":-1,"Lattice":-1,"Wings":-1,"Roof":-1,"Vinyls":-1,"FrontBumper":-1,"RearBumper":-1,"Engine":-1,"Turbo":-1,"Horn":-1,"Transmission":-1,"WindowTint":0,"Suspension":-1,"Brakes":-1,"Headlights":-1,"NumberPlate":0,"Wheels":-1,"WheelsType":0,"WheelsColor":0,"NeonColor":{"Red":0,"Green":0,"Blue":0,"Alpha":0},"Armor":-1}', 'glendale', '{"x":-1906.12488,"y":2012.81152,"z":141.778671}', '{"x":4.954901,"y":-0.349262357,"z":267.095551}', 2, 1, 1, 7),
	(10, 'LCN08', '{"PrimColor":{"Red":0,"Green":0,"Blue":0,"Alpha":255},"SecColor":{"Red":0,"Green":0,"Blue":0,"Alpha":255},"PrimModColor":-1,"SecModColor":-1,"Muffler":-1,"SideSkirt":-1,"Hood":-1,"Spoiler":-1,"Lattice":-1,"Wings":-1,"Roof":-1,"Vinyls":-1,"FrontBumper":-1,"RearBumper":-1,"Engine":-1,"Turbo":-1,"Horn":-1,"Transmission":-1,"WindowTint":0,"Suspension":-1,"Brakes":-1,"Headlights":-1,"NumberPlate":0,"Wheels":-1,"WheelsType":0,"WheelsColor":0,"NeonColor":{"Red":0,"Green":0,"Blue":0,"Alpha":0},"Armor":-1}', 'coquette3', '{"x":-1883.861,"y":2030.06189,"z":140.994965}', '{"x":-0.771233737,"y":-3.49690461,"z":161.210632}', 2, 1, 1, 8),
	(10, 'LCN09', '{"PrimColor":{"Red":0,"Green":0,"Blue":0,"Alpha":255},"SecColor":{"Red":0,"Green":0,"Blue":0,"Alpha":255},"PrimModColor":-1,"SecModColor":-1,"Muffler":-1,"SideSkirt":-1,"Hood":-1,"Spoiler":-1,"Lattice":-1,"Wings":-1,"Roof":-1,"Vinyls":-1,"FrontBumper":-1,"RearBumper":-1,"Engine":-1,"Turbo":-1,"Horn":-1,"Transmission":-1,"WindowTint":0,"Suspension":-1,"Brakes":-1,"Headlights":-1,"NumberPlate":0,"Wheels":-1,"WheelsType":0,"WheelsColor":0,"NeonColor":{"Red":0,"Green":0,"Blue":0,"Alpha":0},"Armor":-1}', 'glendale', '{"x":-1906.05188,"y":2008.65308,"z":142.085434}', '{"x":3.58836365,"y":-0.7490522,"z":271.2846}', 2, 1, 1, 9),
	(10, 'LCN10', '{"PrimColor":{"Red":0,"Green":0,"Blue":0,"Alpha":255},"SecColor":{"Red":0,"Green":0,"Blue":0,"Alpha":255},"PrimModColor":-1,"SecModColor":-1,"Muffler":-1,"SideSkirt":-1,"Hood":-1,"Spoiler":-1,"Lattice":-1,"Wings":-1,"Roof":-1,"Vinyls":-1,"FrontBumper":-1,"RearBumper":-1,"Engine":-1,"Turbo":-1,"Horn":-1,"Transmission":-1,"WindowTint":0,"Suspension":-1,"Brakes":-1,"Headlights":-1,"NumberPlate":0,"Wheels":-1,"WheelsType":0,"WheelsColor":0,"NeonColor":{"Red":0,"Green":0,"Blue":0,"Alpha":0},"Armor":-1}', 'glendale', '{"x":-1906.178,"y":2004.20483,"z":142.355209}', '{"x":3.13344145,"y":-0.469653368,"z":270.050232}', 2, 1, 1, 10),
	(10, 'LCN11', '{"PrimColor":{"Red":0,"Green":0,"Blue":0,"Alpha":255},"SecColor":{"Red":0,"Green":0,"Blue":0,"Alpha":255},"PrimModColor":-1,"SecModColor":-1,"Muffler":-1,"SideSkirt":-1,"Hood":-1,"Spoiler":-1,"Lattice":-1,"Wings":-1,"Roof":-1,"Vinyls":-1,"FrontBumper":-1,"RearBumper":-1,"Engine":-1,"Turbo":-1,"Horn":-1,"Transmission":-1,"WindowTint":0,"Suspension":-1,"Brakes":-1,"Headlights":-1,"NumberPlate":0,"Wheels":-1,"WheelsType":0,"WheelsColor":0,"NeonColor":{"Red":0,"Green":0,"Blue":0,"Alpha":0},"Armor":-1}', 'glendale', '{"x":-1905.83728,"y":2000.2821,"z":142.489883}', '{"x":1.5720619,"y":-1.67553318,"z":269.9895}', 2, 1, 1, 11),
	(10, 'LCN12', '{"PrimColor":{"Red":0,"Green":0,"Blue":0,"Alpha":255},"SecColor":{"Red":0,"Green":0,"Blue":0,"Alpha":255},"PrimModColor":-1,"SecModColor":-1,"Muffler":-1,"SideSkirt":-1,"Hood":-1,"Spoiler":-1,"Lattice":-1,"Wings":-1,"Roof":-1,"Vinyls":-1,"FrontBumper":-1,"RearBumper":-1,"Engine":-1,"Turbo":-1,"Horn":-1,"Transmission":-1,"WindowTint":0,"Suspension":-1,"Brakes":-1,"Headlights":-1,"NumberPlate":0,"Wheels":-1,"WheelsType":0,"WheelsColor":0,"NeonColor":{"Red":0,"Green":0,"Blue":0,"Alpha":0},"Armor":-1}', 'Casco', '{"x":-1924.02332,"y":2036.42419,"z":140.921417}', '{"x":-0.04249827,"y":-0.304260224,"z":255.861053}', 2, 1, 1, 12),
	(10, 'LCN13', '{"PrimColor":{"Red":0,"Green":0,"Blue":0,"Alpha":255},"SecColor":{"Red":0,"Green":0,"Blue":0,"Alpha":255},"PrimModColor":-1,"SecModColor":-1,"Muffler":-1,"SideSkirt":-1,"Hood":-1,"Spoiler":-1,"Lattice":-1,"Wings":-1,"Roof":-1,"Vinyls":-1,"FrontBumper":-1,"RearBumper":-1,"Engine":-1,"Turbo":-1,"Horn":-1,"Transmission":-1,"WindowTint":0,"Suspension":-1,"Brakes":-1,"Headlights":-1,"NumberPlate":0,"Wheels":-1,"WheelsType":0,"WheelsColor":0,"NeonColor":{"Red":0,"Green":0,"Blue":0,"Alpha":0},"Armor":-1}', 'Casco', '{"x":-1922.2312,"y":2044.57813,"z":140.92395}', '{"x":-0.0664761662,"y":-0.203426033,"z":258.67923}', 2, 1, 1, 13),
	(10, 'LCN14', '{"PrimColor":{"Red":0,"Green":0,"Blue":0,"Alpha":255},"SecColor":{"Red":0,"Green":0,"Blue":0,"Alpha":255},"PrimModColor":-1,"SecModColor":-1,"Muffler":-1,"SideSkirt":-1,"Hood":-1,"Spoiler":-1,"Lattice":-1,"Wings":-1,"Roof":-1,"Vinyls":-1,"FrontBumper":-1,"RearBumper":-1,"Engine":-1,"Turbo":-1,"Horn":-1,"Transmission":-1,"WindowTint":0,"Suspension":-1,"Brakes":-1,"Headlights":-1,"NumberPlate":0,"Wheels":-1,"WheelsType":0,"WheelsColor":0,"NeonColor":{"Red":0,"Green":0,"Blue":0,"Alpha":0},"Armor":-1}', 'Casco', '{"x":-1919.48584,"y":2057.005,"z":140.924}', '{"x":-0.06477639,"y":-0.200538442,"z":259.558044}', 2, 1, 1, 14),
	(10, 'LCN15', '{"PrimColor":{"Red":0,"Green":0,"Blue":0,"Alpha":255},"SecColor":{"Red":0,"Green":0,"Blue":0,"Alpha":255},"PrimModColor":-1,"SecModColor":-1,"Muffler":-1,"SideSkirt":-1,"Hood":-1,"Spoiler":-1,"Lattice":-1,"Wings":-1,"Roof":-1,"Vinyls":-1,"FrontBumper":-1,"RearBumper":-1,"Engine":-1,"Turbo":-1,"Horn":-1,"Transmission":-1,"WindowTint":0,"Suspension":-1,"Brakes":-1,"Headlights":-1,"NumberPlate":0,"Wheels":-1,"WheelsType":0,"WheelsColor":0,"NeonColor":{"Red":0,"Green":0,"Blue":0,"Alpha":0},"Armor":-1}', 'Youga2', '{"x":-1920.51636,"y":2053.00122,"z":141.696487}', '{"x":-0.0547096245,"y":0.179495484,"z":257.564331}', 2, 1, 1, 15),
	(10, 'LCN16', '{"PrimColor":{"Red":0,"Green":0,"Blue":0,"Alpha":255},"SecColor":{"Red":0,"Green":0,"Blue":0,"Alpha":255},"PrimModColor":-1,"SecModColor":-1,"Muffler":-1,"SideSkirt":-1,"Hood":-1,"Spoiler":-1,"Lattice":-1,"Wings":-1,"Roof":-1,"Vinyls":-1,"FrontBumper":-1,"RearBumper":-1,"Engine":-1,"Turbo":-1,"Horn":-1,"Transmission":-1,"WindowTint":0,"Suspension":-1,"Brakes":-1,"Headlights":-1,"NumberPlate":0,"Wheels":-1,"WheelsType":0,"WheelsColor":0,"NeonColor":{"Red":0,"Green":0,"Blue":0,"Alpha":0},"Armor":-1}', 'Youga2', '{"x":-1921.47168,"y":2048.91113,"z":141.6962}', '{"x":-0.0585193932,"y":0.152914748,"z":258.0224}', 2, 1, 1, 16),
	(10, 'LCN17', '{"PrimColor":{"Red":0,"Green":0,"Blue":0,"Alpha":255},"SecColor":{"Red":0,"Green":0,"Blue":0,"Alpha":255},"PrimModColor":-1,"SecModColor":-1,"Muffler":-1,"SideSkirt":-1,"Hood":-1,"Spoiler":-1,"Lattice":-1,"Wings":-1,"Roof":-1,"Vinyls":-1,"FrontBumper":-1,"RearBumper":-1,"Engine":-1,"Turbo":-1,"Horn":-1,"Transmission":-1,"WindowTint":0,"Suspension":-1,"Brakes":-1,"Headlights":-1,"NumberPlate":0,"Wheels":-1,"WheelsType":0,"WheelsColor":0,"NeonColor":{"Red":0,"Green":0,"Blue":0,"Alpha":0},"Armor":-1}', 'Youga2', '{"x":-1923.32141,"y":2040.61084,"z":141.696152}', '{"x":-0.0592613369,"y":0.173576117,"z":257.14856}', 2, 1, 1, 17),
	(7, 'LAPD01', '{"PrimColor":{"Red":0,"Green":0,"Blue":0,"Alpha":255},"SecColor":{"Red":0,"Green":0,"Blue":0,"Alpha":255},"PrimModColor":-1,"SecModColor":-1,"Muffler":-1,"SideSkirt":-1,"Hood":-1,"Spoiler":-1,"Lattice":-1,"Wings":-1,"Roof":-1,"Vinyls":-1,"FrontBumper":-1,"RearBumper":-1,"Engine":-1,"Turbo":-1,"Horn":-1,"Transmission":-1,"WindowTint":0,"Suspension":-1,"Brakes":-1,"Headlights":-1,"NumberPlate":0,"Wheels":-1,"WheelsType":0,"WheelsColor":0,"NeonColor":{"Red":0,"Green":0,"Blue":0,"Alpha":0},"Armor":-1}', 'police2', '{"x":408.606171,"y":-980.597046,"z":29.88254}', '{"x":-0.03829668,"y":-0.0533039644,"z":235.732819}', 2, 131, 131, 18),
	(7, 'LAPD02', '{"PrimColor":{"Red":0,"Green":0,"Blue":0,"Alpha":255},"SecColor":{"Red":0,"Green":0,"Blue":0,"Alpha":255},"PrimModColor":-1,"SecModColor":-1,"Muffler":-1,"SideSkirt":-1,"Hood":-1,"Spoiler":-1,"Lattice":-1,"Wings":-1,"Roof":-1,"Vinyls":-1,"FrontBumper":-1,"RearBumper":-1,"Engine":-1,"Turbo":-1,"Horn":-1,"Transmission":-1,"WindowTint":0,"Suspension":-1,"Brakes":-1,"Headlights":-1,"NumberPlate":0,"Wheels":-1,"WheelsType":0,"WheelsColor":0,"NeonColor":{"Red":0,"Green":0,"Blue":0,"Alpha":0},"Armor":-1}', 'police2', '{"x":408.471039,"y":-984.941,"z":29.8808937}', '{"x":-0.04821427,"y":0.0371327437,"z":235.953125}', 2, 131, 131, 19),
	(7, 'LAPD03', '{"PrimColor":{"Red":0,"Green":0,"Blue":0,"Alpha":255},"SecColor":{"Red":0,"Green":0,"Blue":0,"Alpha":255},"PrimModColor":-1,"SecModColor":-1,"Muffler":-1,"SideSkirt":-1,"Hood":-1,"Spoiler":-1,"Lattice":-1,"Wings":-1,"Roof":-1,"Vinyls":-1,"FrontBumper":-1,"RearBumper":-1,"Engine":-1,"Turbo":-1,"Horn":-1,"Transmission":-1,"WindowTint":0,"Suspension":-1,"Brakes":-1,"Headlights":-1,"NumberPlate":0,"Wheels":-1,"WheelsType":0,"WheelsColor":0,"NeonColor":{"Red":0,"Green":0,"Blue":0,"Alpha":0},"Armor":-1}', 'police2', '{"x":407.980621,"y":-988.907043,"z":29.8809}', '{"x":-0.0282690562,"y":0.0361474976,"z":234.817032}', 2, 131, 131, 20),
	(7, 'LAPD04', '{"PrimColor":{"Red":0,"Green":0,"Blue":0,"Alpha":255},"SecColor":{"Red":0,"Green":0,"Blue":0,"Alpha":255},"PrimModColor":-1,"SecModColor":-1,"Muffler":-1,"SideSkirt":-1,"Hood":-1,"Spoiler":-1,"Lattice":-1,"Wings":-1,"Roof":-1,"Vinyls":-1,"FrontBumper":-1,"RearBumper":-1,"Engine":-1,"Turbo":-1,"Horn":-1,"Transmission":-1,"WindowTint":0,"Suspension":-1,"Brakes":-1,"Headlights":-1,"NumberPlate":0,"Wheels":-1,"WheelsType":0,"WheelsColor":0,"NeonColor":{"Red":0,"Green":0,"Blue":0,"Alpha":0},"Armor":-1}', 'police2', '{"x":407.804962,"y":-993.337952,"z":29.8815842}', '{"x":-0.0281952545,"y":0.0451509729,"z":235.044373}', 2, 131, 131, 21),
	(7, 'LAPD05', '{"PrimColor":{"Red":0,"Green":0,"Blue":0,"Alpha":255},"SecColor":{"Red":0,"Green":0,"Blue":0,"Alpha":255},"PrimModColor":-1,"SecModColor":-1,"Muffler":-1,"SideSkirt":-1,"Hood":-1,"Spoiler":-1,"Lattice":-1,"Wings":-1,"Roof":-1,"Vinyls":-1,"FrontBumper":-1,"RearBumper":-1,"Engine":-1,"Turbo":-1,"Horn":-1,"Transmission":-1,"WindowTint":0,"Suspension":-1,"Brakes":-1,"Headlights":-1,"NumberPlate":0,"Wheels":-1,"WheelsType":0,"WheelsColor":0,"NeonColor":{"Red":0,"Green":0,"Blue":0,"Alpha":0},"Armor":-1}', 'police2', '{"x":407.900116,"y":-997.967,"z":29.8808975}', '{"x":-0.02906757,"y":0.0158397835,"z":235.45784}', 2, 131, 131, 22),
	(7, 'LAPD06', '{"PrimColor":{"Red":0,"Green":0,"Blue":0,"Alpha":255},"SecColor":{"Red":0,"Green":0,"Blue":0,"Alpha":255},"PrimModColor":-1,"SecModColor":-1,"Muffler":-1,"SideSkirt":-1,"Hood":-1,"Spoiler":-1,"Lattice":-1,"Wings":-1,"Roof":-1,"Vinyls":-1,"FrontBumper":-1,"RearBumper":-1,"Engine":-1,"Turbo":-1,"Horn":-1,"Transmission":-1,"WindowTint":0,"Suspension":-1,"Brakes":-1,"Headlights":-1,"NumberPlate":0,"Wheels":-1,"WheelsType":0,"WheelsColor":0,"NeonColor":{"Red":0,"Green":0,"Blue":0,"Alpha":0},"Armor":-1}', 'police2', '{"x":427.670532,"y":-1027.56616,"z":29.5975227}', '{"x":0.0837326646,"y":-1.0014782,"z":181.209335}', 2, 131, 131, 23),
	(7, 'LAPD07', '{"PrimColor":{"Red":0,"Green":0,"Blue":0,"Alpha":255},"SecColor":{"Red":0,"Green":0,"Blue":0,"Alpha":255},"PrimModColor":-1,"SecModColor":-1,"Muffler":-1,"SideSkirt":-1,"Hood":-1,"Spoiler":-1,"Lattice":-1,"Wings":-1,"Roof":-1,"Vinyls":-1,"FrontBumper":-1,"RearBumper":-1,"Engine":-1,"Turbo":-1,"Horn":-1,"Transmission":-1,"WindowTint":0,"Suspension":-1,"Brakes":-1,"Headlights":-1,"NumberPlate":0,"Wheels":-1,"WheelsType":0,"WheelsColor":0,"NeonColor":{"Red":0,"Green":0,"Blue":0,"Alpha":0},"Armor":-1}', 'police2', '{"x":431.3752,"y":-1027.32751,"z":29.5315876}', '{"x":0.133291513,"y":-0.9909663,"z":181.986771}', 2, 131, 131, 24),
	(7, 'LAPD08', '{"PrimColor":{"Red":0,"Green":0,"Blue":0,"Alpha":255},"SecColor":{"Red":0,"Green":0,"Blue":0,"Alpha":255},"PrimModColor":-1,"SecModColor":-1,"Muffler":-1,"SideSkirt":-1,"Hood":-1,"Spoiler":-1,"Lattice":-1,"Wings":-1,"Roof":-1,"Vinyls":-1,"FrontBumper":-1,"RearBumper":-1,"Engine":-1,"Turbo":-1,"Horn":-1,"Transmission":-1,"WindowTint":0,"Suspension":-1,"Brakes":-1,"Headlights":-1,"NumberPlate":0,"Wheels":-1,"WheelsType":0,"WheelsColor":0,"NeonColor":{"Red":0,"Green":0,"Blue":0,"Alpha":0},"Armor":-1}', 'police', '{"x":435.1028,"y":-1026.90588,"z":29.45775}', '{"x":0.122874051,"y":-1.14026022,"z":181.551712}', 2, 131, 131, 25),
	(7, 'LAPD09', '{"PrimColor":{"Red":0,"Green":0,"Blue":0,"Alpha":255},"SecColor":{"Red":0,"Green":0,"Blue":0,"Alpha":255},"PrimModColor":-1,"SecModColor":-1,"Muffler":-1,"SideSkirt":-1,"Hood":-1,"Spoiler":-1,"Lattice":-1,"Wings":-1,"Roof":-1,"Vinyls":-1,"FrontBumper":-1,"RearBumper":-1,"Engine":-1,"Turbo":-1,"Horn":-1,"Transmission":-1,"WindowTint":0,"Suspension":-1,"Brakes":-1,"Headlights":-1,"NumberPlate":0,"Wheels":-1,"WheelsType":0,"WheelsColor":0,"NeonColor":{"Red":0,"Green":0,"Blue":0,"Alpha":0},"Armor":-1}', 'police', '{"x":438.8967,"y":-1026.74463,"z":29.3899212}', '{"x":0.2604583,"y":-1.13058233,"z":182.148819}', 2, 131, 131, 26),
	(7, 'LAPD10', '{"PrimColor":{"Red":0,"Green":0,"Blue":0,"Alpha":255},"SecColor":{"Red":0,"Green":0,"Blue":0,"Alpha":255},"PrimModColor":-1,"SecModColor":-1,"Muffler":-1,"SideSkirt":-1,"Hood":-1,"Spoiler":-1,"Lattice":-1,"Wings":-1,"Roof":-1,"Vinyls":-1,"FrontBumper":-1,"RearBumper":-1,"Engine":-1,"Turbo":-1,"Horn":-1,"Transmission":-1,"WindowTint":0,"Suspension":-1,"Brakes":-1,"Headlights":-1,"NumberPlate":0,"Wheels":-1,"WheelsType":0,"WheelsColor":0,"NeonColor":{"Red":0,"Green":0,"Blue":0,"Alpha":0},"Armor":-1}', 'police', '{"x":442.443268,"y":-1026.22412,"z":29.32362}', '{"x":0.2659855,"y":-1.13223863,"z":183.433823}', 2, 131, 131, 27),
	(7, 'LAPD11', '{"PrimColor":{"Red":0,"Green":0,"Blue":0,"Alpha":255},"SecColor":{"Red":0,"Green":0,"Blue":0,"Alpha":255},"PrimModColor":-1,"SecModColor":-1,"Muffler":-1,"SideSkirt":-1,"Hood":-1,"Spoiler":-1,"Lattice":-1,"Wings":-1,"Roof":-1,"Vinyls":-1,"FrontBumper":-1,"RearBumper":-1,"Engine":-1,"Turbo":-1,"Horn":-1,"Transmission":-1,"WindowTint":0,"Suspension":-1,"Brakes":-1,"Headlights":-1,"NumberPlate":0,"Wheels":-1,"WheelsType":0,"WheelsColor":0,"NeonColor":{"Red":0,"Green":0,"Blue":0,"Alpha":0},"Armor":-1}', 'police', '{"x":446.1411,"y":-1025.99548,"z":29.255373}', '{"x":0.272640258,"y":-1.16024923,"z":179.3706}', 2, 131, 131, 28),
	(7, 'LAPD12', '{"PrimColor":{"Red":0,"Green":0,"Blue":0,"Alpha":255},"SecColor":{"Red":0,"Green":0,"Blue":0,"Alpha":255},"PrimModColor":-1,"SecModColor":-1,"Muffler":-1,"SideSkirt":-1,"Hood":-1,"Spoiler":-1,"Lattice":-1,"Wings":-1,"Roof":-1,"Vinyls":-1,"FrontBumper":-1,"RearBumper":-1,"Engine":-1,"Turbo":-1,"Horn":-1,"Transmission":-1,"WindowTint":0,"Suspension":-1,"Brakes":-1,"Headlights":-1,"NumberPlate":0,"Wheels":-1,"WheelsType":0,"WheelsColor":0,"NeonColor":{"Red":0,"Green":0,"Blue":0,"Alpha":0},"Armor":-1}', 'police3', '{"x":458.8259,"y":-1080.23535,"z":29.9570827}', '{"x":-0.0624127872,"y":-0.00717170443,"z":89.91641}', 2, 131, 131, 29),
	(7, 'LAPD13', '{"PrimColor":{"Red":0,"Green":0,"Blue":0,"Alpha":255},"SecColor":{"Red":0,"Green":0,"Blue":0,"Alpha":255},"PrimModColor":-1,"SecModColor":-1,"Muffler":-1,"SideSkirt":-1,"Hood":-1,"Spoiler":-1,"Lattice":-1,"Wings":-1,"Roof":-1,"Vinyls":-1,"FrontBumper":-1,"RearBumper":-1,"Engine":-1,"Turbo":-1,"Horn":-1,"Transmission":-1,"WindowTint":0,"Suspension":-1,"Brakes":-1,"Headlights":-1,"NumberPlate":0,"Wheels":-1,"WheelsType":0,"WheelsColor":0,"NeonColor":{"Red":0,"Green":0,"Blue":0,"Alpha":0},"Armor":-1}', 'police3', '{"x":459.151642,"y":-1083.92139,"z":29.95946}', '{"x":0.0133234551,"y":-0.09659614,"z":89.13074}', 2, 131, 131, 30),
	(7, 'LAPD14', '{"PrimColor":{"Red":0,"Green":0,"Blue":0,"Alpha":255},"SecColor":{"Red":0,"Green":0,"Blue":0,"Alpha":255},"PrimModColor":-1,"SecModColor":-1,"Muffler":-1,"SideSkirt":-1,"Hood":-1,"Spoiler":-1,"Lattice":-1,"Wings":-1,"Roof":-1,"Vinyls":-1,"FrontBumper":-1,"RearBumper":-1,"Engine":-1,"Turbo":-1,"Horn":-1,"Transmission":-1,"WindowTint":0,"Suspension":-1,"Brakes":-1,"Headlights":-1,"NumberPlate":0,"Wheels":-1,"WheelsType":0,"WheelsColor":0,"NeonColor":{"Red":0,"Green":0,"Blue":0,"Alpha":0},"Armor":-1}', 'police3', '{"x":458.9592,"y":-1087.56641,"z":29.959507}', '{"x":0.0412859172,"y":-0.07715116,"z":88.67261}', 2, 131, 131, 31),
	(7, 'LAPD15', '{"PrimColor":{"Red":0,"Green":0,"Blue":0,"Alpha":255},"SecColor":{"Red":0,"Green":0,"Blue":0,"Alpha":255},"PrimModColor":-1,"SecModColor":-1,"Muffler":-1,"SideSkirt":-1,"Hood":-1,"Spoiler":-1,"Lattice":-1,"Wings":-1,"Roof":-1,"Vinyls":-1,"FrontBumper":-1,"RearBumper":-1,"Engine":-1,"Turbo":-1,"Horn":-1,"Transmission":-1,"WindowTint":0,"Suspension":-1,"Brakes":-1,"Headlights":-1,"NumberPlate":0,"Wheels":-1,"WheelsType":0,"WheelsColor":0,"NeonColor":{"Red":0,"Green":0,"Blue":0,"Alpha":0},"Armor":-1}', 'police3', '{"x":458.809265,"y":-1091.18726,"z":29.95959}', '{"x":0.05315715,"y":-0.0559824929,"z":89.85239}', 2, 131, 131, 32),
	(7, 'LAPD16', '{"PrimColor":{"Red":0,"Green":0,"Blue":0,"Alpha":255},"SecColor":{"Red":0,"Green":0,"Blue":0,"Alpha":255},"PrimModColor":-1,"SecModColor":-1,"Muffler":-1,"SideSkirt":-1,"Hood":-1,"Spoiler":-1,"Lattice":-1,"Wings":-1,"Roof":-1,"Vinyls":-1,"FrontBumper":-1,"RearBumper":-1,"Engine":-1,"Turbo":-1,"Horn":-1,"Transmission":-1,"WindowTint":0,"Suspension":-1,"Brakes":-1,"Headlights":-1,"NumberPlate":0,"Wheels":-1,"WheelsType":0,"WheelsColor":0,"NeonColor":{"Red":0,"Green":0,"Blue":0,"Alpha":0},"Armor":-1}', 'police3', '{"x":459.00235,"y":-1095.20923,"z":29.961853}', '{"x":0.336012781,"y":-0.1645193,"z":89.5392151}', 2, 131, 131, 33),
	(7, 'LAPD17', '{"PrimColor":{"Red":0,"Green":0,"Blue":0,"Alpha":255},"SecColor":{"Red":0,"Green":0,"Blue":0,"Alpha":255},"PrimModColor":-1,"SecModColor":-1,"Muffler":-1,"SideSkirt":-1,"Hood":-1,"Spoiler":-1,"Lattice":-1,"Wings":-1,"Roof":-1,"Vinyls":-1,"FrontBumper":-1,"RearBumper":-1,"Engine":-1,"Turbo":-1,"Horn":-1,"Transmission":-1,"WindowTint":0,"Suspension":-1,"Brakes":-1,"Headlights":-1,"NumberPlate":0,"Wheels":-1,"WheelsType":0,"WheelsColor":0,"NeonColor":{"Red":0,"Green":0,"Blue":0,"Alpha":0},"Armor":-1}', 'police3', '{"x":459.230835,"y":-1098.86047,"z":29.95835}', '{"x":0.0492166579,"y":-0.06822466,"z":89.9621}', 2, 131, 131, 34),
	(7, 'LAPD18', '{"PrimColor":{"Red":0,"Green":0,"Blue":0,"Alpha":255},"SecColor":{"Red":0,"Green":0,"Blue":0,"Alpha":255},"PrimModColor":-1,"SecModColor":-1,"Muffler":-1,"SideSkirt":-1,"Hood":-1,"Spoiler":-1,"Lattice":-1,"Wings":-1,"Roof":-1,"Vinyls":-1,"FrontBumper":-1,"RearBumper":-1,"Engine":-1,"Turbo":-1,"Horn":-1,"Transmission":-1,"WindowTint":0,"Suspension":-1,"Brakes":-1,"Headlights":-1,"NumberPlate":0,"Wheels":-1,"WheelsType":0,"WheelsColor":0,"NeonColor":{"Red":0,"Green":0,"Blue":0,"Alpha":0},"Armor":-1}', 'insurgent2', '{"x":459.836273,"y":-1109.00012,"z":30.128767}', '{"x":0.00183595682,"y":-0.03751734,"z":91.16739}', 2, 79, 79, 35),
	(7, 'LAPD19', '{"PrimColor":{"Red":0,"Green":0,"Blue":0,"Alpha":255},"SecColor":{"Red":0,"Green":0,"Blue":0,"Alpha":255},"PrimModColor":-1,"SecModColor":-1,"Muffler":-1,"SideSkirt":-1,"Hood":-1,"Spoiler":-1,"Lattice":-1,"Wings":-1,"Roof":-1,"Vinyls":-1,"FrontBumper":-1,"RearBumper":-1,"Engine":-1,"Turbo":-1,"Horn":-1,"Transmission":-1,"WindowTint":0,"Suspension":-1,"Brakes":-1,"Headlights":-1,"NumberPlate":0,"Wheels":-1,"WheelsType":0,"WheelsColor":0,"NeonColor":{"Red":0,"Green":0,"Blue":0,"Alpha":0},"Armor":-1}', 'insurgent2', '{"x":459.69,"y":-1113.049,"z":30.1285629}', '{"x":-0.07942933,"y":-0.06638036,"z":89.35437}', 2, 79, 79, 36),
	(7, 'LAPD20', '{"PrimColor":{"Red":0,"Green":0,"Blue":0,"Alpha":255},"SecColor":{"Red":0,"Green":0,"Blue":0,"Alpha":255},"PrimModColor":-1,"SecModColor":-1,"Muffler":-1,"SideSkirt":-1,"Hood":-1,"Spoiler":-1,"Lattice":-1,"Wings":-1,"Roof":-1,"Vinyls":-1,"FrontBumper":-1,"RearBumper":-1,"Engine":-1,"Turbo":-1,"Horn":-1,"Transmission":-1,"WindowTint":0,"Suspension":-1,"Brakes":-1,"Headlights":-1,"NumberPlate":0,"Wheels":-1,"WheelsType":0,"WheelsColor":0,"NeonColor":{"Red":0,"Green":0,"Blue":0,"Alpha":0},"Armor":-1}', 'neon', '{"x":485.9108,"y":-1079.70691,"z":29.8518867}', '{"x":0.10925559,"y":-0.5404598,"z":89.453}', 2, 79, 79, 37),
	(7, 'LAPD21', '{"PrimColor":{"Red":0,"Green":0,"Blue":0,"Alpha":255},"SecColor":{"Red":0,"Green":0,"Blue":0,"Alpha":255},"PrimModColor":-1,"SecModColor":-1,"Muffler":-1,"SideSkirt":-1,"Hood":-1,"Spoiler":-1,"Lattice":-1,"Wings":-1,"Roof":-1,"Vinyls":-1,"FrontBumper":-1,"RearBumper":-1,"Engine":-1,"Turbo":-1,"Horn":-1,"Transmission":-1,"WindowTint":0,"Suspension":-1,"Brakes":-1,"Headlights":-1,"NumberPlate":0,"Wheels":-1,"WheelsType":0,"WheelsColor":0,"NeonColor":{"Red":0,"Green":0,"Blue":0,"Alpha":0},"Armor":-1}', 'neon', '{"x":486.0302,"y":-1083.13538,"z":29.8541355}', '{"x":0.100654393,"y":-0.5514499,"z":88.80765}', 2, 79, 79, 38),
	(7, 'LAPD22', '{"PrimColor":{"Red":0,"Green":0,"Blue":0,"Alpha":255},"SecColor":{"Red":0,"Green":0,"Blue":0,"Alpha":255},"PrimModColor":-1,"SecModColor":-1,"Muffler":-1,"SideSkirt":-1,"Hood":-1,"Spoiler":-1,"Lattice":-1,"Wings":-1,"Roof":-1,"Vinyls":-1,"FrontBumper":-1,"RearBumper":-1,"Engine":-1,"Turbo":-1,"Horn":-1,"Transmission":-1,"WindowTint":0,"Suspension":-1,"Brakes":-1,"Headlights":-1,"NumberPlate":0,"Wheels":-1,"WheelsType":0,"WheelsColor":0,"NeonColor":{"Red":0,"Green":0,"Blue":0,"Alpha":0},"Armor":-1}', 'towtruck', '{"x":471.706818,"y":-1112.68921,"z":30.1655979}', '{"x":0.000228971418,"y":-0.6731734,"z":271.961853}', 2, 79, 79, 39),
	(7, 'LAPD23', '{"PrimColor":{"Red":0,"Green":0,"Blue":0,"Alpha":255},"SecColor":{"Red":0,"Green":0,"Blue":0,"Alpha":255},"PrimModColor":-1,"SecModColor":-1,"Muffler":-1,"SideSkirt":-1,"Hood":-1,"Spoiler":-1,"Lattice":-1,"Wings":-1,"Roof":-1,"Vinyls":-1,"FrontBumper":-1,"RearBumper":-1,"Engine":-1,"Turbo":-1,"Horn":-1,"Transmission":-1,"WindowTint":0,"Suspension":-1,"Brakes":-1,"Headlights":-1,"NumberPlate":0,"Wheels":-1,"WheelsType":0,"WheelsColor":0,"NeonColor":{"Red":0,"Green":0,"Blue":0,"Alpha":0},"Armor":-1}', 'policeb', '{"x":463.183624,"y":-1015.00934,"z":28.5390549}', '{"x":-9.961454,"y":0.2296942,"z":88.15271}', 2, 79, 79, 40),
	(7, 'LAPD24', '{"PrimColor":{"Red":0,"Green":0,"Blue":0,"Alpha":255},"SecColor":{"Red":0,"Green":0,"Blue":0,"Alpha":255},"PrimModColor":-1,"SecModColor":-1,"Muffler":-1,"SideSkirt":-1,"Hood":-1,"Spoiler":-1,"Lattice":-1,"Wings":-1,"Roof":-1,"Vinyls":-1,"FrontBumper":-1,"RearBumper":-1,"Engine":-1,"Turbo":-1,"Horn":-1,"Transmission":-1,"WindowTint":0,"Suspension":-1,"Brakes":-1,"Headlights":-1,"NumberPlate":0,"Wheels":-1,"WheelsType":0,"WheelsColor":0,"NeonColor":{"Red":0,"Green":0,"Blue":0,"Alpha":0},"Armor":-1}', 'policeb', '{"x":463.202942,"y":-1019.91888,"z":28.5767365}', '{"x":-9.979162,"y":-0.15177682,"z":88.6141052}', 2, 79, 79, 41),
	(7, 'LAPD25', '{"PrimColor":{"Red":0,"Green":0,"Blue":0,"Alpha":255},"SecColor":{"Red":0,"Green":0,"Blue":0,"Alpha":255},"PrimModColor":-1,"SecModColor":-1,"Muffler":-1,"SideSkirt":-1,"Hood":-1,"Spoiler":-1,"Lattice":-1,"Wings":-1,"Roof":-1,"Vinyls":-1,"FrontBumper":-1,"RearBumper":-1,"Engine":-1,"Turbo":-1,"Horn":-1,"Transmission":-1,"WindowTint":0,"Suspension":-1,"Brakes":-1,"Headlights":-1,"NumberPlate":0,"Wheels":-1,"WheelsType":0,"WheelsColor":0,"NeonColor":{"Red":0,"Green":0,"Blue":0,"Alpha":0},"Armor":-1}', 'polmav', '{"x":449.290161,"y":-981.434753,"z":45.0801163}', '{"x":0.00575572858,"y":-0.217460752,"z":90.8624}', 2, 79, 79, 42),
	(9, 'FIB01', '{"PrimColor":{"Red":0,"Green":0,"Blue":0,"Alpha":255},"SecColor":{"Red":0,"Green":0,"Blue":0,"Alpha":255},"PrimModColor":-1,"SecModColor":-1,"Muffler":-1,"SideSkirt":-1,"Hood":-1,"Spoiler":-1,"Lattice":-1,"Wings":-1,"Roof":-1,"Vinyls":-1,"FrontBumper":-1,"RearBumper":-1,"Engine":-1,"Turbo":-1,"Horn":-1,"Transmission":-1,"WindowTint":0,"Suspension":-1,"Brakes":-1,"Headlights":-1,"NumberPlate":0,"Wheels":-1,"WheelsType":0,"WheelsColor":0,"NeonColor":{"Red":0,"Green":0,"Blue":0,"Alpha":0},"Armor":-1}', 'fbi2', '{"x":144.20105,"y":-698.8853,"z":33.7503777}', '{"x":-0.035157796,"y":0.0902796239,"z":251.82428}', 2, 1, 1, 43),
	(9, 'FIB02', '{"PrimColor":{"Red":0,"Green":0,"Blue":0,"Alpha":255},"SecColor":{"Red":0,"Green":0,"Blue":0,"Alpha":255},"PrimModColor":-1,"SecModColor":-1,"Muffler":-1,"SideSkirt":-1,"Hood":-1,"Spoiler":-1,"Lattice":-1,"Wings":-1,"Roof":-1,"Vinyls":-1,"FrontBumper":-1,"RearBumper":-1,"Engine":-1,"Turbo":-1,"Horn":-1,"Transmission":-1,"WindowTint":0,"Suspension":-1,"Brakes":-1,"Headlights":-1,"NumberPlate":0,"Wheels":-1,"WheelsType":0,"WheelsColor":0,"NeonColor":{"Red":0,"Green":0,"Blue":0,"Alpha":0},"Armor":-1}', 'fbi2', '{"x":145.6563,"y":-695.361755,"z":33.7494}', '{"x":-0.004248091,"y":0.0579048023,"z":251.541412}', 2, 1, 1, 44),
	(9, 'FIB03', '{"PrimColor":{"Red":0,"Green":0,"Blue":0,"Alpha":255},"SecColor":{"Red":0,"Green":0,"Blue":0,"Alpha":255},"PrimModColor":-1,"SecModColor":-1,"Muffler":-1,"SideSkirt":-1,"Hood":-1,"Spoiler":-1,"Lattice":-1,"Wings":-1,"Roof":-1,"Vinyls":-1,"FrontBumper":-1,"RearBumper":-1,"Engine":-1,"Turbo":-1,"Horn":-1,"Transmission":-1,"WindowTint":0,"Suspension":-1,"Brakes":-1,"Headlights":-1,"NumberPlate":0,"Wheels":-1,"WheelsType":0,"WheelsColor":0,"NeonColor":{"Red":0,"Green":0,"Blue":0,"Alpha":0},"Armor":-1}', 'fbi2', '{"x":148.523041,"y":-687.744141,"z":33.75183}', '{"x":-0.08959064,"y":0.06957776,"z":251.91507}', 2, 1, 1, 45),
	(9, 'FIB04', '{"PrimColor":{"Red":0,"Green":0,"Blue":0,"Alpha":255},"SecColor":{"Red":0,"Green":0,"Blue":0,"Alpha":255},"PrimModColor":-1,"SecModColor":-1,"Muffler":-1,"SideSkirt":-1,"Hood":-1,"Spoiler":-1,"Lattice":-1,"Wings":-1,"Roof":-1,"Vinyls":-1,"FrontBumper":-1,"RearBumper":-1,"Engine":-1,"Turbo":-1,"Horn":-1,"Transmission":-1,"WindowTint":0,"Suspension":-1,"Brakes":-1,"Headlights":-1,"NumberPlate":0,"Wheels":-1,"WheelsType":0,"WheelsColor":0,"NeonColor":{"Red":0,"Green":0,"Blue":0,"Alpha":0},"Armor":-1}', 'towtruck', '{"x":149.615509,"y":-683.9091,"z":34.09768}', '{"x":-0.2538841,"y":-0.6558803,"z":251.520966}', 2, 1, 1, 46),
	(9, 'FIB05', '{"PrimColor":{"Red":0,"Green":0,"Blue":0,"Alpha":255},"SecColor":{"Red":0,"Green":0,"Blue":0,"Alpha":255},"PrimModColor":-1,"SecModColor":-1,"Muffler":-1,"SideSkirt":-1,"Hood":-1,"Spoiler":-1,"Lattice":-1,"Wings":-1,"Roof":-1,"Vinyls":-1,"FrontBumper":-1,"RearBumper":-1,"Engine":-1,"Turbo":-1,"Horn":-1,"Transmission":-1,"WindowTint":0,"Suspension":-1,"Brakes":-1,"Headlights":-1,"NumberPlate":0,"Wheels":-1,"WheelsType":0,"WheelsColor":0,"NeonColor":{"Red":0,"Green":0,"Blue":0,"Alpha":0},"Armor":-1}', 'police4', '{"x":163.478165,"y":-683.6455,"z":33.7333336}', '{"x":0.03445645,"y":-0.0265321471,"z":157.688965}', 2, 1, 1, 47),
	(9, 'FIB06', '{"PrimColor":{"Red":0,"Green":0,"Blue":0,"Alpha":255},"SecColor":{"Red":0,"Green":0,"Blue":0,"Alpha":255},"PrimModColor":-1,"SecModColor":-1,"Muffler":-1,"SideSkirt":-1,"Hood":-1,"Spoiler":-1,"Lattice":-1,"Wings":-1,"Roof":-1,"Vinyls":-1,"FrontBumper":-1,"RearBumper":-1,"Engine":-1,"Turbo":-1,"Horn":-1,"Transmission":-1,"WindowTint":0,"Suspension":-1,"Brakes":-1,"Headlights":-1,"NumberPlate":0,"Wheels":-1,"WheelsType":0,"WheelsColor":0,"NeonColor":{"Red":0,"Green":0,"Blue":0,"Alpha":0},"Armor":-1}', 'police4', '{"x":169.612076,"y":-685.8803,"z":33.7321434}', '{"x":0.02006845,"y":-0.0272532031,"z":159.1228}', 2, 1, 1, 48),
	(9, 'FIB07', '{"PrimColor":{"Red":0,"Green":0,"Blue":0,"Alpha":255},"SecColor":{"Red":0,"Green":0,"Blue":0,"Alpha":255},"PrimModColor":-1,"SecModColor":-1,"Muffler":-1,"SideSkirt":-1,"Hood":-1,"Spoiler":-1,"Lattice":-1,"Wings":-1,"Roof":-1,"Vinyls":-1,"FrontBumper":-1,"RearBumper":-1,"Engine":-1,"Turbo":-1,"Horn":-1,"Transmission":-1,"WindowTint":0,"Suspension":-1,"Brakes":-1,"Headlights":-1,"NumberPlate":0,"Wheels":-1,"WheelsType":0,"WheelsColor":0,"NeonColor":{"Red":0,"Green":0,"Blue":0,"Alpha":0},"Armor":-1}', 'police4', '{"x":173.090775,"y":-687.194946,"z":33.7312851}', '{"x":0.0202016067,"y":-0.0267973654,"z":159.248657}', 2, 1, 1, 49),
	(9, 'FIB08', '{"PrimColor":{"Red":0,"Green":0,"Blue":0,"Alpha":255},"SecColor":{"Red":0,"Green":0,"Blue":0,"Alpha":255},"PrimModColor":-1,"SecModColor":-1,"Muffler":-1,"SideSkirt":-1,"Hood":-1,"Spoiler":-1,"Lattice":-1,"Wings":-1,"Roof":-1,"Vinyls":-1,"FrontBumper":-1,"RearBumper":-1,"Engine":-1,"Turbo":-1,"Horn":-1,"Transmission":-1,"WindowTint":0,"Suspension":-1,"Brakes":-1,"Headlights":-1,"NumberPlate":0,"Wheels":-1,"WheelsType":0,"WheelsColor":0,"NeonColor":{"Red":0,"Green":0,"Blue":0,"Alpha":0},"Armor":-1}', 'insurgent2', '{"x":179.796509,"y":-695.2625,"z":34.0540466}', '{"x":0.04731115,"y":-0.0484547131,"z":68.12952}', 2, 1, 1, 50),
	(9, 'FIB09', '{"PrimColor":{"Red":0,"Green":0,"Blue":0,"Alpha":255},"SecColor":{"Red":0,"Green":0,"Blue":0,"Alpha":255},"PrimModColor":-1,"SecModColor":-1,"Muffler":-1,"SideSkirt":-1,"Hood":-1,"Spoiler":-1,"Lattice":-1,"Wings":-1,"Roof":-1,"Vinyls":-1,"FrontBumper":-1,"RearBumper":-1,"Engine":-1,"Turbo":-1,"Horn":-1,"Transmission":-1,"WindowTint":0,"Suspension":-1,"Brakes":-1,"Headlights":-1,"NumberPlate":0,"Wheels":-1,"WheelsType":0,"WheelsColor":0,"NeonColor":{"Red":0,"Green":0,"Blue":0,"Alpha":0},"Armor":-1}', 'insurgent2', '{"x":178.447922,"y":-698.833252,"z":34.05542}', '{"x":0.0520079769,"y":-0.04562552,"z":67.40796}', 2, 1, 1, 51),
	(9, 'FIB10', '{"PrimColor":{"Red":0,"Green":0,"Blue":0,"Alpha":255},"SecColor":{"Red":0,"Green":0,"Blue":0,"Alpha":255},"PrimModColor":-1,"SecModColor":-1,"Muffler":-1,"SideSkirt":-1,"Hood":-1,"Spoiler":-1,"Lattice":-1,"Wings":-1,"Roof":-1,"Vinyls":-1,"FrontBumper":-1,"RearBumper":-1,"Engine":-1,"Turbo":-1,"Horn":-1,"Transmission":-1,"WindowTint":0,"Suspension":-1,"Brakes":-1,"Headlights":-1,"NumberPlate":0,"Wheels":-1,"WheelsType":0,"WheelsColor":0,"NeonColor":{"Red":0,"Green":0,"Blue":0,"Alpha":0},"Armor":-1}', 'cyclone', '{"x":166.186752,"y":-733.914551,"z":33.4673042}', '{"x":0.057384897,"y":-0.07989683,"z":65.99609}', 2, 1, 1, 52),
	(9, 'FIB11', '{"PrimColor":{"Red":0,"Green":0,"Blue":0,"Alpha":255},"SecColor":{"Red":0,"Green":0,"Blue":0,"Alpha":255},"PrimModColor":-1,"SecModColor":-1,"Muffler":-1,"SideSkirt":-1,"Hood":-1,"Spoiler":-1,"Lattice":-1,"Wings":-1,"Roof":-1,"Vinyls":-1,"FrontBumper":-1,"RearBumper":-1,"Engine":-1,"Turbo":-1,"Horn":-1,"Transmission":-1,"WindowTint":0,"Suspension":-1,"Brakes":-1,"Headlights":-1,"NumberPlate":0,"Wheels":-1,"WheelsType":0,"WheelsColor":0,"NeonColor":{"Red":0,"Green":0,"Blue":0,"Alpha":0},"Armor":-1}', 'cyclone', '{"x":164.817947,"y":-737.7525,"z":33.46732}', '{"x":0.0584110059,"y":-0.07818511,"z":66.4982}', 2, 1, 1, 53),
	(9, 'FIB12', '{"PrimColor":{"Red":0,"Green":0,"Blue":0,"Alpha":255},"SecColor":{"Red":0,"Green":0,"Blue":0,"Alpha":255},"PrimModColor":-1,"SecModColor":-1,"Muffler":-1,"SideSkirt":-1,"Hood":-1,"Spoiler":-1,"Lattice":-1,"Wings":-1,"Roof":-1,"Vinyls":-1,"FrontBumper":-1,"RearBumper":-1,"Engine":-1,"Turbo":-1,"Horn":-1,"Transmission":-1,"WindowTint":0,"Suspension":-1,"Brakes":-1,"Headlights":-1,"NumberPlate":0,"Wheels":-1,"WheelsType":0,"WheelsColor":0,"NeonColor":{"Red":0,"Green":0,"Blue":0,"Alpha":0},"Armor":-1}', 'xls2', '{"x":163.1157,"y":-741.2415,"z":34.04571}', '{"x":0.154652163,"y":-0.0316202641,"z":67.2626}', 2, 1, 1, 54),
	(9, 'FIB13', '{"PrimColor":{"Red":0,"Green":0,"Blue":0,"Alpha":255},"SecColor":{"Red":0,"Green":0,"Blue":0,"Alpha":255},"PrimModColor":-1,"SecModColor":-1,"Muffler":-1,"SideSkirt":-1,"Hood":-1,"Spoiler":-1,"Lattice":-1,"Wings":-1,"Roof":-1,"Vinyls":-1,"FrontBumper":-1,"RearBumper":-1,"Engine":-1,"Turbo":-1,"Horn":-1,"Transmission":-1,"WindowTint":0,"Suspension":-1,"Brakes":-1,"Headlights":-1,"NumberPlate":0,"Wheels":-1,"WheelsType":0,"WheelsColor":0,"NeonColor":{"Red":0,"Green":0,"Blue":0,"Alpha":0},"Armor":-1}', 'xls2', '{"x":161.653564,"y":-744.7883,"z":34.04567}', '{"x":0.1563769,"y":-0.037398804,"z":66.29999}', 2, 1, 1, 55),
	(9, 'FIB14', '{"PrimColor":{"Red":0,"Green":0,"Blue":0,"Alpha":255},"SecColor":{"Red":0,"Green":0,"Blue":0,"Alpha":255},"PrimModColor":-1,"SecModColor":-1,"Muffler":-1,"SideSkirt":-1,"Hood":-1,"Spoiler":-1,"Lattice":-1,"Wings":-1,"Roof":-1,"Vinyls":-1,"FrontBumper":-1,"RearBumper":-1,"Engine":-1,"Turbo":-1,"Horn":-1,"Transmission":-1,"WindowTint":0,"Suspension":-1,"Brakes":-1,"Headlights":-1,"NumberPlate":0,"Wheels":-1,"WheelsType":0,"WheelsColor":0,"NeonColor":{"Red":0,"Green":0,"Blue":0,"Alpha":0},"Armor":-1}', 'xls2', '{"x":154.805908,"y":-749.3643,"z":34.0456047}', '{"x":0.0238290038,"y":0.04921328,"z":342.764954}', 2, 1, 1, 56),
	(9, 'FIB15', '{"PrimColor":{"Red":0,"Green":0,"Blue":0,"Alpha":255},"SecColor":{"Red":0,"Green":0,"Blue":0,"Alpha":255},"PrimModColor":-1,"SecModColor":-1,"Muffler":-1,"SideSkirt":-1,"Hood":-1,"Spoiler":-1,"Lattice":-1,"Wings":-1,"Roof":-1,"Vinyls":-1,"FrontBumper":-1,"RearBumper":-1,"Engine":-1,"Turbo":-1,"Horn":-1,"Transmission":-1,"WindowTint":0,"Suspension":-1,"Brakes":-1,"Headlights":-1,"NumberPlate":0,"Wheels":-1,"WheelsType":0,"WheelsColor":0,"NeonColor":{"Red":0,"Green":0,"Blue":0,"Alpha":0},"Armor":-1}', 'xls2', '{"x":151.095444,"y":-747.998,"z":34.0456161}', '{"x":0.02925268,"y":0.05729495,"z":342.452454}', 2, 1, 1, 57),
	(9, 'FIB16', '{"PrimColor":{"Red":0,"Green":0,"Blue":0,"Alpha":255},"SecColor":{"Red":0,"Green":0,"Blue":0,"Alpha":255},"PrimModColor":-1,"SecModColor":-1,"Muffler":-1,"SideSkirt":-1,"Hood":-1,"Spoiler":-1,"Lattice":-1,"Wings":-1,"Roof":-1,"Vinyls":-1,"FrontBumper":-1,"RearBumper":-1,"Engine":-1,"Turbo":-1,"Horn":-1,"Transmission":-1,"WindowTint":0,"Suspension":-1,"Brakes":-1,"Headlights":-1,"NumberPlate":0,"Wheels":-1,"WheelsType":0,"WheelsColor":0,"NeonColor":{"Red":0,"Green":0,"Blue":0,"Alpha":0},"Armor":-1}', 'xls2', '{"x":147.376511,"y":-746.590637,"z":34.0456123}', '{"x":0.024892658,"y":0.0550597049,"z":343.511658}', 2, 1, 1, 58),
	(9, 'FIB17', '{"PrimColor":{"Red":0,"Green":0,"Blue":0,"Alpha":255},"SecColor":{"Red":0,"Green":0,"Blue":0,"Alpha":255},"PrimModColor":-1,"SecModColor":-1,"Muffler":-1,"SideSkirt":-1,"Hood":-1,"Spoiler":-1,"Lattice":-1,"Wings":-1,"Roof":-1,"Vinyls":-1,"FrontBumper":-1,"RearBumper":-1,"Engine":-1,"Turbo":-1,"Horn":-1,"Transmission":-1,"WindowTint":0,"Suspension":-1,"Brakes":-1,"Headlights":-1,"NumberPlate":0,"Wheels":-1,"WheelsType":0,"WheelsColor":0,"NeonColor":{"Red":0,"Green":0,"Blue":0,"Alpha":0},"Armor":-1}', 'revolter', '{"x":140.893265,"y":-744.1381,"z":33.63994}', '{"x":-0.000442893826,"y":-0.05465718,"z":344.335419}', 2, 1, 1, 59),
	(9, 'FIB18', '{"PrimColor":{"Red":0,"Green":0,"Blue":0,"Alpha":255},"SecColor":{"Red":0,"Green":0,"Blue":0,"Alpha":255},"PrimModColor":-1,"SecModColor":-1,"Muffler":-1,"SideSkirt":-1,"Hood":-1,"Spoiler":-1,"Lattice":-1,"Wings":-1,"Roof":-1,"Vinyls":-1,"FrontBumper":-1,"RearBumper":-1,"Engine":-1,"Turbo":-1,"Horn":-1,"Transmission":-1,"WindowTint":0,"Suspension":-1,"Brakes":-1,"Headlights":-1,"NumberPlate":0,"Wheels":-1,"WheelsType":0,"WheelsColor":0,"NeonColor":{"Red":0,"Green":0,"Blue":0,"Alpha":0},"Armor":-1}', 'revolter', '{"x":137.061142,"y":-742.6718,"z":33.6399345}', '{"x":0.00245174277,"y":-0.0508120842,"z":343.470734}', 2, 1, 1, 60),
	(9, 'FIB19', '{"PrimColor":{"Red":0,"Green":0,"Blue":0,"Alpha":255},"SecColor":{"Red":0,"Green":0,"Blue":0,"Alpha":255},"PrimModColor":-1,"SecModColor":-1,"Muffler":-1,"SideSkirt":-1,"Hood":-1,"Spoiler":-1,"Lattice":-1,"Wings":-1,"Roof":-1,"Vinyls":-1,"FrontBumper":-1,"RearBumper":-1,"Engine":-1,"Turbo":-1,"Horn":-1,"Transmission":-1,"WindowTint":0,"Suspension":-1,"Brakes":-1,"Headlights":-1,"NumberPlate":0,"Wheels":-1,"WheelsType":0,"WheelsColor":0,"NeonColor":{"Red":0,"Green":0,"Blue":0,"Alpha":0},"Armor":-1}', 'revolter', '{"x":133.3365,"y":-741.2885,"z":33.64003}', '{"x":-0.00325121055,"y":-0.05907949,"z":343.107666}', 2, 1, 1, 61),
	(9, 'FIB20', '{"PrimColor":{"Red":0,"Green":0,"Blue":0,"Alpha":255},"SecColor":{"Red":0,"Green":0,"Blue":0,"Alpha":255},"PrimModColor":-1,"SecModColor":-1,"Muffler":-1,"SideSkirt":-1,"Hood":-1,"Spoiler":-1,"Lattice":-1,"Wings":-1,"Roof":-1,"Vinyls":-1,"FrontBumper":-1,"RearBumper":-1,"Engine":-1,"Turbo":-1,"Horn":-1,"Transmission":-1,"WindowTint":0,"Suspension":-1,"Brakes":-1,"Headlights":-1,"NumberPlate":0,"Wheels":-1,"WheelsType":0,"WheelsColor":0,"NeonColor":{"Red":0,"Green":0,"Blue":0,"Alpha":0},"Armor":-1}', 'fbi', '{"x":118.706032,"y":-736.653564,"z":33.78113}', '{"x":-0.0179888867,"y":-0.03839668,"z":339.6355}', 2, 1, 1, 62),
	(9, 'FIB21', '{"PrimColor":{"Red":0,"Green":0,"Blue":0,"Alpha":255},"SecColor":{"Red":0,"Green":0,"Blue":0,"Alpha":255},"PrimModColor":-1,"SecModColor":-1,"Muffler":-1,"SideSkirt":-1,"Hood":-1,"Spoiler":-1,"Lattice":-1,"Wings":-1,"Roof":-1,"Vinyls":-1,"FrontBumper":-1,"RearBumper":-1,"Engine":-1,"Turbo":-1,"Horn":-1,"Transmission":-1,"WindowTint":0,"Suspension":-1,"Brakes":-1,"Headlights":-1,"NumberPlate":0,"Wheels":-1,"WheelsType":0,"WheelsColor":0,"NeonColor":{"Red":0,"Green":0,"Blue":0,"Alpha":0},"Armor":-1}', 'fbi', '{"x":115.018654,"y":-735.286133,"z":33.78108}', '{"x":-0.0185409449,"y":-0.04122298,"z":341.765869}', 2, 1, 1, 63),
	(9, 'FIB22', '{"PrimColor":{"Red":0,"Green":0,"Blue":0,"Alpha":255},"SecColor":{"Red":0,"Green":0,"Blue":0,"Alpha":255},"PrimModColor":-1,"SecModColor":-1,"Muffler":-1,"SideSkirt":-1,"Hood":-1,"Spoiler":-1,"Lattice":-1,"Wings":-1,"Roof":-1,"Vinyls":-1,"FrontBumper":-1,"RearBumper":-1,"Engine":-1,"Turbo":-1,"Horn":-1,"Transmission":-1,"WindowTint":0,"Suspension":-1,"Brakes":-1,"Headlights":-1,"NumberPlate":0,"Wheels":-1,"WheelsType":0,"WheelsColor":0,"NeonColor":{"Red":0,"Green":0,"Blue":0,"Alpha":0},"Armor":-1}', 'fbi', '{"x":107.828514,"y":-732.081055,"z":33.78115}', '{"x":-0.0196959078,"y":-0.0433890335,"z":343.8107}', 2, 1, 1, 64),
	(9, 'FIB23', '{"PrimColor":{"Red":0,"Green":0,"Blue":0,"Alpha":255},"SecColor":{"Red":0,"Green":0,"Blue":0,"Alpha":255},"PrimModColor":-1,"SecModColor":-1,"Muffler":-1,"SideSkirt":-1,"Hood":-1,"Spoiler":-1,"Lattice":-1,"Wings":-1,"Roof":-1,"Vinyls":-1,"FrontBumper":-1,"RearBumper":-1,"Engine":-1,"Turbo":-1,"Horn":-1,"Transmission":-1,"WindowTint":0,"Suspension":-1,"Brakes":-1,"Headlights":-1,"NumberPlate":0,"Wheels":-1,"WheelsType":0,"WheelsColor":0,"NeonColor":{"Red":0,"Green":0,"Blue":0,"Alpha":0},"Armor":-1}', 'fbi', '{"x":103.994781,"y":-730.8075,"z":33.7797737}', '{"x":-0.0595801026,"y":0.02208252,"z":339.4881}', 2, 1, 1, 65),
	(9, 'FIB24', '{"PrimColor":{"Red":0,"Green":0,"Blue":0,"Alpha":255},"SecColor":{"Red":0,"Green":0,"Blue":0,"Alpha":255},"PrimModColor":-1,"SecModColor":-1,"Muffler":-1,"SideSkirt":-1,"Hood":-1,"Spoiler":-1,"Lattice":-1,"Wings":-1,"Roof":-1,"Vinyls":-1,"FrontBumper":-1,"RearBumper":-1,"Engine":-1,"Turbo":-1,"Horn":-1,"Transmission":-1,"WindowTint":0,"Suspension":-1,"Brakes":-1,"Headlights":-1,"NumberPlate":0,"Wheels":-1,"WheelsType":0,"WheelsColor":0,"NeonColor":{"Red":0,"Green":0,"Blue":0,"Alpha":0},"Armor":-1}', 'fbi', '{"x":100.212067,"y":-729.401855,"z":33.7809753}', '{"x":-0.0133817494,"y":-0.03795725,"z":345.018951}', 2, 1, 1, 66),
	(9, 'FIB25', '{"PrimColor":{"Red":0,"Green":0,"Blue":0,"Alpha":255},"SecColor":{"Red":0,"Green":0,"Blue":0,"Alpha":255},"PrimModColor":-1,"SecModColor":-1,"Muffler":-1,"SideSkirt":-1,"Hood":-1,"Spoiler":-1,"Lattice":-1,"Wings":-1,"Roof":-1,"Vinyls":-1,"FrontBumper":-1,"RearBumper":-1,"Engine":-1,"Turbo":-1,"Horn":-1,"Transmission":-1,"WindowTint":0,"Suspension":-1,"Brakes":-1,"Headlights":-1,"NumberPlate":0,"Wheels":-1,"WheelsType":0,"WheelsColor":0,"NeonColor":{"Red":0,"Green":0,"Blue":0,"Alpha":0},"Armor":-1}', 'fbi', '{"x":96.43321,"y":-728.188843,"z":33.780056}', '{"x":-0.0467649959,"y":0.0165807232,"z":340.369049}', 2, 1, 1, 67),
	(9, 'FIB26', '{"PrimColor":{"Red":0,"Green":0,"Blue":0,"Alpha":255},"SecColor":{"Red":0,"Green":0,"Blue":0,"Alpha":255},"PrimModColor":-1,"SecModColor":-1,"Muffler":-1,"SideSkirt":-1,"Hood":-1,"Spoiler":-1,"Lattice":-1,"Wings":-1,"Roof":-1,"Vinyls":-1,"FrontBumper":-1,"RearBumper":-1,"Engine":-1,"Turbo":-1,"Horn":-1,"Transmission":-1,"WindowTint":0,"Suspension":-1,"Brakes":-1,"Headlights":-1,"NumberPlate":0,"Wheels":-1,"WheelsType":0,"WheelsColor":0,"NeonColor":{"Red":0,"Green":0,"Blue":0,"Alpha":0},"Armor":-1}', 'fbi', '{"x":92.93483,"y":-720.0935,"z":33.7795944}', '{"x":0.0178175047,"y":0.0481901765,"z":250.542313}', 2, 1, 1, 68),
	(9, 'FIB27', '{"PrimColor":{"Red":0,"Green":0,"Blue":0,"Alpha":255},"SecColor":{"Red":0,"Green":0,"Blue":0,"Alpha":255},"PrimModColor":-1,"SecModColor":-1,"Muffler":-1,"SideSkirt":-1,"Hood":-1,"Spoiler":-1,"Lattice":-1,"Wings":-1,"Roof":-1,"Vinyls":-1,"FrontBumper":-1,"RearBumper":-1,"Engine":-1,"Turbo":-1,"Horn":-1,"Transmission":-1,"WindowTint":0,"Suspension":-1,"Brakes":-1,"Headlights":-1,"NumberPlate":0,"Wheels":-1,"WheelsType":0,"WheelsColor":0,"NeonColor":{"Red":0,"Green":0,"Blue":0,"Alpha":0},"Armor":-1}', 'fbi', '{"x":94.5999,"y":-716.337,"z":33.78134}', '{"x":-0.03995061,"y":0.0187266748,"z":252.136627}', 2, 1, 1, 69),
	(9, 'FIB28', '{"PrimColor":{"Red":0,"Green":0,"Blue":0,"Alpha":255},"SecColor":{"Red":0,"Green":0,"Blue":0,"Alpha":255},"PrimModColor":-1,"SecModColor":-1,"Muffler":-1,"SideSkirt":-1,"Hood":-1,"Spoiler":-1,"Lattice":-1,"Wings":-1,"Roof":-1,"Vinyls":-1,"FrontBumper":-1,"RearBumper":-1,"Engine":-1,"Turbo":-1,"Horn":-1,"Transmission":-1,"WindowTint":0,"Suspension":-1,"Brakes":-1,"Headlights":-1,"NumberPlate":0,"Wheels":-1,"WheelsType":0,"WheelsColor":0,"NeonColor":{"Red":0,"Green":0,"Blue":0,"Alpha":0},"Armor":-1}', 'fbi', '{"x":96.15361,"y":-712.6196,"z":33.7814865}', '{"x":-0.0262505934,"y":0.0141777266,"z":251.88208}', 2, 1, 1, 70),
	(9, 'FIB29', '{"PrimColor":{"Red":0,"Green":0,"Blue":0,"Alpha":255},"SecColor":{"Red":0,"Green":0,"Blue":0,"Alpha":255},"PrimModColor":-1,"SecModColor":-1,"Muffler":-1,"SideSkirt":-1,"Hood":-1,"Spoiler":-1,"Lattice":-1,"Wings":-1,"Roof":-1,"Vinyls":-1,"FrontBumper":-1,"RearBumper":-1,"Engine":-1,"Turbo":-1,"Horn":-1,"Transmission":-1,"WindowTint":0,"Suspension":-1,"Brakes":-1,"Headlights":-1,"NumberPlate":0,"Wheels":-1,"WheelsType":0,"WheelsColor":0,"NeonColor":{"Red":0,"Green":0,"Blue":0,"Alpha":0},"Armor":-1}', 'fbi', '{"x":97.3791962,"y":-709.003845,"z":33.78145}', '{"x":-0.0238244534,"y":0.00412806263,"z":252.56073}', 2, 1, 1, 71),
	(8, 'EMS01', '{"PrimColor":{"Red":0,"Green":0,"Blue":0,"Alpha":255},"SecColor":{"Red":0,"Green":0,"Blue":0,"Alpha":255},"PrimModColor":-1,"SecModColor":-1,"Muffler":-1,"SideSkirt":-1,"Hood":-1,"Spoiler":-1,"Lattice":-1,"Wings":-1,"Roof":-1,"Vinyls":-1,"FrontBumper":-1,"RearBumper":-1,"Engine":-1,"Turbo":-1,"Horn":-1,"Transmission":-1,"WindowTint":0,"Suspension":-1,"Brakes":-1,"Headlights":-1,"NumberPlate":0,"Wheels":-1,"WheelsType":0,"WheelsColor":0,"NeonColor":{"Red":0,"Green":0,"Blue":0,"Alpha":0},"Armor":-1}', 'lguard', '{"x":330.830017,"y":-1468.10632,"z":30.3694973}', '{"x":-0.351203859,"y":-0.9951284,"z":229.657837}', 2, 1, 1, 72),
	(8, 'EMS02', '{"PrimColor":{"Red":0,"Green":0,"Blue":0,"Alpha":255},"SecColor":{"Red":0,"Green":0,"Blue":0,"Alpha":255},"PrimModColor":-1,"SecModColor":-1,"Muffler":-1,"SideSkirt":-1,"Hood":-1,"Spoiler":-1,"Lattice":-1,"Wings":-1,"Roof":-1,"Vinyls":-1,"FrontBumper":-1,"RearBumper":-1,"Engine":-1,"Turbo":-1,"Horn":-1,"Transmission":-1,"WindowTint":0,"Suspension":-1,"Brakes":-1,"Headlights":-1,"NumberPlate":0,"Wheels":-1,"WheelsType":0,"WheelsColor":0,"NeonColor":{"Red":0,"Green":0,"Blue":0,"Alpha":0},"Armor":-1}', 'lguard', '{"x":328.059418,"y":-1471.445,"z":30.4014645}', '{"x":0.396919459,"y":-1.3576777,"z":232.296021}', 2, 1, 1, 73),
	(8, 'EMS03', '{"PrimColor":{"Red":0,"Green":0,"Blue":0,"Alpha":255},"SecColor":{"Red":0,"Green":0,"Blue":0,"Alpha":255},"PrimModColor":-1,"SecModColor":-1,"Muffler":-1,"SideSkirt":-1,"Hood":-1,"Spoiler":-1,"Lattice":-1,"Wings":-1,"Roof":-1,"Vinyls":-1,"FrontBumper":-1,"RearBumper":-1,"Engine":-1,"Turbo":-1,"Horn":-1,"Transmission":-1,"WindowTint":0,"Suspension":-1,"Brakes":-1,"Headlights":-1,"NumberPlate":0,"Wheels":-1,"WheelsType":0,"WheelsColor":0,"NeonColor":{"Red":0,"Green":0,"Blue":0,"Alpha":0},"Armor":-1}', 'lguard', '{"x":325.2494,"y":-1474.99146,"z":30.4387264}', '{"x":0.121566482,"y":0.220524773,"z":230.238983}', 2, 1, 1, 74),
	(8, 'EMS04', '{"PrimColor":{"Red":0,"Green":0,"Blue":0,"Alpha":255},"SecColor":{"Red":0,"Green":0,"Blue":0,"Alpha":255},"PrimModColor":-1,"SecModColor":-1,"Muffler":-1,"SideSkirt":-1,"Hood":-1,"Spoiler":-1,"Lattice":-1,"Wings":-1,"Roof":-1,"Vinyls":-1,"FrontBumper":-1,"RearBumper":-1,"Engine":-1,"Turbo":-1,"Horn":-1,"Transmission":-1,"WindowTint":0,"Suspension":-1,"Brakes":-1,"Headlights":-1,"NumberPlate":0,"Wheels":-1,"WheelsType":0,"WheelsColor":0,"NeonColor":{"Red":0,"Green":0,"Blue":0,"Alpha":0},"Armor":-1}', 'lguard', '{"x":365.239563,"y":-1457.0166,"z":30.0116749}', '{"x":-1.10541213,"y":-0.5842241,"z":231.011368}', 2, 1, 1, 75),
	(8, 'EMS05', '{"PrimColor":{"Red":0,"Green":0,"Blue":0,"Alpha":255},"SecColor":{"Red":0,"Green":0,"Blue":0,"Alpha":255},"PrimModColor":-1,"SecModColor":-1,"Muffler":-1,"SideSkirt":-1,"Hood":-1,"Spoiler":-1,"Lattice":-1,"Wings":-1,"Roof":-1,"Vinyls":-1,"FrontBumper":-1,"RearBumper":-1,"Engine":-1,"Turbo":-1,"Horn":-1,"Transmission":-1,"WindowTint":0,"Suspension":-1,"Brakes":-1,"Headlights":-1,"NumberPlate":0,"Wheels":-1,"WheelsType":0,"WheelsColor":0,"NeonColor":{"Red":0,"Green":0,"Blue":0,"Alpha":0},"Armor":-1}', 'lguard', '{"x":367.674866,"y":-1454.01257,"z":30.0293427}', '{"x":-0.963968754,"y":-0.5287621,"z":230.033875}', 2, 1, 1, 76),
	(8, 'EMS06', '{"PrimColor":{"Red":0,"Green":0,"Blue":0,"Alpha":255},"SecColor":{"Red":0,"Green":0,"Blue":0,"Alpha":255},"PrimModColor":-1,"SecModColor":-1,"Muffler":-1,"SideSkirt":-1,"Hood":-1,"Spoiler":-1,"Lattice":-1,"Wings":-1,"Roof":-1,"Vinyls":-1,"FrontBumper":-1,"RearBumper":-1,"Engine":-1,"Turbo":-1,"Horn":-1,"Transmission":-1,"WindowTint":0,"Suspension":-1,"Brakes":-1,"Headlights":-1,"NumberPlate":0,"Wheels":-1,"WheelsType":0,"WheelsColor":0,"NeonColor":{"Red":0,"Green":0,"Blue":0,"Alpha":0},"Armor":-1}', 'lguard', '{"x":370.147552,"y":-1451.25647,"z":30.0206547}', '{"x":-0.410340667,"y":0.02543409,"z":229.414429}', 2, 1, 1, 77),
	(8, 'EMS07', '{"PrimColor":{"Red":0,"Green":0,"Blue":0,"Alpha":255},"SecColor":{"Red":0,"Green":0,"Blue":0,"Alpha":255},"PrimModColor":-1,"SecModColor":-1,"Muffler":-1,"SideSkirt":-1,"Hood":-1,"Spoiler":-1,"Lattice":-1,"Wings":-1,"Roof":-1,"Vinyls":-1,"FrontBumper":-1,"RearBumper":-1,"Engine":-1,"Turbo":-1,"Horn":-1,"Transmission":-1,"WindowTint":0,"Suspension":-1,"Brakes":-1,"Headlights":-1,"NumberPlate":0,"Wheels":-1,"WheelsType":0,"WheelsColor":0,"NeonColor":{"Red":0,"Green":0,"Blue":0,"Alpha":0},"Armor":-1}', 'ambulance', '{"x":401.629,"y":-1440.53357,"z":30.1468678}', '{"x":-0.841572642,"y":-0.6061846,"z":27.4282837}', 2, 1, 1, 78),
	(8, 'EMS08', '{"PrimColor":{"Red":0,"Green":0,"Blue":0,"Alpha":255},"SecColor":{"Red":0,"Green":0,"Blue":0,"Alpha":255},"PrimModColor":-1,"SecModColor":-1,"Muffler":-1,"SideSkirt":-1,"Hood":-1,"Spoiler":-1,"Lattice":-1,"Wings":-1,"Roof":-1,"Vinyls":-1,"FrontBumper":-1,"RearBumper":-1,"Engine":-1,"Turbo":-1,"Horn":-1,"Transmission":-1,"WindowTint":0,"Suspension":-1,"Brakes":-1,"Headlights":-1,"NumberPlate":0,"Wheels":-1,"WheelsType":0,"WheelsColor":0,"NeonColor":{"Red":0,"Green":0,"Blue":0,"Alpha":0},"Armor":-1}', 'ambulance', '{"x":405.0808,"y":-1438.43665,"z":30.1425934}', '{"x":-0.6429625,"y":-0.6073104,"z":28.6091}', 2, 1, 1, 79),
	(8, 'EMS09', '{"PrimColor":{"Red":0,"Green":0,"Blue":0,"Alpha":255},"SecColor":{"Red":0,"Green":0,"Blue":0,"Alpha":255},"PrimModColor":-1,"SecModColor":-1,"Muffler":-1,"SideSkirt":-1,"Hood":-1,"Spoiler":-1,"Lattice":-1,"Wings":-1,"Roof":-1,"Vinyls":-1,"FrontBumper":-1,"RearBumper":-1,"Engine":-1,"Turbo":-1,"Horn":-1,"Transmission":-1,"WindowTint":0,"Suspension":-1,"Brakes":-1,"Headlights":-1,"NumberPlate":0,"Wheels":-1,"WheelsType":0,"WheelsColor":0,"NeonColor":{"Red":0,"Green":0,"Blue":0,"Alpha":0},"Armor":-1}', 'ambulance', '{"x":408.718445,"y":-1436.306,"z":30.1328735}', '{"x":-0.399746925,"y":-0.469252139,"z":29.1596069}', 2, 1, 1, 80),
	(8, 'EMS10', '{"PrimColor":{"Red":0,"Green":0,"Blue":0,"Alpha":255},"SecColor":{"Red":0,"Green":0,"Blue":0,"Alpha":255},"PrimModColor":-1,"SecModColor":-1,"Muffler":-1,"SideSkirt":-1,"Hood":-1,"Spoiler":-1,"Lattice":-1,"Wings":-1,"Roof":-1,"Vinyls":-1,"FrontBumper":-1,"RearBumper":-1,"Engine":-1,"Turbo":-1,"Horn":-1,"Transmission":-1,"WindowTint":0,"Suspension":-1,"Brakes":-1,"Headlights":-1,"NumberPlate":0,"Wheels":-1,"WheelsType":0,"WheelsColor":0,"NeonColor":{"Red":0,"Green":0,"Blue":0,"Alpha":0},"Armor":-1}', 'ambulance', '{"x":412.543549,"y":-1434.19519,"z":30.1217575}', '{"x":-0.160692051,"y":-0.390048236,"z":27.6852722}', 2, 1, 1, 81),
	(8, 'EMS11', '{"PrimColor":{"Red":0,"Green":0,"Blue":0,"Alpha":255},"SecColor":{"Red":0,"Green":0,"Blue":0,"Alpha":255},"PrimModColor":-1,"SecModColor":-1,"Muffler":-1,"SideSkirt":-1,"Hood":-1,"Spoiler":-1,"Lattice":-1,"Wings":-1,"Roof":-1,"Vinyls":-1,"FrontBumper":-1,"RearBumper":-1,"Engine":-1,"Turbo":-1,"Horn":-1,"Transmission":-1,"WindowTint":0,"Suspension":-1,"Brakes":-1,"Headlights":-1,"NumberPlate":0,"Wheels":-1,"WheelsType":0,"WheelsColor":0,"NeonColor":{"Red":0,"Green":0,"Blue":0,"Alpha":0},"Armor":-1}', 'ambulance', '{"x":415.995941,"y":-1432.18909,"z":30.10478}', '{"x":-0.0487313047,"y":-0.441742241,"z":29.3474731}', 2, 1, 1, 82),
	(8, 'EMS12', '{"PrimColor":{"Red":0,"Green":0,"Blue":0,"Alpha":255},"SecColor":{"Red":0,"Green":0,"Blue":0,"Alpha":255},"PrimModColor":-1,"SecModColor":-1,"Muffler":-1,"SideSkirt":-1,"Hood":-1,"Spoiler":-1,"Lattice":-1,"Wings":-1,"Roof":-1,"Vinyls":-1,"FrontBumper":-1,"RearBumper":-1,"Engine":-1,"Turbo":-1,"Horn":-1,"Transmission":-1,"WindowTint":0,"Suspension":-1,"Brakes":-1,"Headlights":-1,"NumberPlate":0,"Wheels":-1,"WheelsType":0,"WheelsColor":0,"NeonColor":{"Red":0,"Green":0,"Blue":0,"Alpha":0},"Armor":-1}', 'ambulance', '{"x":404.2552,"y":-1423.40588,"z":30.2208042}', '{"x":0.1556002,"y":0.296165228,"z":230.582932}', 2, 1, 1, 83),
	(8, 'EMS13', '{"PrimColor":{"Red":0,"Green":0,"Blue":0,"Alpha":255},"SecColor":{"Red":0,"Green":0,"Blue":0,"Alpha":255},"PrimModColor":-1,"SecModColor":-1,"Muffler":-1,"SideSkirt":-1,"Hood":-1,"Spoiler":-1,"Lattice":-1,"Wings":-1,"Roof":-1,"Vinyls":-1,"FrontBumper":-1,"RearBumper":-1,"Engine":-1,"Turbo":-1,"Horn":-1,"Transmission":-1,"WindowTint":0,"Suspension":-1,"Brakes":-1,"Headlights":-1,"NumberPlate":0,"Wheels":-1,"WheelsType":0,"WheelsColor":0,"NeonColor":{"Red":0,"Green":0,"Blue":0,"Alpha":0},"Armor":-1}', 'ambulance', '{"x":401.731567,"y":-1426.44751,"z":30.2205143}', '{"x":0.111402765,"y":0.316493332,"z":231.84877}', 2, 1, 1, 84),
	(8, 'EMS14', '{"PrimColor":{"Red":0,"Green":0,"Blue":0,"Alpha":255},"SecColor":{"Red":0,"Green":0,"Blue":0,"Alpha":255},"PrimModColor":-1,"SecModColor":-1,"Muffler":-1,"SideSkirt":-1,"Hood":-1,"Spoiler":-1,"Lattice":-1,"Wings":-1,"Roof":-1,"Vinyls":-1,"FrontBumper":-1,"RearBumper":-1,"Engine":-1,"Turbo":-1,"Horn":-1,"Transmission":-1,"WindowTint":0,"Suspension":-1,"Brakes":-1,"Headlights":-1,"NumberPlate":0,"Wheels":-1,"WheelsType":0,"WheelsColor":0,"NeonColor":{"Red":0,"Green":0,"Blue":0,"Alpha":0},"Armor":-1}', 'ambulance', '{"x":399.157562,"y":-1429.4126,"z":30.22063}', '{"x":0.121380813,"y":0.304879785,"z":229.940765}', 2, 1, 1, 85),
	(8, 'EMS15', '{"PrimColor":{"Red":0,"Green":0,"Blue":0,"Alpha":255},"SecColor":{"Red":0,"Green":0,"Blue":0,"Alpha":255},"PrimModColor":-1,"SecModColor":-1,"Muffler":-1,"SideSkirt":-1,"Hood":-1,"Spoiler":-1,"Lattice":-1,"Wings":-1,"Roof":-1,"Vinyls":-1,"FrontBumper":-1,"RearBumper":-1,"Engine":-1,"Turbo":-1,"Horn":-1,"Transmission":-1,"WindowTint":0,"Suspension":-1,"Brakes":-1,"Headlights":-1,"NumberPlate":0,"Wheels":-1,"WheelsType":0,"WheelsColor":0,"NeonColor":{"Red":0,"Green":0,"Blue":0,"Alpha":0},"Armor":-1}', 'frogger', '{"x":313.3044,"y":-1465.2561,"z":47.22199}', '{"x":-0.0179143623,"y":0.005672121,"z":321.298767}', 2, 1, 1, 86),
	(3, 'VAG01', '{"PrimColor":{"Red":0,"Green":0,"Blue":0,"Alpha":255},"SecColor":{"Red":0,"Green":0,"Blue":0,"Alpha":255},"PrimModColor":-1,"SecModColor":-1,"Muffler":-1,"SideSkirt":-1,"Hood":-1,"Spoiler":-1,"Lattice":-1,"Wings":-1,"Roof":-1,"Vinyls":-1,"FrontBumper":-1,"RearBumper":-1,"Engine":-1,"Turbo":-1,"Horn":-1,"Transmission":-1,"WindowTint":0,"Suspension":-1,"Brakes":-1,"Headlights":-1,"NumberPlate":0,"Wheels":-1,"WheelsType":0,"WheelsColor":0,"NeonColor":{"Red":0,"Green":0,"Blue":0,"Alpha":0},"Armor":-1}', 'sabregt2', '{"x":494.4493,"y":-1896.14307,"z":25.9167042}', '{"x":-2.956056,"y":0.176232368,"z":23.8717041}', 2, 89, 89, 87),
	(3, 'VAG02', '{"PrimColor":{"Red":0,"Green":0,"Blue":0,"Alpha":255},"SecColor":{"Red":0,"Green":0,"Blue":0,"Alpha":255},"PrimModColor":-1,"SecModColor":-1,"Muffler":-1,"SideSkirt":-1,"Hood":-1,"Spoiler":-1,"Lattice":-1,"Wings":-1,"Roof":-1,"Vinyls":-1,"FrontBumper":-1,"RearBumper":-1,"Engine":-1,"Turbo":-1,"Horn":-1,"Transmission":-1,"WindowTint":0,"Suspension":-1,"Brakes":-1,"Headlights":-1,"NumberPlate":0,"Wheels":-1,"WheelsType":0,"WheelsColor":0,"NeonColor":{"Red":0,"Green":0,"Blue":0,"Alpha":0},"Armor":-1}', 'sabregt2', '{"x":491.503418,"y":-1897.45386,"z":25.8253517}', '{"x":-2.500318,"y":0.541962564,"z":23.96701}', 2, 89, 89, 88),
	(3, 'VAG03', '{"PrimColor":{"Red":0,"Green":0,"Blue":0,"Alpha":255},"SecColor":{"Red":0,"Green":0,"Blue":0,"Alpha":255},"PrimModColor":-1,"SecModColor":-1,"Muffler":-1,"SideSkirt":-1,"Hood":-1,"Spoiler":-1,"Lattice":-1,"Wings":-1,"Roof":-1,"Vinyls":-1,"FrontBumper":-1,"RearBumper":-1,"Engine":-1,"Turbo":-1,"Horn":-1,"Transmission":-1,"WindowTint":0,"Suspension":-1,"Brakes":-1,"Headlights":-1,"NumberPlate":0,"Wheels":-1,"WheelsType":0,"WheelsColor":0,"NeonColor":{"Red":0,"Green":0,"Blue":0,"Alpha":0},"Armor":-1}', 'faction', '{"x":488.5323,"y":-1898.894,"z":25.8363838}', '{"x":-0.0391439572,"y":-0.106167927,"z":22.6728516}', 2, 89, 89, 89),
	(3, 'VAG04', '{"PrimColor":{"Red":0,"Green":0,"Blue":0,"Alpha":255},"SecColor":{"Red":0,"Green":0,"Blue":0,"Alpha":255},"PrimModColor":-1,"SecModColor":-1,"Muffler":-1,"SideSkirt":-1,"Hood":-1,"Spoiler":-1,"Lattice":-1,"Wings":-1,"Roof":-1,"Vinyls":-1,"FrontBumper":-1,"RearBumper":-1,"Engine":-1,"Turbo":-1,"Horn":-1,"Transmission":-1,"WindowTint":0,"Suspension":-1,"Brakes":-1,"Headlights":-1,"NumberPlate":0,"Wheels":-1,"WheelsType":0,"WheelsColor":0,"NeonColor":{"Red":0,"Green":0,"Blue":0,"Alpha":0},"Armor":-1}', 'faction', '{"x":485.8382,"y":-1900.2052,"z":25.8965778}', '{"x":0.981708944,"y":-0.8902801,"z":25.12976}', 2, 89, 89, 90),
	(3, 'VAG05', '{"PrimColor":{"Red":0,"Green":0,"Blue":0,"Alpha":255},"SecColor":{"Red":0,"Green":0,"Blue":0,"Alpha":255},"PrimModColor":-1,"SecModColor":-1,"Muffler":-1,"SideSkirt":-1,"Hood":-1,"Spoiler":-1,"Lattice":-1,"Wings":-1,"Roof":-1,"Vinyls":-1,"FrontBumper":-1,"RearBumper":-1,"Engine":-1,"Turbo":-1,"Horn":-1,"Transmission":-1,"WindowTint":0,"Suspension":-1,"Brakes":-1,"Headlights":-1,"NumberPlate":0,"Wheels":-1,"WheelsType":0,"WheelsColor":0,"NeonColor":{"Red":0,"Green":0,"Blue":0,"Alpha":0},"Armor":-1}', 'Landstalker', '{"x":465.619446,"y":-1908.855,"z":25.735054}', '{"x":-1.78762138,"y":-1.5892024,"z":243.773529}', 2, 89, 89, 91),
	(3, 'VAG06', '{"PrimColor":{"Red":0,"Green":0,"Blue":0,"Alpha":255},"SecColor":{"Red":0,"Green":0,"Blue":0,"Alpha":255},"PrimModColor":-1,"SecModColor":-1,"Muffler":-1,"SideSkirt":-1,"Hood":-1,"Spoiler":-1,"Lattice":-1,"Wings":-1,"Roof":-1,"Vinyls":-1,"FrontBumper":-1,"RearBumper":-1,"Engine":-1,"Turbo":-1,"Horn":-1,"Transmission":-1,"WindowTint":0,"Suspension":-1,"Brakes":-1,"Headlights":-1,"NumberPlate":0,"Wheels":-1,"WheelsType":0,"WheelsColor":0,"NeonColor":{"Red":0,"Green":0,"Blue":0,"Alpha":0},"Armor":-1}', 'Landstalker', '{"x":464.0523,"y":-1904.90381,"z":25.8228359}', '{"x":0.3748793,"y":-4.06932068,"z":245.236328}', 2, 89, 89, 92),
	(3, 'VAG07', '{"PrimColor":{"Red":0,"Green":0,"Blue":0,"Alpha":255},"SecColor":{"Red":0,"Green":0,"Blue":0,"Alpha":255},"PrimModColor":-1,"SecModColor":-1,"Muffler":-1,"SideSkirt":-1,"Hood":-1,"Spoiler":-1,"Lattice":-1,"Wings":-1,"Roof":-1,"Vinyls":-1,"FrontBumper":-1,"RearBumper":-1,"Engine":-1,"Turbo":-1,"Horn":-1,"Transmission":-1,"WindowTint":0,"Suspension":-1,"Brakes":-1,"Headlights":-1,"NumberPlate":0,"Wheels":-1,"WheelsType":0,"WheelsColor":0,"NeonColor":{"Red":0,"Green":0,"Blue":0,"Alpha":0},"Armor":-1}', 'Landstalker', '{"x":462.272827,"y":-1900.72656,"z":25.9834919}', '{"x":-1.00015783,"y":-3.26369953,"z":247.689056}', 2, 89, 89, 93),
	(3, 'VAG08', '{"PrimColor":{"Red":0,"Green":0,"Blue":0,"Alpha":255},"SecColor":{"Red":0,"Green":0,"Blue":0,"Alpha":255},"PrimModColor":-1,"SecModColor":-1,"Muffler":-1,"SideSkirt":-1,"Hood":-1,"Spoiler":-1,"Lattice":-1,"Wings":-1,"Roof":-1,"Vinyls":-1,"FrontBumper":-1,"RearBumper":-1,"Engine":-1,"Turbo":-1,"Horn":-1,"Transmission":-1,"WindowTint":0,"Suspension":-1,"Brakes":-1,"Headlights":-1,"NumberPlate":0,"Wheels":-1,"WheelsType":0,"WheelsColor":0,"NeonColor":{"Red":0,"Green":0,"Blue":0,"Alpha":0},"Armor":-1}', 'warrener', '{"x":458.000061,"y":-1890.949,"z":26.2189732}', '{"x":-0.99729836,"y":-3.648401,"z":202.615784}', 2, 89, 89, 94),
	(3, 'VAG09', '{"PrimColor":{"Red":0,"Green":0,"Blue":0,"Alpha":255},"SecColor":{"Red":0,"Green":0,"Blue":0,"Alpha":255},"PrimModColor":-1,"SecModColor":-1,"Muffler":-1,"SideSkirt":-1,"Hood":-1,"Spoiler":-1,"Lattice":-1,"Wings":-1,"Roof":-1,"Vinyls":-1,"FrontBumper":-1,"RearBumper":-1,"Engine":-1,"Turbo":-1,"Horn":-1,"Transmission":-1,"WindowTint":0,"Suspension":-1,"Brakes":-1,"Headlights":-1,"NumberPlate":0,"Wheels":-1,"WheelsType":0,"WheelsColor":0,"NeonColor":{"Red":0,"Green":0,"Blue":0,"Alpha":0},"Armor":-1}', 'warrener', '{"x":455.123871,"y":-1884.30042,"z":26.5927849}', '{"x":-0.794024467,"y":-6.307714,"z":205.407074}', 2, 89, 89, 95),
	(3, 'VAG10', '{"PrimColor":{"Red":0,"Green":0,"Blue":0,"Alpha":255},"SecColor":{"Red":0,"Green":0,"Blue":0,"Alpha":255},"PrimModColor":-1,"SecModColor":-1,"Muffler":-1,"SideSkirt":-1,"Hood":-1,"Spoiler":-1,"Lattice":-1,"Wings":-1,"Roof":-1,"Vinyls":-1,"FrontBumper":-1,"RearBumper":-1,"Engine":-1,"Turbo":-1,"Horn":-1,"Transmission":-1,"WindowTint":0,"Suspension":-1,"Brakes":-1,"Headlights":-1,"NumberPlate":0,"Wheels":-1,"WheelsType":0,"WheelsColor":0,"NeonColor":{"Red":0,"Green":0,"Blue":0,"Alpha":0},"Armor":-1}', 'savestra', '{"x":464.908447,"y":-1884.924,"z":26.4775372}', '{"x":-0.147758573,"y":0.109656751,"z":299.163544}', 2, 89, 89, 96),
	(3, 'VAG11', '{"PrimColor":{"Red":0,"Green":0,"Blue":0,"Alpha":255},"SecColor":{"Red":0,"Green":0,"Blue":0,"Alpha":255},"PrimModColor":-1,"SecModColor":-1,"Muffler":-1,"SideSkirt":-1,"Hood":-1,"Spoiler":-1,"Lattice":-1,"Wings":-1,"Roof":-1,"Vinyls":-1,"FrontBumper":-1,"RearBumper":-1,"Engine":-1,"Turbo":-1,"Horn":-1,"Transmission":-1,"WindowTint":0,"Suspension":-1,"Brakes":-1,"Headlights":-1,"NumberPlate":0,"Wheels":-1,"WheelsType":0,"WheelsColor":0,"NeonColor":{"Red":0,"Green":0,"Blue":0,"Alpha":0},"Armor":-1}', 'speedo4', '{"x":480.659058,"y":-1897.94,"z":26.3010216}', '{"x":-2.14845753,"y":-0.149998382,"z":294.1523}', 2, 89, 89, 97),
	(5, 'BLO01', '{"PrimColor":{"Red":0,"Green":0,"Blue":0,"Alpha":255},"SecColor":{"Red":0,"Green":0,"Blue":0,"Alpha":255},"PrimModColor":-1,"SecModColor":-1,"Muffler":-1,"SideSkirt":-1,"Hood":-1,"Spoiler":-1,"Lattice":-1,"Wings":-1,"Roof":-1,"Vinyls":-1,"FrontBumper":-1,"RearBumper":-1,"Engine":-1,"Turbo":-1,"Horn":-1,"Transmission":-1,"WindowTint":0,"Suspension":-1,"Brakes":-1,"Headlights":-1,"NumberPlate":0,"Wheels":-1,"WheelsType":0,"WheelsColor":0,"NeonColor":{"Red":0,"Green":0,"Blue":0,"Alpha":0},"Armor":-1}', 'Landstalker', '{"x":962.478,"y":-1872.87756,"z":31.5374451}', '{"x":0.3670687,"y":0.805974543,"z":220.278244}', 2, 89, 89, 98),
	(5, 'BLO02', '{"PrimColor":{"Red":0,"Green":0,"Blue":0,"Alpha":255},"SecColor":{"Red":0,"Green":0,"Blue":0,"Alpha":255},"PrimModColor":-1,"SecModColor":-1,"Muffler":-1,"SideSkirt":-1,"Hood":-1,"Spoiler":-1,"Lattice":-1,"Wings":-1,"Roof":-1,"Vinyls":-1,"FrontBumper":-1,"RearBumper":-1,"Engine":-1,"Turbo":-1,"Horn":-1,"Transmission":-1,"WindowTint":0,"Suspension":-1,"Brakes":-1,"Headlights":-1,"NumberPlate":0,"Wheels":-1,"WheelsType":0,"WheelsColor":0,"NeonColor":{"Red":0,"Green":0,"Blue":0,"Alpha":0},"Armor":-1}', 'Landstalker', '{"x":966.8067,"y":-1873.02917,"z":31.6192875}', '{"x":0.145608291,"y":1.258326,"z":220.6513}', 2, 89, 89, 99),
	(5, 'BLO03', '{"PrimColor":{"Red":0,"Green":0,"Blue":0,"Alpha":255},"SecColor":{"Red":0,"Green":0,"Blue":0,"Alpha":255},"PrimModColor":-1,"SecModColor":-1,"Muffler":-1,"SideSkirt":-1,"Hood":-1,"Spoiler":-1,"Lattice":-1,"Wings":-1,"Roof":-1,"Vinyls":-1,"FrontBumper":-1,"RearBumper":-1,"Engine":-1,"Turbo":-1,"Horn":-1,"Transmission":-1,"WindowTint":0,"Suspension":-1,"Brakes":-1,"Headlights":-1,"NumberPlate":0,"Wheels":-1,"WheelsType":0,"WheelsColor":0,"NeonColor":{"Red":0,"Green":0,"Blue":0,"Alpha":0},"Armor":-1}', 'Landstalker', '{"x":971.3151,"y":-1873.48279,"z":31.6580772}', '{"x":0.0623462871,"y":0.3327049,"z":220.698715}', 2, 89, 89, 100),
	(5, 'BLO04', '{"PrimColor":{"Red":0,"Green":0,"Blue":0,"Alpha":255},"SecColor":{"Red":0,"Green":0,"Blue":0,"Alpha":255},"PrimModColor":-1,"SecModColor":-1,"Muffler":-1,"SideSkirt":-1,"Hood":-1,"Spoiler":-1,"Lattice":-1,"Wings":-1,"Roof":-1,"Vinyls":-1,"FrontBumper":-1,"RearBumper":-1,"Engine":-1,"Turbo":-1,"Horn":-1,"Transmission":-1,"WindowTint":0,"Suspension":-1,"Brakes":-1,"Headlights":-1,"NumberPlate":0,"Wheels":-1,"WheelsType":0,"WheelsColor":0,"NeonColor":{"Red":0,"Green":0,"Blue":0,"Alpha":0},"Armor":-1}', 'speedo4', '{"x":964.527161,"y":-1822.9989,"z":31.8066444}', '{"x":-0.150949568,"y":-0.30840224,"z":356.3136}', 2, 89, 89, 101),
	(5, 'BLO05', '{"PrimColor":{"Red":0,"Green":0,"Blue":0,"Alpha":255},"SecColor":{"Red":0,"Green":0,"Blue":0,"Alpha":255},"PrimModColor":-1,"SecModColor":-1,"Muffler":-1,"SideSkirt":-1,"Hood":-1,"Spoiler":-1,"Lattice":-1,"Wings":-1,"Roof":-1,"Vinyls":-1,"FrontBumper":-1,"RearBumper":-1,"Engine":-1,"Turbo":-1,"Horn":-1,"Transmission":-1,"WindowTint":0,"Suspension":-1,"Brakes":-1,"Headlights":-1,"NumberPlate":0,"Wheels":-1,"WheelsType":0,"WheelsColor":0,"NeonColor":{"Red":0,"Green":0,"Blue":0,"Alpha":0},"Armor":-1}', 'savestra', '{"x":969.342468,"y":-1823.89783,"z":31.4776115}', '{"x":-0.149452269,"y":0.485055327,"z":356.556366}', 2, 89, 89, 102),
	(5, 'BLO06', '{"PrimColor":{"Red":0,"Green":0,"Blue":0,"Alpha":255},"SecColor":{"Red":0,"Green":0,"Blue":0,"Alpha":255},"PrimModColor":-1,"SecModColor":-1,"Muffler":-1,"SideSkirt":-1,"Hood":-1,"Spoiler":-1,"Lattice":-1,"Wings":-1,"Roof":-1,"Vinyls":-1,"FrontBumper":-1,"RearBumper":-1,"Engine":-1,"Turbo":-1,"Horn":-1,"Transmission":-1,"WindowTint":0,"Suspension":-1,"Brakes":-1,"Headlights":-1,"NumberPlate":0,"Wheels":-1,"WheelsType":0,"WheelsColor":0,"NeonColor":{"Red":0,"Green":0,"Blue":0,"Alpha":0},"Armor":-1}', 'sabregt2', '{"x":988.0621,"y":-1810.1615,"z":31.60974}', '{"x":-0.220722735,"y":-0.1094133,"z":136.758759}', 2, 89, 89, 103),
	(5, 'BLO07', '{"PrimColor":{"Red":0,"Green":0,"Blue":0,"Alpha":255},"SecColor":{"Red":0,"Green":0,"Blue":0,"Alpha":255},"PrimModColor":-1,"SecModColor":-1,"Muffler":-1,"SideSkirt":-1,"Hood":-1,"Spoiler":-1,"Lattice":-1,"Wings":-1,"Roof":-1,"Vinyls":-1,"FrontBumper":-1,"RearBumper":-1,"Engine":-1,"Turbo":-1,"Horn":-1,"Transmission":-1,"WindowTint":0,"Suspension":-1,"Brakes":-1,"Headlights":-1,"NumberPlate":0,"Wheels":-1,"WheelsType":0,"WheelsColor":0,"NeonColor":{"Red":0,"Green":0,"Blue":0,"Alpha":0},"Armor":-1}', 'sabregt2', '{"x":987.644531,"y":-1814.978,"z":31.5827827}', '{"x":0.1541172,"y":-0.124922946,"z":136.4884}', 2, 89, 89, 104),
	(5, 'BLO08', '{"PrimColor":{"Red":0,"Green":0,"Blue":0,"Alpha":255},"SecColor":{"Red":0,"Green":0,"Blue":0,"Alpha":255},"PrimModColor":-1,"SecModColor":-1,"Muffler":-1,"SideSkirt":-1,"Hood":-1,"Spoiler":-1,"Lattice":-1,"Wings":-1,"Roof":-1,"Vinyls":-1,"FrontBumper":-1,"RearBumper":-1,"Engine":-1,"Turbo":-1,"Horn":-1,"Transmission":-1,"WindowTint":0,"Suspension":-1,"Brakes":-1,"Headlights":-1,"NumberPlate":0,"Wheels":-1,"WheelsType":0,"WheelsColor":0,"NeonColor":{"Red":0,"Green":0,"Blue":0,"Alpha":0},"Armor":-1}', 'faction', '{"x":987.5793,"y":-1820.37769,"z":31.5985813}', '{"x":0.0690027252,"y":-0.7892232,"z":134.800964}', 2, 89, 89, 105),
	(5, 'BLO09', '{"PrimColor":{"Red":0,"Green":0,"Blue":0,"Alpha":255},"SecColor":{"Red":0,"Green":0,"Blue":0,"Alpha":255},"PrimModColor":-1,"SecModColor":-1,"Muffler":-1,"SideSkirt":-1,"Hood":-1,"Spoiler":-1,"Lattice":-1,"Wings":-1,"Roof":-1,"Vinyls":-1,"FrontBumper":-1,"RearBumper":-1,"Engine":-1,"Turbo":-1,"Horn":-1,"Transmission":-1,"WindowTint":0,"Suspension":-1,"Brakes":-1,"Headlights":-1,"NumberPlate":0,"Wheels":-1,"WheelsType":0,"WheelsColor":0,"NeonColor":{"Red":0,"Green":0,"Blue":0,"Alpha":0},"Armor":-1}', 'faction', '{"x":986.85144,"y":-1826.177,"z":31.5924187}', '{"x":0.353789926,"y":-0.322325051,"z":135.473572}', 2, 89, 89, 106),
	(5, 'BLO10', '{"PrimColor":{"Red":0,"Green":0,"Blue":0,"Alpha":255},"SecColor":{"Red":0,"Green":0,"Blue":0,"Alpha":255},"PrimModColor":-1,"SecModColor":-1,"Muffler":-1,"SideSkirt":-1,"Hood":-1,"Spoiler":-1,"Lattice":-1,"Wings":-1,"Roof":-1,"Vinyls":-1,"FrontBumper":-1,"RearBumper":-1,"Engine":-1,"Turbo":-1,"Horn":-1,"Transmission":-1,"WindowTint":0,"Suspension":-1,"Brakes":-1,"Headlights":-1,"NumberPlate":0,"Wheels":-1,"WheelsType":0,"WheelsColor":0,"NeonColor":{"Red":0,"Green":0,"Blue":0,"Alpha":0},"Armor":-1}', 'warrener', '{"x":978.971436,"y":-1815.869,"z":31.363327}', '{"x":0.2417399,"y":0.366595417,"z":141.2956}', 2, 89, 89, 107),
	(5, 'BLO11', '{"PrimColor":{"Red":0,"Green":0,"Blue":0,"Alpha":255},"SecColor":{"Red":0,"Green":0,"Blue":0,"Alpha":255},"PrimModColor":-1,"SecModColor":-1,"Muffler":-1,"SideSkirt":-1,"Hood":-1,"Spoiler":-1,"Lattice":-1,"Wings":-1,"Roof":-1,"Vinyls":-1,"FrontBumper":-1,"RearBumper":-1,"Engine":-1,"Turbo":-1,"Horn":-1,"Transmission":-1,"WindowTint":0,"Suspension":-1,"Brakes":-1,"Headlights":-1,"NumberPlate":0,"Wheels":-1,"WheelsType":0,"WheelsColor":0,"NeonColor":{"Red":0,"Green":0,"Blue":0,"Alpha":0},"Armor":-1}', 'warrener', '{"x":975.169739,"y":-1815.628,"z":31.3321781}', '{"x":0.218430012,"y":0.4977192,"z":144.903046}', 2, 89, 89, 108),
	(4, 'MAR01', '{"PrimColor":{"Red":0,"Green":0,"Blue":0,"Alpha":255},"SecColor":{"Red":0,"Green":0,"Blue":0,"Alpha":255},"PrimModColor":-1,"SecModColor":-1,"Muffler":-1,"SideSkirt":-1,"Hood":-1,"Spoiler":-1,"Lattice":-1,"Wings":-1,"Roof":-1,"Vinyls":-1,"FrontBumper":-1,"RearBumper":-1,"Engine":-1,"Turbo":-1,"Horn":-1,"Transmission":-1,"WindowTint":0,"Suspension":-1,"Brakes":-1,"Headlights":-1,"NumberPlate":0,"Wheels":-1,"WheelsType":0,"WheelsColor":0,"NeonColor":{"Red":0,"Green":0,"Blue":0,"Alpha":0},"Armor":-1}', 'speedo4', '{"x":1422.415,"y":-1504.24561,"z":61.6569328}', '{"x":3.0280447,"y":6.04306936,"z":160.6023}', 2, 70, 70, 109),
	(4, 'MAR02', '{"PrimColor":{"Red":0,"Green":0,"Blue":0,"Alpha":255},"SecColor":{"Red":0,"Green":0,"Blue":0,"Alpha":255},"PrimModColor":-1,"SecModColor":-1,"Muffler":-1,"SideSkirt":-1,"Hood":-1,"Spoiler":-1,"Lattice":-1,"Wings":-1,"Roof":-1,"Vinyls":-1,"FrontBumper":-1,"RearBumper":-1,"Engine":-1,"Turbo":-1,"Horn":-1,"Transmission":-1,"WindowTint":0,"Suspension":-1,"Brakes":-1,"Headlights":-1,"NumberPlate":0,"Wheels":-1,"WheelsType":0,"WheelsColor":0,"NeonColor":{"Red":0,"Green":0,"Blue":0,"Alpha":0},"Armor":-1}', 'Landstalker', '{"x":1423.97229,"y":-1516.75061,"z":61.1334229}', '{"x":-4.43899,"y":5.52577353,"z":282.2256}', 2, 70, 70, 110),
	(4, 'MAR03', '{"PrimColor":{"Red":0,"Green":0,"Blue":0,"Alpha":255},"SecColor":{"Red":0,"Green":0,"Blue":0,"Alpha":255},"PrimModColor":-1,"SecModColor":-1,"Muffler":-1,"SideSkirt":-1,"Hood":-1,"Spoiler":-1,"Lattice":-1,"Wings":-1,"Roof":-1,"Vinyls":-1,"FrontBumper":-1,"RearBumper":-1,"Engine":-1,"Turbo":-1,"Horn":-1,"Transmission":-1,"WindowTint":0,"Suspension":-1,"Brakes":-1,"Headlights":-1,"NumberPlate":0,"Wheels":-1,"WheelsType":0,"WheelsColor":0,"NeonColor":{"Red":0,"Green":0,"Blue":0,"Alpha":0},"Armor":-1}', 'Landstalker', '{"x":1430.57629,"y":-1515.71655,"z":61.80937}', '{"x":-4.25645542,"y":6.06152344,"z":277.522675}', 2, 70, 70, 111),
	(4, 'MAR04', '{"PrimColor":{"Red":0,"Green":0,"Blue":0,"Alpha":255},"SecColor":{"Red":0,"Green":0,"Blue":0,"Alpha":255},"PrimModColor":-1,"SecModColor":-1,"Muffler":-1,"SideSkirt":-1,"Hood":-1,"Spoiler":-1,"Lattice":-1,"Wings":-1,"Roof":-1,"Vinyls":-1,"FrontBumper":-1,"RearBumper":-1,"Engine":-1,"Turbo":-1,"Horn":-1,"Transmission":-1,"WindowTint":0,"Suspension":-1,"Brakes":-1,"Headlights":-1,"NumberPlate":0,"Wheels":-1,"WheelsType":0,"WheelsColor":0,"NeonColor":{"Red":0,"Green":0,"Blue":0,"Alpha":0},"Armor":-1}', 'Landstalker', '{"x":1437.00757,"y":-1515.53723,"z":62.4939156}', '{"x":-3.718053,"y":6.595918,"z":265.292725}', 2, 70, 70, 112),
	(4, 'MAR05', '{"PrimColor":{"Red":0,"Green":0,"Blue":0,"Alpha":255},"SecColor":{"Red":0,"Green":0,"Blue":0,"Alpha":255},"PrimModColor":-1,"SecModColor":-1,"Muffler":-1,"SideSkirt":-1,"Hood":-1,"Spoiler":-1,"Lattice":-1,"Wings":-1,"Roof":-1,"Vinyls":-1,"FrontBumper":-1,"RearBumper":-1,"Engine":-1,"Turbo":-1,"Horn":-1,"Transmission":-1,"WindowTint":0,"Suspension":-1,"Brakes":-1,"Headlights":-1,"NumberPlate":0,"Wheels":-1,"WheelsType":0,"WheelsColor":0,"NeonColor":{"Red":0,"Green":0,"Blue":0,"Alpha":0},"Armor":-1}', 'sabregt2', '{"x":1445.29016,"y":-1508.00244,"z":63.4783363}', '{"x":-1.88375807,"y":5.29373,"z":266.598}', 2, 70, 70, 113),
	(4, 'MAR06', '{"PrimColor":{"Red":0,"Green":0,"Blue":0,"Alpha":255},"SecColor":{"Red":0,"Green":0,"Blue":0,"Alpha":255},"PrimModColor":-1,"SecModColor":-1,"Muffler":-1,"SideSkirt":-1,"Hood":-1,"Spoiler":-1,"Lattice":-1,"Wings":-1,"Roof":-1,"Vinyls":-1,"FrontBumper":-1,"RearBumper":-1,"Engine":-1,"Turbo":-1,"Horn":-1,"Transmission":-1,"WindowTint":0,"Suspension":-1,"Brakes":-1,"Headlights":-1,"NumberPlate":0,"Wheels":-1,"WheelsType":0,"WheelsColor":0,"NeonColor":{"Red":0,"Green":0,"Blue":0,"Alpha":0},"Armor":-1}', 'sabregt2', '{"x":1438.89038,"y":-1507.72729,"z":62.9637527}', '{"x":-2.24439573,"y":4.87161064,"z":269.228119}', 2, 70, 70, 114),
	(4, 'MAR07', '{"PrimColor":{"Red":0,"Green":0,"Blue":0,"Alpha":255},"SecColor":{"Red":0,"Green":0,"Blue":0,"Alpha":255},"PrimModColor":-1,"SecModColor":-1,"Muffler":-1,"SideSkirt":-1,"Hood":-1,"Spoiler":-1,"Lattice":-1,"Wings":-1,"Roof":-1,"Vinyls":-1,"FrontBumper":-1,"RearBumper":-1,"Engine":-1,"Turbo":-1,"Horn":-1,"Transmission":-1,"WindowTint":0,"Suspension":-1,"Brakes":-1,"Headlights":-1,"NumberPlate":0,"Wheels":-1,"WheelsType":0,"WheelsColor":0,"NeonColor":{"Red":0,"Green":0,"Blue":0,"Alpha":0},"Armor":-1}', 'warrener', '{"x":1433.073,"y":-1507.65845,"z":62.13947}', '{"x":-2.064142,"y":6.584545,"z":268.816437}', 2, 70, 70, 115),
	(4, 'MAR08', '{"PrimColor":{"Red":0,"Green":0,"Blue":0,"Alpha":255},"SecColor":{"Red":0,"Green":0,"Blue":0,"Alpha":255},"PrimModColor":-1,"SecModColor":-1,"Muffler":-1,"SideSkirt":-1,"Hood":-1,"Spoiler":-1,"Lattice":-1,"Wings":-1,"Roof":-1,"Vinyls":-1,"FrontBumper":-1,"RearBumper":-1,"Engine":-1,"Turbo":-1,"Horn":-1,"Transmission":-1,"WindowTint":0,"Suspension":-1,"Brakes":-1,"Headlights":-1,"NumberPlate":0,"Wheels":-1,"WheelsType":0,"WheelsColor":0,"NeonColor":{"Red":0,"Green":0,"Blue":0,"Alpha":0},"Armor":-1}', 'warrener', '{"x":1427.46729,"y":-1508.25159,"z":61.4947}', '{"x":-1.429729,"y":6.51281166,"z":282.50708}', 2, 70, 70, 116),
	(4, 'MAR09', '{"PrimColor":{"Red":0,"Green":0,"Blue":0,"Alpha":255},"SecColor":{"Red":0,"Green":0,"Blue":0,"Alpha":255},"PrimModColor":-1,"SecModColor":-1,"Muffler":-1,"SideSkirt":-1,"Hood":-1,"Spoiler":-1,"Lattice":-1,"Wings":-1,"Roof":-1,"Vinyls":-1,"FrontBumper":-1,"RearBumper":-1,"Engine":-1,"Turbo":-1,"Horn":-1,"Transmission":-1,"WindowTint":0,"Suspension":-1,"Brakes":-1,"Headlights":-1,"NumberPlate":0,"Wheels":-1,"WheelsType":0,"WheelsColor":0,"NeonColor":{"Red":0,"Green":0,"Blue":0,"Alpha":0},"Armor":-1}', 'savestra', '{"x":1417.67944,"y":-1518.33228,"z":60.3179}', '{"x":-3.64862013,"y":5.813313,"z":284.6414}', 2, 70, 70, 117),
	(1, 'FAM01', '{"PrimColor":{"Red":0,"Green":0,"Blue":0,"Alpha":255},"SecColor":{"Red":0,"Green":0,"Blue":0,"Alpha":255},"PrimModColor":-1,"SecModColor":-1,"Muffler":-1,"SideSkirt":-1,"Hood":-1,"Spoiler":-1,"Lattice":-1,"Wings":-1,"Roof":-1,"Vinyls":-1,"FrontBumper":-1,"RearBumper":-1,"Engine":-1,"Turbo":-1,"Horn":-1,"Transmission":-1,"WindowTint":0,"Suspension":-1,"Brakes":-1,"Headlights":-1,"NumberPlate":0,"Wheels":-1,"WheelsType":0,"WheelsColor":0,"NeonColor":{"Red":0,"Green":0,"Blue":0,"Alpha":0},"Armor":-1}', 'sabregt2', '{"x":-27.1358929,"y":-1388.61914,"z":29.79521}', '{"x":0.143806815,"y":0.0341152661,"z":358.6519}', 2, 53, 53, 118),
	(1, 'FAM02', '{"PrimColor":{"Red":0,"Green":0,"Blue":0,"Alpha":255},"SecColor":{"Red":0,"Green":0,"Blue":0,"Alpha":255},"PrimModColor":-1,"SecModColor":-1,"Muffler":-1,"SideSkirt":-1,"Hood":-1,"Spoiler":-1,"Lattice":-1,"Wings":-1,"Roof":-1,"Vinyls":-1,"FrontBumper":-1,"RearBumper":-1,"Engine":-1,"Turbo":-1,"Horn":-1,"Transmission":-1,"WindowTint":0,"Suspension":-1,"Brakes":-1,"Headlights":-1,"NumberPlate":0,"Wheels":-1,"WheelsType":0,"WheelsColor":0,"NeonColor":{"Red":0,"Green":0,"Blue":0,"Alpha":0},"Armor":-1}', 'sabregt2', '{"x":-23.4192181,"y":-1388.46985,"z":29.7928944}', '{"x":0.214676186,"y":0.0551162772,"z":359.804138}', 2, 53, 53, 119),
	(1, 'FAM03', '{"PrimColor":{"Red":0,"Green":0,"Blue":0,"Alpha":255},"SecColor":{"Red":0,"Green":0,"Blue":0,"Alpha":255},"PrimModColor":-1,"SecModColor":-1,"Muffler":-1,"SideSkirt":-1,"Hood":-1,"Spoiler":-1,"Lattice":-1,"Wings":-1,"Roof":-1,"Vinyls":-1,"FrontBumper":-1,"RearBumper":-1,"Engine":-1,"Turbo":-1,"Horn":-1,"Transmission":-1,"WindowTint":0,"Suspension":-1,"Brakes":-1,"Headlights":-1,"NumberPlate":0,"Wheels":-1,"WheelsType":0,"WheelsColor":0,"NeonColor":{"Red":0,"Green":0,"Blue":0,"Alpha":0},"Armor":-1}', 'Landstalker', '{"x":-17.7084026,"y":-1401.29431,"z":29.8255539}', '{"x":-0.343191117,"y":-0.1949568,"z":268.987671}', 2, 53, 53, 120),
	(1, 'FAM04', '{"PrimColor":{"Red":0,"Green":0,"Blue":0,"Alpha":255},"SecColor":{"Red":0,"Green":0,"Blue":0,"Alpha":255},"PrimModColor":-1,"SecModColor":-1,"Muffler":-1,"SideSkirt":-1,"Hood":-1,"Spoiler":-1,"Lattice":-1,"Wings":-1,"Roof":-1,"Vinyls":-1,"FrontBumper":-1,"RearBumper":-1,"Engine":-1,"Turbo":-1,"Horn":-1,"Transmission":-1,"WindowTint":0,"Suspension":-1,"Brakes":-1,"Headlights":-1,"NumberPlate":0,"Wheels":-1,"WheelsType":0,"WheelsColor":0,"NeonColor":{"Red":0,"Green":0,"Blue":0,"Alpha":0},"Armor":-1}', 'Landstalker', '{"x":-17.9508553,"y":-1405.06165,"z":29.8131943}', '{"x":-0.3069338,"y":-0.153867349,"z":269.041931}', 2, 53, 53, 121),
	(1, 'FAM05', '{"PrimColor":{"Red":0,"Green":0,"Blue":0,"Alpha":255},"SecColor":{"Red":0,"Green":0,"Blue":0,"Alpha":255},"PrimModColor":-1,"SecModColor":-1,"Muffler":-1,"SideSkirt":-1,"Hood":-1,"Spoiler":-1,"Lattice":-1,"Wings":-1,"Roof":-1,"Vinyls":-1,"FrontBumper":-1,"RearBumper":-1,"Engine":-1,"Turbo":-1,"Horn":-1,"Transmission":-1,"WindowTint":0,"Suspension":-1,"Brakes":-1,"Headlights":-1,"NumberPlate":0,"Wheels":-1,"WheelsType":0,"WheelsColor":0,"NeonColor":{"Red":0,"Green":0,"Blue":0,"Alpha":0},"Armor":-1}', 'Landstalker', '{"x":-17.7571774,"y":-1397.26355,"z":29.8464}', '{"x":-0.3302573,"y":-0.08878086,"z":270.833344}', 2, 53, 53, 122),
	(1, 'FAM06', '{"PrimColor":{"Red":0,"Green":0,"Blue":0,"Alpha":255},"SecColor":{"Red":0,"Green":0,"Blue":0,"Alpha":255},"PrimModColor":-1,"SecModColor":-1,"Muffler":-1,"SideSkirt":-1,"Hood":-1,"Spoiler":-1,"Lattice":-1,"Wings":-1,"Roof":-1,"Vinyls":-1,"FrontBumper":-1,"RearBumper":-1,"Engine":-1,"Turbo":-1,"Horn":-1,"Transmission":-1,"WindowTint":0,"Suspension":-1,"Brakes":-1,"Headlights":-1,"NumberPlate":0,"Wheels":-1,"WheelsType":0,"WheelsColor":0,"NeonColor":{"Red":0,"Green":0,"Blue":0,"Alpha":0},"Armor":-1}', 'savestra', '{"x":-11.391098,"y":-1418.31189,"z":29.700655}', '{"x":0.07114243,"y":0.0642424747,"z":291.1455}', 2, 53, 53, 123),
	(1, 'FAM07', '{"PrimColor":{"Red":0,"Green":0,"Blue":0,"Alpha":255},"SecColor":{"Red":0,"Green":0,"Blue":0,"Alpha":255},"PrimModColor":-1,"SecModColor":-1,"Muffler":-1,"SideSkirt":-1,"Hood":-1,"Spoiler":-1,"Lattice":-1,"Wings":-1,"Roof":-1,"Vinyls":-1,"FrontBumper":-1,"RearBumper":-1,"Engine":-1,"Turbo":-1,"Horn":-1,"Transmission":-1,"WindowTint":0,"Suspension":-1,"Brakes":-1,"Headlights":-1,"NumberPlate":0,"Wheels":-1,"WheelsType":0,"WheelsColor":0,"NeonColor":{"Red":0,"Green":0,"Blue":0,"Alpha":0},"Armor":-1}', 'warrener', '{"x":-20.9210567,"y":-1420.87561,"z":29.5070381}', '{"x":-0.290320426,"y":0.107170969,"z":272.743439}', 2, 53, 53, 124),
	(1, 'FAM08', '{"PrimColor":{"Red":0,"Green":0,"Blue":0,"Alpha":255},"SecColor":{"Red":0,"Green":0,"Blue":0,"Alpha":255},"PrimModColor":-1,"SecModColor":-1,"Muffler":-1,"SideSkirt":-1,"Hood":-1,"Spoiler":-1,"Lattice":-1,"Wings":-1,"Roof":-1,"Vinyls":-1,"FrontBumper":-1,"RearBumper":-1,"Engine":-1,"Turbo":-1,"Horn":-1,"Transmission":-1,"WindowTint":0,"Suspension":-1,"Brakes":-1,"Headlights":-1,"NumberPlate":0,"Wheels":-1,"WheelsType":0,"WheelsColor":0,"NeonColor":{"Red":0,"Green":0,"Blue":0,"Alpha":0},"Armor":-1}', 'warrener', '{"x":-26.7668877,"y":-1421.03137,"z":29.506}', '{"x":-0.202892691,"y":0.0897195861,"z":271.400421}', 2, 53, 53, 125),
	(1, 'FAM09', '{"PrimColor":{"Red":0,"Green":0,"Blue":0,"Alpha":255},"SecColor":{"Red":0,"Green":0,"Blue":0,"Alpha":255},"PrimModColor":-1,"SecModColor":-1,"Muffler":-1,"SideSkirt":-1,"Hood":-1,"Spoiler":-1,"Lattice":-1,"Wings":-1,"Roof":-1,"Vinyls":-1,"FrontBumper":-1,"RearBumper":-1,"Engine":-1,"Turbo":-1,"Horn":-1,"Transmission":-1,"WindowTint":0,"Suspension":-1,"Brakes":-1,"Headlights":-1,"NumberPlate":0,"Wheels":-1,"WheelsType":0,"WheelsColor":0,"NeonColor":{"Red":0,"Green":0,"Blue":0,"Alpha":0},"Armor":-1}', 'speedo4', '{"x":-24.550745,"y":-1411.56213,"z":30.2473717}', '{"x":-0.190197319,"y":0.04997245,"z":271.720276}', 2, 53, 53, 126),
	(2, 'BAL01', '{"PrimColor":{"Red":0,"Green":0,"Blue":0,"Alpha":255},"SecColor":{"Red":0,"Green":0,"Blue":0,"Alpha":255},"PrimModColor":-1,"SecModColor":-1,"Muffler":-1,"SideSkirt":-1,"Hood":-1,"Spoiler":-1,"Lattice":-1,"Wings":-1,"Roof":-1,"Vinyls":-1,"FrontBumper":-1,"RearBumper":-1,"Engine":-1,"Turbo":-1,"Horn":-1,"Transmission":-1,"WindowTint":0,"Suspension":-1,"Brakes":-1,"Headlights":-1,"NumberPlate":0,"Wheels":-1,"WheelsType":0,"WheelsColor":0,"NeonColor":{"Red":0,"Green":0,"Blue":0,"Alpha":0},"Armor":-1}', 'warrener', '{"x":117.7568,"y":-1988.17554,"z":18.4973068}', '{"x":-0.034373045,"y":0.127251431,"z":249.616516}', 2, 148, 148, 127),
	(2, 'BAL02', '{"PrimColor":{"Red":0,"Green":0,"Blue":0,"Alpha":255},"SecColor":{"Red":0,"Green":0,"Blue":0,"Alpha":255},"PrimModColor":-1,"SecModColor":-1,"Muffler":-1,"SideSkirt":-1,"Hood":-1,"Spoiler":-1,"Lattice":-1,"Wings":-1,"Roof":-1,"Vinyls":-1,"FrontBumper":-1,"RearBumper":-1,"Engine":-1,"Turbo":-1,"Horn":-1,"Transmission":-1,"WindowTint":0,"Suspension":-1,"Brakes":-1,"Headlights":-1,"NumberPlate":0,"Wheels":-1,"WheelsType":0,"WheelsColor":0,"NeonColor":{"Red":0,"Green":0,"Blue":0,"Alpha":0},"Armor":-1}', 'warrener', '{"x":122.8678,"y":-1989.92285,"z":18.4986153}', '{"x":-0.111125462,"y":0.209102467,"z":249.86676}', 2, 148, 148, 128),
	(2, 'BAL04', '{"PrimColor":{"Red":0,"Green":0,"Blue":0,"Alpha":255},"SecColor":{"Red":0,"Green":0,"Blue":0,"Alpha":255},"PrimModColor":-1,"SecModColor":-1,"Muffler":-1,"SideSkirt":-1,"Hood":-1,"Spoiler":-1,"Lattice":-1,"Wings":-1,"Roof":-1,"Vinyls":-1,"FrontBumper":-1,"RearBumper":-1,"Engine":-1,"Turbo":-1,"Horn":-1,"Transmission":-1,"WindowTint":0,"Suspension":-1,"Brakes":-1,"Headlights":-1,"NumberPlate":0,"Wheels":-1,"WheelsType":0,"WheelsColor":0,"NeonColor":{"Red":0,"Green":0,"Blue":0,"Alpha":0},"Armor":-1}', 'Landstalker', '{"x":122.898949,"y":-2016.778,"z":18.794281}', '{"x":-0.102419555,"y":-0.219513714,"z":32.69751}', 2, 148, 148, 130),
	(2, 'BAL05', '{"PrimColor":{"Red":0,"Green":0,"Blue":0,"Alpha":255},"SecColor":{"Red":0,"Green":0,"Blue":0,"Alpha":255},"PrimModColor":-1,"SecModColor":-1,"Muffler":-1,"SideSkirt":-1,"Hood":-1,"Spoiler":-1,"Lattice":-1,"Wings":-1,"Roof":-1,"Vinyls":-1,"FrontBumper":-1,"RearBumper":-1,"Engine":-1,"Turbo":-1,"Horn":-1,"Transmission":-1,"WindowTint":0,"Suspension":-1,"Brakes":-1,"Headlights":-1,"NumberPlate":0,"Wheels":-1,"WheelsType":0,"WheelsColor":0,"NeonColor":{"Red":0,"Green":0,"Blue":0,"Alpha":0},"Armor":-1}', 'Landstalker', '{"x":124.893837,"y":-2012.4082,"z":18.7940254}', '{"x":-0.0907571241,"y":-0.254606843,"z":28.8000183}', 2, 148, 148, 131),
	(2, 'BAL06', '{"PrimColor":{"Red":0,"Green":0,"Blue":0,"Alpha":255},"SecColor":{"Red":0,"Green":0,"Blue":0,"Alpha":255},"PrimModColor":-1,"SecModColor":-1,"Muffler":-1,"SideSkirt":-1,"Hood":-1,"Spoiler":-1,"Lattice":-1,"Wings":-1,"Roof":-1,"Vinyls":-1,"FrontBumper":-1,"RearBumper":-1,"Engine":-1,"Turbo":-1,"Horn":-1,"Transmission":-1,"WindowTint":0,"Suspension":-1,"Brakes":-1,"Headlights":-1,"NumberPlate":0,"Wheels":-1,"WheelsType":0,"WheelsColor":0,"NeonColor":{"Red":0,"Green":0,"Blue":0,"Alpha":0},"Armor":-1}', 'Landstalker', '{"x":125.930794,"y":-2007.72327,"z":18.7948227}', '{"x":-0.0975797847,"y":-0.228153139,"z":29.2136841}', 2, 148, 148, 132),
	(2, 'BAL07', '{"PrimColor":{"Red":0,"Green":0,"Blue":0,"Alpha":255},"SecColor":{"Red":0,"Green":0,"Blue":0,"Alpha":255},"PrimModColor":-1,"SecModColor":-1,"Muffler":-1,"SideSkirt":-1,"Hood":-1,"Spoiler":-1,"Lattice":-1,"Wings":-1,"Roof":-1,"Vinyls":-1,"FrontBumper":-1,"RearBumper":-1,"Engine":-1,"Turbo":-1,"Horn":-1,"Transmission":-1,"WindowTint":0,"Suspension":-1,"Brakes":-1,"Headlights":-1,"NumberPlate":0,"Wheels":-1,"WheelsType":0,"WheelsColor":0,"NeonColor":{"Red":0,"Green":0,"Blue":0,"Alpha":0},"Armor":-1}', 'sabregt2', '{"x":131.0912,"y":-1994.32544,"z":18.8541527}', '{"x":-1.28819454,"y":-0.365307748,"z":155.554565}', 2, 148, 148, 133),
	(2, 'BAL08', '{"PrimColor":{"Red":0,"Green":0,"Blue":0,"Alpha":255},"SecColor":{"Red":0,"Green":0,"Blue":0,"Alpha":255},"PrimModColor":-1,"SecModColor":-1,"Muffler":-1,"SideSkirt":-1,"Hood":-1,"Spoiler":-1,"Lattice":-1,"Wings":-1,"Roof":-1,"Vinyls":-1,"FrontBumper":-1,"RearBumper":-1,"Engine":-1,"Turbo":-1,"Horn":-1,"Transmission":-1,"WindowTint":0,"Suspension":-1,"Brakes":-1,"Headlights":-1,"NumberPlate":0,"Wheels":-1,"WheelsType":0,"WheelsColor":0,"NeonColor":{"Red":0,"Green":0,"Blue":0,"Alpha":0},"Armor":-1}', 'sabregt2', '{"x":128.352982,"y":-1993.09,"z":18.8451347}', '{"x":-1.389361,"y":1.147407,"z":156.7663}', 2, 148, 148, 134),
	(2, 'BAL09', '{"PrimColor":{"Red":0,"Green":0,"Blue":0,"Alpha":255},"SecColor":{"Red":0,"Green":0,"Blue":0,"Alpha":255},"PrimModColor":-1,"SecModColor":-1,"Muffler":-1,"SideSkirt":-1,"Hood":-1,"Spoiler":-1,"Lattice":-1,"Wings":-1,"Roof":-1,"Vinyls":-1,"FrontBumper":-1,"RearBumper":-1,"Engine":-1,"Turbo":-1,"Horn":-1,"Transmission":-1,"WindowTint":0,"Suspension":-1,"Brakes":-1,"Headlights":-1,"NumberPlate":0,"Wheels":-1,"WheelsType":0,"WheelsColor":0,"NeonColor":{"Red":0,"Green":0,"Blue":0,"Alpha":0},"Armor":-1}', 'savestra', '{"x":108.445221,"y":-2018.90942,"z":18.6843128}', '{"x":0.19437328,"y":0.06650241,"z":253.327545}', 2, 148, 148, 135),
	(14, 'ARMY01', '{"PrimColor":{"Red":0,"Green":0,"Blue":0,"Alpha":255},"SecColor":{"Red":0,"Green":0,"Blue":0,"Alpha":255},"PrimModColor":-1,"SecModColor":-1,"Muffler":-1,"SideSkirt":-1,"Hood":-1,"Spoiler":-1,"Lattice":-1,"Wings":-1,"Roof":-1,"Vinyls":-1,"FrontBumper":-1,"RearBumper":-1,"Engine":-1,"Turbo":-1,"Horn":-1,"Transmission":-1,"WindowTint":0,"Suspension":-1,"Brakes":-1,"Headlights":-1,"NumberPlate":0,"Wheels":-1,"WheelsType":0,"WheelsColor":0,"NeonColor":{"Red":0,"Green":0,"Blue":0,"Alpha":0},"Armor":-1}', 'terbyte', '{"x":-2378.36548,"y":3388.99585,"z":33.9085732}', '{"x":-0.101451173,"y":0.07144753,"z":150.9018}', 2, 100, 100, 136),
	(14, 'ARMY02', '{"PrimColor":{"Red":0,"Green":0,"Blue":0,"Alpha":255},"SecColor":{"Red":0,"Green":0,"Blue":0,"Alpha":255},"PrimModColor":-1,"SecModColor":-1,"Muffler":-1,"SideSkirt":-1,"Hood":-1,"Spoiler":-1,"Lattice":-1,"Wings":-1,"Roof":-1,"Vinyls":-1,"FrontBumper":-1,"RearBumper":-1,"Engine":-1,"Turbo":-1,"Horn":-1,"Transmission":-1,"WindowTint":0,"Suspension":-1,"Brakes":-1,"Headlights":-1,"NumberPlate":0,"Wheels":-1,"WheelsType":0,"WheelsColor":0,"NeonColor":{"Red":0,"Green":0,"Blue":0,"Alpha":0},"Armor":-1}', 'terbyte', '{"x":-2374.10669,"y":3386.77173,"z":33.90886}', '{"x":-0.112977467,"y":0.0648233742,"z":150.832092}', 2, 100, 100, 137),
	(14, 'ARMY03', '{"PrimColor":{"Red":0,"Green":0,"Blue":0,"Alpha":255},"SecColor":{"Red":0,"Green":0,"Blue":0,"Alpha":255},"PrimModColor":-1,"SecModColor":-1,"Muffler":-1,"SideSkirt":-1,"Hood":-1,"Spoiler":-1,"Lattice":-1,"Wings":-1,"Roof":-1,"Vinyls":-1,"FrontBumper":-1,"RearBumper":-1,"Engine":-1,"Turbo":-1,"Horn":-1,"Transmission":-1,"WindowTint":0,"Suspension":-1,"Brakes":-1,"Headlights":-1,"NumberPlate":0,"Wheels":-1,"WheelsType":0,"WheelsColor":0,"NeonColor":{"Red":0,"Green":0,"Blue":0,"Alpha":0},"Armor":-1}', 'terbyte', '{"x":-2369.18262,"y":3383.919,"z":33.90882}', '{"x":-0.111445136,"y":0.0674395338,"z":150.504639}', 2, 100, 100, 138),
	(14, 'ARMY04', '{"PrimColor":{"Red":0,"Green":0,"Blue":0,"Alpha":255},"SecColor":{"Red":0,"Green":0,"Blue":0,"Alpha":255},"PrimModColor":-1,"SecModColor":-1,"Muffler":-1,"SideSkirt":-1,"Hood":-1,"Spoiler":-1,"Lattice":-1,"Wings":-1,"Roof":-1,"Vinyls":-1,"FrontBumper":-1,"RearBumper":-1,"Engine":-1,"Turbo":-1,"Horn":-1,"Transmission":-1,"WindowTint":0,"Suspension":-1,"Brakes":-1,"Headlights":-1,"NumberPlate":0,"Wheels":-1,"WheelsType":0,"WheelsColor":0,"NeonColor":{"Red":0,"Green":0,"Blue":0,"Alpha":0},"Armor":-1}', 'terbyte', '{"x":-2364.9917,"y":3381.57129,"z":33.90887}', '{"x":-0.112475418,"y":0.06557276,"z":150.857849}', 2, 100, 100, 139),
	(14, 'ARMY05', '{"PrimColor":{"Red":0,"Green":0,"Blue":0,"Alpha":255},"SecColor":{"Red":0,"Green":0,"Blue":0,"Alpha":255},"PrimModColor":-1,"SecModColor":-1,"Muffler":-1,"SideSkirt":-1,"Hood":-1,"Spoiler":-1,"Lattice":-1,"Wings":-1,"Roof":-1,"Vinyls":-1,"FrontBumper":-1,"RearBumper":-1,"Engine":-1,"Turbo":-1,"Horn":-1,"Transmission":-1,"WindowTint":0,"Suspension":-1,"Brakes":-1,"Headlights":-1,"NumberPlate":0,"Wheels":-1,"WheelsType":0,"WheelsColor":0,"NeonColor":{"Red":0,"Green":0,"Blue":0,"Alpha":0},"Armor":-1}', 'terbyte', '{"x":-2359.999,"y":3378.83252,"z":33.908905}', '{"x":-0.112863287,"y":0.06417089,"z":150.612732}', 2, 100, 100, 140),
	(14, 'ARMY06', '{"PrimColor":{"Red":0,"Green":0,"Blue":0,"Alpha":255},"SecColor":{"Red":0,"Green":0,"Blue":0,"Alpha":255},"PrimModColor":-1,"SecModColor":-1,"Muffler":-1,"SideSkirt":-1,"Hood":-1,"Spoiler":-1,"Lattice":-1,"Wings":-1,"Roof":-1,"Vinyls":-1,"FrontBumper":-1,"RearBumper":-1,"Engine":-1,"Turbo":-1,"Horn":-1,"Transmission":-1,"WindowTint":0,"Suspension":-1,"Brakes":-1,"Headlights":-1,"NumberPlate":0,"Wheels":-1,"WheelsType":0,"WheelsColor":0,"NeonColor":{"Red":0,"Green":0,"Blue":0,"Alpha":0},"Armor":-1}', 'terbyte', '{"x":-2356.068,"y":3376.46924,"z":33.9088364}', '{"x":-0.11287041,"y":0.06570071,"z":150.921814}', 2, 100, 100, 141),
	(14, 'ARMY07', '{"PrimColor":{"Red":0,"Green":0,"Blue":0,"Alpha":255},"SecColor":{"Red":0,"Green":0,"Blue":0,"Alpha":255},"PrimModColor":-1,"SecModColor":-1,"Muffler":-1,"SideSkirt":-1,"Hood":-1,"Spoiler":-1,"Lattice":-1,"Wings":-1,"Roof":-1,"Vinyls":-1,"FrontBumper":-1,"RearBumper":-1,"Engine":-1,"Turbo":-1,"Horn":-1,"Transmission":-1,"WindowTint":0,"Suspension":-1,"Brakes":-1,"Headlights":-1,"NumberPlate":0,"Wheels":-1,"WheelsType":0,"WheelsColor":0,"NeonColor":{"Red":0,"Green":0,"Blue":0,"Alpha":0},"Armor":-1}', 'terbyte', '{"x":-2350.889,"y":3373.653,"z":33.90884}', '{"x":-0.113658272,"y":0.0581044927,"z":150.899384}', 2, 100, 100, 142),
	(14, 'ARMY08', '{"PrimColor":{"Red":0,"Green":0,"Blue":0,"Alpha":255},"SecColor":{"Red":0,"Green":0,"Blue":0,"Alpha":255},"PrimModColor":-1,"SecModColor":-1,"Muffler":-1,"SideSkirt":-1,"Hood":-1,"Spoiler":-1,"Lattice":-1,"Wings":-1,"Roof":-1,"Vinyls":-1,"FrontBumper":-1,"RearBumper":-1,"Engine":-1,"Turbo":-1,"Horn":-1,"Transmission":-1,"WindowTint":0,"Suspension":-1,"Brakes":-1,"Headlights":-1,"NumberPlate":0,"Wheels":-1,"WheelsType":0,"WheelsColor":0,"NeonColor":{"Red":0,"Green":0,"Blue":0,"Alpha":0},"Armor":-1}', 'terbyte', '{"x":-2345.70117,"y":3370.90259,"z":33.90659}', '{"x":-0.09944602,"y":0.0222561229,"z":151.245972}', 2, 100, 100, 143),
	(14, 'ARMY09', '{"PrimColor":{"Red":0,"Green":0,"Blue":0,"Alpha":255},"SecColor":{"Red":0,"Green":0,"Blue":0,"Alpha":255},"PrimModColor":-1,"SecModColor":-1,"Muffler":-1,"SideSkirt":-1,"Hood":-1,"Spoiler":-1,"Lattice":-1,"Wings":-1,"Roof":-1,"Vinyls":-1,"FrontBumper":-1,"RearBumper":-1,"Engine":-1,"Turbo":-1,"Horn":-1,"Transmission":-1,"WindowTint":0,"Suspension":-1,"Brakes":-1,"Headlights":-1,"NumberPlate":0,"Wheels":-1,"WheelsType":0,"WheelsColor":0,"NeonColor":{"Red":0,"Green":0,"Blue":0,"Alpha":0},"Armor":-1}', 'insurgent2', '{"x":-2342.94141,"y":3364.71362,"z":33.7613144}', '{"x":0.0193044562,"y":-0.01640389,"z":151.1131}', 2, 100, 100, 144),
	(14, 'ARMY10', '{"PrimColor":{"Red":0,"Green":0,"Blue":0,"Alpha":255},"SecColor":{"Red":0,"Green":0,"Blue":0,"Alpha":255},"PrimModColor":-1,"SecModColor":-1,"Muffler":-1,"SideSkirt":-1,"Hood":-1,"Spoiler":-1,"Lattice":-1,"Wings":-1,"Roof":-1,"Vinyls":-1,"FrontBumper":-1,"RearBumper":-1,"Engine":-1,"Turbo":-1,"Horn":-1,"Transmission":-1,"WindowTint":0,"Suspension":-1,"Brakes":-1,"Headlights":-1,"NumberPlate":0,"Wheels":-1,"WheelsType":0,"WheelsColor":0,"NeonColor":{"Red":0,"Green":0,"Blue":0,"Alpha":0},"Armor":-1}', 'insurgent2', '{"x":-2339.1106,"y":3371.732,"z":33.7529755}', '{"x":-0.0276650842,"y":-0.0529118069,"z":151.16449}', 2, 100, 100, 145),
	(14, 'ARMY11', '{"PrimColor":{"Red":0,"Green":0,"Blue":0,"Alpha":255},"SecColor":{"Red":0,"Green":0,"Blue":0,"Alpha":255},"PrimModColor":-1,"SecModColor":-1,"Muffler":-1,"SideSkirt":-1,"Hood":-1,"Spoiler":-1,"Lattice":-1,"Wings":-1,"Roof":-1,"Vinyls":-1,"FrontBumper":-1,"RearBumper":-1,"Engine":-1,"Turbo":-1,"Horn":-1,"Transmission":-1,"WindowTint":0,"Suspension":-1,"Brakes":-1,"Headlights":-1,"NumberPlate":0,"Wheels":-1,"WheelsType":0,"WheelsColor":0,"NeonColor":{"Red":0,"Green":0,"Blue":0,"Alpha":0},"Armor":-1}', 'insurgent2', '{"x":-2334.10132,"y":3368.91016,"z":33.757576}', '{"x":-0.15953359,"y":0.2045093,"z":150.071136}', 2, 100, 100, 146),
	(14, 'ARMY12', '{"PrimColor":{"Red":0,"Green":0,"Blue":0,"Alpha":255},"SecColor":{"Red":0,"Green":0,"Blue":0,"Alpha":255},"PrimModColor":-1,"SecModColor":-1,"Muffler":-1,"SideSkirt":-1,"Hood":-1,"Spoiler":-1,"Lattice":-1,"Wings":-1,"Roof":-1,"Vinyls":-1,"FrontBumper":-1,"RearBumper":-1,"Engine":-1,"Turbo":-1,"Horn":-1,"Transmission":-1,"WindowTint":0,"Suspension":-1,"Brakes":-1,"Headlights":-1,"NumberPlate":0,"Wheels":-1,"WheelsType":0,"WheelsColor":0,"NeonColor":{"Red":0,"Green":0,"Blue":0,"Alpha":0},"Armor":-1}', 'insurgent2', '{"x":-2338.19434,"y":3361.95874,"z":33.7609329}', '{"x":0.0195615627,"y":-0.00364226755,"z":151.1156}', 2, 100, 100, 147),
	(14, 'ARMY13', '{"PrimColor":{"Red":0,"Green":0,"Blue":0,"Alpha":255},"SecColor":{"Red":0,"Green":0,"Blue":0,"Alpha":255},"PrimModColor":-1,"SecModColor":-1,"Muffler":-1,"SideSkirt":-1,"Hood":-1,"Spoiler":-1,"Lattice":-1,"Wings":-1,"Roof":-1,"Vinyls":-1,"FrontBumper":-1,"RearBumper":-1,"Engine":-1,"Turbo":-1,"Horn":-1,"Transmission":-1,"WindowTint":0,"Suspension":-1,"Brakes":-1,"Headlights":-1,"NumberPlate":0,"Wheels":-1,"WheelsType":0,"WheelsColor":0,"NeonColor":{"Red":0,"Green":0,"Blue":0,"Alpha":0},"Armor":-1}', 'mesa3', '{"x":-2356.11816,"y":3349.99878,"z":33.603054}', '{"x":0.203271285,"y":-0.04507685,"z":150.575409}', 2, 100, 100, 148),
	(14, 'ARMY14', '{"PrimColor":{"Red":0,"Green":0,"Blue":0,"Alpha":255},"SecColor":{"Red":0,"Green":0,"Blue":0,"Alpha":255},"PrimModColor":-1,"SecModColor":-1,"Muffler":-1,"SideSkirt":-1,"Hood":-1,"Spoiler":-1,"Lattice":-1,"Wings":-1,"Roof":-1,"Vinyls":-1,"FrontBumper":-1,"RearBumper":-1,"Engine":-1,"Turbo":-1,"Horn":-1,"Transmission":-1,"WindowTint":0,"Suspension":-1,"Brakes":-1,"Headlights":-1,"NumberPlate":0,"Wheels":-1,"WheelsType":0,"WheelsColor":0,"NeonColor":{"Red":0,"Green":0,"Blue":0,"Alpha":0},"Armor":-1}', 'mesa3', '{"x":-2358.63818,"y":3345.11841,"z":33.60307}', '{"x":0.204111233,"y":-0.03985218,"z":150.422424}', 2, 100, 100, 149),
	(14, 'ARMY15', '{"PrimColor":{"Red":0,"Green":0,"Blue":0,"Alpha":255},"SecColor":{"Red":0,"Green":0,"Blue":0,"Alpha":255},"PrimModColor":-1,"SecModColor":-1,"Muffler":-1,"SideSkirt":-1,"Hood":-1,"Spoiler":-1,"Lattice":-1,"Wings":-1,"Roof":-1,"Vinyls":-1,"FrontBumper":-1,"RearBumper":-1,"Engine":-1,"Turbo":-1,"Horn":-1,"Transmission":-1,"WindowTint":0,"Suspension":-1,"Brakes":-1,"Headlights":-1,"NumberPlate":0,"Wheels":-1,"WheelsType":0,"WheelsColor":0,"NeonColor":{"Red":0,"Green":0,"Blue":0,"Alpha":0},"Armor":-1}', 'mesa3', '{"x":-2361.30151,"y":3340.714,"z":33.6027641}', '{"x":0.192059144,"y":-0.0518585369,"z":149.759338}', 2, 100, 100, 150),
	(14, 'ARMY16', '{"PrimColor":{"Red":0,"Green":0,"Blue":0,"Alpha":255},"SecColor":{"Red":0,"Green":0,"Blue":0,"Alpha":255},"PrimModColor":-1,"SecModColor":-1,"Muffler":-1,"SideSkirt":-1,"Hood":-1,"Spoiler":-1,"Lattice":-1,"Wings":-1,"Roof":-1,"Vinyls":-1,"FrontBumper":-1,"RearBumper":-1,"Engine":-1,"Turbo":-1,"Horn":-1,"Transmission":-1,"WindowTint":0,"Suspension":-1,"Brakes":-1,"Headlights":-1,"NumberPlate":0,"Wheels":-1,"WheelsType":0,"WheelsColor":0,"NeonColor":{"Red":0,"Green":0,"Blue":0,"Alpha":0},"Armor":-1}', 'mesa3', '{"x":-2365.552,"y":3343.44067,"z":33.6027222}', '{"x":0.187812909,"y":-0.063283965,"z":148.1289}', 2, 100, 100, 151),
	(14, 'ARMY17', '{"PrimColor":{"Red":0,"Green":0,"Blue":0,"Alpha":255},"SecColor":{"Red":0,"Green":0,"Blue":0,"Alpha":255},"PrimModColor":-1,"SecModColor":-1,"Muffler":-1,"SideSkirt":-1,"Hood":-1,"Spoiler":-1,"Lattice":-1,"Wings":-1,"Roof":-1,"Vinyls":-1,"FrontBumper":-1,"RearBumper":-1,"Engine":-1,"Turbo":-1,"Horn":-1,"Transmission":-1,"WindowTint":0,"Suspension":-1,"Brakes":-1,"Headlights":-1,"NumberPlate":0,"Wheels":-1,"WheelsType":0,"WheelsColor":0,"NeonColor":{"Red":0,"Green":0,"Blue":0,"Alpha":0},"Armor":-1}', 'mesa3', '{"x":-2362.99,"y":3347.75854,"z":33.6028748}', '{"x":0.194983944,"y":-0.0551980622,"z":148.763672}', 2, 100, 100, 152),
	(14, 'ARMY18', '{"PrimColor":{"Red":0,"Green":0,"Blue":0,"Alpha":255},"SecColor":{"Red":0,"Green":0,"Blue":0,"Alpha":255},"PrimModColor":-1,"SecModColor":-1,"Muffler":-1,"SideSkirt":-1,"Hood":-1,"Spoiler":-1,"Lattice":-1,"Wings":-1,"Roof":-1,"Vinyls":-1,"FrontBumper":-1,"RearBumper":-1,"Engine":-1,"Turbo":-1,"Horn":-1,"Transmission":-1,"WindowTint":0,"Suspension":-1,"Brakes":-1,"Headlights":-1,"NumberPlate":0,"Wheels":-1,"WheelsType":0,"WheelsColor":0,"NeonColor":{"Red":0,"Green":0,"Blue":0,"Alpha":0},"Armor":-1}', 'mesa3', '{"x":-2360.35425,"y":3352.58423,"z":33.6028}', '{"x":0.194712073,"y":-0.04494602,"z":152.3805}', 2, 100, 100, 153),
	(14, 'ARMY19', '{"PrimColor":{"Red":0,"Green":0,"Blue":0,"Alpha":255},"SecColor":{"Red":0,"Green":0,"Blue":0,"Alpha":255},"PrimModColor":-1,"SecModColor":-1,"Muffler":-1,"SideSkirt":-1,"Hood":-1,"Spoiler":-1,"Lattice":-1,"Wings":-1,"Roof":-1,"Vinyls":-1,"FrontBumper":-1,"RearBumper":-1,"Engine":-1,"Turbo":-1,"Horn":-1,"Transmission":-1,"WindowTint":0,"Suspension":-1,"Brakes":-1,"Headlights":-1,"NumberPlate":0,"Wheels":-1,"WheelsType":0,"WheelsColor":0,"NeonColor":{"Red":0,"Green":0,"Blue":0,"Alpha":0},"Armor":-1}', 'Rumpo3', '{"x":-2375.20361,"y":3350.831,"z":34.0404625}', '{"x":0.13178508,"y":0.0242215078,"z":151.386017}', 2, 100, 100, 154),
	(14, 'ARMY20', '{"PrimColor":{"Red":0,"Green":0,"Blue":0,"Alpha":255},"SecColor":{"Red":0,"Green":0,"Blue":0,"Alpha":255},"PrimModColor":-1,"SecModColor":-1,"Muffler":-1,"SideSkirt":-1,"Hood":-1,"Spoiler":-1,"Lattice":-1,"Wings":-1,"Roof":-1,"Vinyls":-1,"FrontBumper":-1,"RearBumper":-1,"Engine":-1,"Turbo":-1,"Horn":-1,"Transmission":-1,"WindowTint":0,"Suspension":-1,"Brakes":-1,"Headlights":-1,"NumberPlate":0,"Wheels":-1,"WheelsType":0,"WheelsColor":0,"NeonColor":{"Red":0,"Green":0,"Blue":0,"Alpha":0},"Armor":-1}', 'Rumpo3', '{"x":-2371.19531,"y":3358.043,"z":34.04048}', '{"x":0.106796294,"y":0.009077446,"z":150.490082}', 2, 100, 100, 155),
	(14, 'ARMY21', '{"PrimColor":{"Red":0,"Green":0,"Blue":0,"Alpha":255},"SecColor":{"Red":0,"Green":0,"Blue":0,"Alpha":255},"PrimModColor":-1,"SecModColor":-1,"Muffler":-1,"SideSkirt":-1,"Hood":-1,"Spoiler":-1,"Lattice":-1,"Wings":-1,"Roof":-1,"Vinyls":-1,"FrontBumper":-1,"RearBumper":-1,"Engine":-1,"Turbo":-1,"Horn":-1,"Transmission":-1,"WindowTint":0,"Suspension":-1,"Brakes":-1,"Headlights":-1,"NumberPlate":0,"Wheels":-1,"WheelsType":0,"WheelsColor":0,"NeonColor":{"Red":0,"Green":0,"Blue":0,"Alpha":0},"Armor":-1}', 'barracks3', '{"x":-2382.64,"y":3358.20337,"z":33.4524651}', '{"x":-0.639458537,"y":0.394020826,"z":149.279968}', 2, 100, 100, 156),
	(14, 'ARMY22', '{"PrimColor":{"Red":0,"Green":0,"Blue":0,"Alpha":255},"SecColor":{"Red":0,"Green":0,"Blue":0,"Alpha":255},"PrimModColor":-1,"SecModColor":-1,"Muffler":-1,"SideSkirt":-1,"Hood":-1,"Spoiler":-1,"Lattice":-1,"Wings":-1,"Roof":-1,"Vinyls":-1,"FrontBumper":-1,"RearBumper":-1,"Engine":-1,"Turbo":-1,"Horn":-1,"Transmission":-1,"WindowTint":0,"Suspension":-1,"Brakes":-1,"Headlights":-1,"NumberPlate":0,"Wheels":-1,"WheelsType":0,"WheelsColor":0,"NeonColor":{"Red":0,"Green":0,"Blue":0,"Alpha":0},"Armor":-1}', 'barracks3', '{"x":-2378.26587,"y":3355.63379,"z":33.45224}', '{"x":-0.6575168,"y":0.364226,"z":151.612976}', 2, 100, 100, 157),
	(14, 'ARMY23', '{"PrimColor":{"Red":0,"Green":0,"Blue":0,"Alpha":255},"SecColor":{"Red":0,"Green":0,"Blue":0,"Alpha":255},"PrimModColor":-1,"SecModColor":-1,"Muffler":-1,"SideSkirt":-1,"Hood":-1,"Spoiler":-1,"Lattice":-1,"Wings":-1,"Roof":-1,"Vinyls":-1,"FrontBumper":-1,"RearBumper":-1,"Engine":-1,"Turbo":-1,"Horn":-1,"Transmission":-1,"WindowTint":0,"Suspension":-1,"Brakes":-1,"Headlights":-1,"NumberPlate":0,"Wheels":-1,"WheelsType":0,"WheelsColor":0,"NeonColor":{"Red":0,"Green":0,"Blue":0,"Alpha":0},"Armor":-1}', 'Towtruck', '{"x":-2367.02563,"y":3351.27539,"z":33.79975}', '{"x":-0.6012775,"y":0.314930648,"z":151.372742}', 2, 100, 100, 158),
	(14, 'ARMY24', '{"PrimColor":{"Red":0,"Green":0,"Blue":0,"Alpha":255},"SecColor":{"Red":0,"Green":0,"Blue":0,"Alpha":255},"PrimModColor":-1,"SecModColor":-1,"Muffler":-1,"SideSkirt":-1,"Hood":-1,"Spoiler":-1,"Lattice":-1,"Wings":-1,"Roof":-1,"Vinyls":-1,"FrontBumper":-1,"RearBumper":-1,"Engine":-1,"Turbo":-1,"Horn":-1,"Transmission":-1,"WindowTint":0,"Suspension":-1,"Brakes":-1,"Headlights":-1,"NumberPlate":0,"Wheels":-1,"WheelsType":0,"WheelsColor":0,"NeonColor":{"Red":0,"Green":0,"Blue":0,"Alpha":0},"Armor":-1}', 'crusader', '{"x":-2316.446,"y":3348.21631,"z":33.3427925}', '{"x":0.089433454,"y":0.181945413,"z":151.220428}', 2, 100, 100, 159),
	(14, 'ARMY25', '{"PrimColor":{"Red":0,"Green":0,"Blue":0,"Alpha":255},"SecColor":{"Red":0,"Green":0,"Blue":0,"Alpha":255},"PrimModColor":-1,"SecModColor":-1,"Muffler":-1,"SideSkirt":-1,"Hood":-1,"Spoiler":-1,"Lattice":-1,"Wings":-1,"Roof":-1,"Vinyls":-1,"FrontBumper":-1,"RearBumper":-1,"Engine":-1,"Turbo":-1,"Horn":-1,"Transmission":-1,"WindowTint":0,"Suspension":-1,"Brakes":-1,"Headlights":-1,"NumberPlate":0,"Wheels":-1,"WheelsType":0,"WheelsColor":0,"NeonColor":{"Red":0,"Green":0,"Blue":0,"Alpha":0},"Armor":-1}', 'crusader', '{"x":-2313.99048,"y":3352.35718,"z":33.3488235}', '{"x":-0.0530914664,"y":0.218673438,"z":151.5397}', 2, 100, 100, 160),
	(14, 'ARMY26', '{"PrimColor":{"Red":0,"Green":0,"Blue":0,"Alpha":255},"SecColor":{"Red":0,"Green":0,"Blue":0,"Alpha":255},"PrimModColor":-1,"SecModColor":-1,"Muffler":-1,"SideSkirt":-1,"Hood":-1,"Spoiler":-1,"Lattice":-1,"Wings":-1,"Roof":-1,"Vinyls":-1,"FrontBumper":-1,"RearBumper":-1,"Engine":-1,"Turbo":-1,"Horn":-1,"Transmission":-1,"WindowTint":0,"Suspension":-1,"Brakes":-1,"Headlights":-1,"NumberPlate":0,"Wheels":-1,"WheelsType":0,"WheelsColor":0,"NeonColor":{"Red":0,"Green":0,"Blue":0,"Alpha":0},"Armor":-1}', 'crusader', '{"x":-2311.486,"y":3356.69482,"z":33.3493462}', '{"x":-0.009804066,"y":-0.282954127,"z":153.251953}', 2, 100, 100, 161),
	(14, 'ARMY27', '{"PrimColor":{"Red":0,"Green":0,"Blue":0,"Alpha":255},"SecColor":{"Red":0,"Green":0,"Blue":0,"Alpha":255},"PrimModColor":-1,"SecModColor":-1,"Muffler":-1,"SideSkirt":-1,"Hood":-1,"Spoiler":-1,"Lattice":-1,"Wings":-1,"Roof":-1,"Vinyls":-1,"FrontBumper":-1,"RearBumper":-1,"Engine":-1,"Turbo":-1,"Horn":-1,"Transmission":-1,"WindowTint":0,"Suspension":-1,"Brakes":-1,"Headlights":-1,"NumberPlate":0,"Wheels":-1,"WheelsType":0,"WheelsColor":0,"NeonColor":{"Red":0,"Green":0,"Blue":0,"Alpha":0},"Armor":-1}', 'crusader', '{"x":-2308.615,"y":3354.99756,"z":33.3416824}', '{"x":0.122963138,"y":0.118536696,"z":151.9172}', 2, 100, 100, 162),
	(14, 'ARMY28', '{"PrimColor":{"Red":0,"Green":0,"Blue":0,"Alpha":255},"SecColor":{"Red":0,"Green":0,"Blue":0,"Alpha":255},"PrimModColor":-1,"SecModColor":-1,"Muffler":-1,"SideSkirt":-1,"Hood":-1,"Spoiler":-1,"Lattice":-1,"Wings":-1,"Roof":-1,"Vinyls":-1,"FrontBumper":-1,"RearBumper":-1,"Engine":-1,"Turbo":-1,"Horn":-1,"Transmission":-1,"WindowTint":0,"Suspension":-1,"Brakes":-1,"Headlights":-1,"NumberPlate":0,"Wheels":-1,"WheelsType":0,"WheelsColor":0,"NeonColor":{"Red":0,"Green":0,"Blue":0,"Alpha":0},"Armor":-1}', 'crusader', '{"x":-2311.15137,"y":3350.72363,"z":33.3442345}', '{"x":0.109597735,"y":0.118827939,"z":151.171753}', 2, 100, 100, 163),
	(14, 'ARMY29', '{"PrimColor":{"Red":0,"Green":0,"Blue":0,"Alpha":255},"SecColor":{"Red":0,"Green":0,"Blue":0,"Alpha":255},"PrimModColor":-1,"SecModColor":-1,"Muffler":-1,"SideSkirt":-1,"Hood":-1,"Spoiler":-1,"Lattice":-1,"Wings":-1,"Roof":-1,"Vinyls":-1,"FrontBumper":-1,"RearBumper":-1,"Engine":-1,"Turbo":-1,"Horn":-1,"Transmission":-1,"WindowTint":0,"Suspension":-1,"Brakes":-1,"Headlights":-1,"NumberPlate":0,"Wheels":-1,"WheelsType":0,"WheelsColor":0,"NeonColor":{"Red":0,"Green":0,"Blue":0,"Alpha":0},"Armor":-1}', 'crusader', '{"x":-2313.46582,"y":3346.4873,"z":33.3432846}', '{"x":0.07951585,"y":0.1570694,"z":149.557678}', 2, 100, 100, 164),
	(14, 'ARMY30', '{"PrimColor":{"Red":0,"Green":0,"Blue":0,"Alpha":255},"SecColor":{"Red":0,"Green":0,"Blue":0,"Alpha":255},"PrimModColor":-1,"SecModColor":-1,"Muffler":-1,"SideSkirt":-1,"Hood":-1,"Spoiler":-1,"Lattice":-1,"Wings":-1,"Roof":-1,"Vinyls":-1,"FrontBumper":-1,"RearBumper":-1,"Engine":-1,"Turbo":-1,"Horn":-1,"Transmission":-1,"WindowTint":0,"Suspension":-1,"Brakes":-1,"Headlights":-1,"NumberPlate":0,"Wheels":-1,"WheelsType":0,"WheelsColor":0,"NeonColor":{"Red":0,"Green":0,"Blue":0,"Alpha":0},"Armor":-1}', 'crusader', '{"x":-2310.58667,"y":3344.92676,"z":33.342968}', '{"x":0.0884316638,"y":0.14207007,"z":149.810852}', 2, 100, 100, 165),
	(14, 'ARMY31', '{"PrimColor":{"Red":0,"Green":0,"Blue":0,"Alpha":255},"SecColor":{"Red":0,"Green":0,"Blue":0,"Alpha":255},"PrimModColor":-1,"SecModColor":-1,"Muffler":-1,"SideSkirt":-1,"Hood":-1,"Spoiler":-1,"Lattice":-1,"Wings":-1,"Roof":-1,"Vinyls":-1,"FrontBumper":-1,"RearBumper":-1,"Engine":-1,"Turbo":-1,"Horn":-1,"Transmission":-1,"WindowTint":0,"Suspension":-1,"Brakes":-1,"Headlights":-1,"NumberPlate":0,"Wheels":-1,"WheelsType":0,"WheelsColor":0,"NeonColor":{"Red":0,"Green":0,"Blue":0,"Alpha":0},"Armor":-1}', 'crusader', '{"x":-2308.15,"y":3349.107,"z":33.34272}', '{"x":0.103300877,"y":0.103092968,"z":151.481323}', 2, 100, 100, 166),
	(14, 'ARMY32', '{"PrimColor":{"Red":0,"Green":0,"Blue":0,"Alpha":255},"SecColor":{"Red":0,"Green":0,"Blue":0,"Alpha":255},"PrimModColor":-1,"SecModColor":-1,"Muffler":-1,"SideSkirt":-1,"Hood":-1,"Spoiler":-1,"Lattice":-1,"Wings":-1,"Roof":-1,"Vinyls":-1,"FrontBumper":-1,"RearBumper":-1,"Engine":-1,"Turbo":-1,"Horn":-1,"Transmission":-1,"WindowTint":0,"Suspension":-1,"Brakes":-1,"Headlights":-1,"NumberPlate":0,"Wheels":-1,"WheelsType":0,"WheelsColor":0,"NeonColor":{"Red":0,"Green":0,"Blue":0,"Alpha":0},"Armor":-1}', 'crusader', '{"x":-2305.787,"y":3353.456,"z":33.34062}', '{"x":0.114336126,"y":0.121306479,"z":149.14563}', 2, 100, 100, 167),
	(6, 'GOV01', '{"PrimColor":{"Red":0,"Green":0,"Blue":0,"Alpha":255},"SecColor":{"Red":0,"Green":0,"Blue":0,"Alpha":255},"PrimModColor":-1,"SecModColor":-1,"Muffler":-1,"SideSkirt":-1,"Hood":-1,"Spoiler":-1,"Lattice":-1,"Wings":-1,"Roof":-1,"Vinyls":-1,"FrontBumper":-1,"RearBumper":-1,"Engine":-1,"Turbo":-1,"Horn":-1,"Transmission":-1,"WindowTint":0,"Suspension":-1,"Brakes":-1,"Headlights":-1,"NumberPlate":0,"Wheels":-1,"WheelsType":0,"WheelsColor":0,"NeonColor":{"Red":0,"Green":0,"Blue":0,"Alpha":0},"Armor":-1}', 'Superd', '{"x":-901.814148,"y":-2068.711,"z":9.838623}', '{"x":0.06887925,"y":-0.0281700622,"z":45.8321228}', 2, 131, 131, 168),
	(6, 'GOV02', '{"PrimColor":{"Red":0,"Green":0,"Blue":0,"Alpha":255},"SecColor":{"Red":0,"Green":0,"Blue":0,"Alpha":255},"PrimModColor":-1,"SecModColor":-1,"Muffler":-1,"SideSkirt":-1,"Hood":-1,"Spoiler":-1,"Lattice":-1,"Wings":-1,"Roof":-1,"Vinyls":-1,"FrontBumper":-1,"RearBumper":-1,"Engine":-1,"Turbo":-1,"Horn":-1,"Transmission":-1,"WindowTint":0,"Suspension":-1,"Brakes":-1,"Headlights":-1,"NumberPlate":0,"Wheels":-1,"WheelsType":0,"WheelsColor":0,"NeonColor":{"Red":0,"Green":0,"Blue":0,"Alpha":0},"Armor":-1}', 'Superd', '{"x":-899.390747,"y":-2066.33521,"z":9.840284}', '{"x":0.112036675,"y":0.0138536878,"z":47.7118225}', 2, 131, 131, 169),
	(6, 'GOV03', '{"PrimColor":{"Red":0,"Green":0,"Blue":0,"Alpha":255},"SecColor":{"Red":0,"Green":0,"Blue":0,"Alpha":255},"PrimModColor":-1,"SecModColor":-1,"Muffler":-1,"SideSkirt":-1,"Hood":-1,"Spoiler":-1,"Lattice":-1,"Wings":-1,"Roof":-1,"Vinyls":-1,"FrontBumper":-1,"RearBumper":-1,"Engine":-1,"Turbo":-1,"Horn":-1,"Transmission":-1,"WindowTint":0,"Suspension":-1,"Brakes":-1,"Headlights":-1,"NumberPlate":0,"Wheels":-1,"WheelsType":0,"WheelsColor":0,"NeonColor":{"Red":0,"Green":0,"Blue":0,"Alpha":0},"Armor":-1}', 'Schafter3', '{"x":-896.518738,"y":-2064.261,"z":9.872078}', '{"x":0.288389355,"y":-0.410519332,"z":44.79428}', 2, 131, 131, 170),
	(6, 'GOV04', '{"PrimColor":{"Red":0,"Green":0,"Blue":0,"Alpha":255},"SecColor":{"Red":0,"Green":0,"Blue":0,"Alpha":255},"PrimModColor":-1,"SecModColor":-1,"Muffler":-1,"SideSkirt":-1,"Hood":-1,"Spoiler":-1,"Lattice":-1,"Wings":-1,"Roof":-1,"Vinyls":-1,"FrontBumper":-1,"RearBumper":-1,"Engine":-1,"Turbo":-1,"Horn":-1,"Transmission":-1,"WindowTint":0,"Suspension":-1,"Brakes":-1,"Headlights":-1,"NumberPlate":0,"Wheels":-1,"WheelsType":0,"WheelsColor":0,"NeonColor":{"Red":0,"Green":0,"Blue":0,"Alpha":0},"Armor":-1}', 'Schafter3', '{"x":-894.2025,"y":-2061.8064,"z":9.872953}', '{"x":0.313413233,"y":-0.379118472,"z":44.85144}', 2, 131, 131, 171),
	(6, 'GOV05', '{"PrimColor":{"Red":0,"Green":0,"Blue":0,"Alpha":255},"SecColor":{"Red":0,"Green":0,"Blue":0,"Alpha":255},"PrimModColor":-1,"SecModColor":-1,"Muffler":-1,"SideSkirt":-1,"Hood":-1,"Spoiler":-1,"Lattice":-1,"Wings":-1,"Roof":-1,"Vinyls":-1,"FrontBumper":-1,"RearBumper":-1,"Engine":-1,"Turbo":-1,"Horn":-1,"Transmission":-1,"WindowTint":0,"Suspension":-1,"Brakes":-1,"Headlights":-1,"NumberPlate":0,"Wheels":-1,"WheelsType":0,"WheelsColor":0,"NeonColor":{"Red":0,"Green":0,"Blue":0,"Alpha":0},"Armor":-1}', 'Schafter3', '{"x":-891.669434,"y":-2059.384,"z":9.874685}', '{"x":0.3614641,"y":-0.338912338,"z":45.0008545}', 2, 131, 131, 172),
	(6, 'GOV06', '{"PrimColor":{"Red":0,"Green":0,"Blue":0,"Alpha":255},"SecColor":{"Red":0,"Green":0,"Blue":0,"Alpha":255},"PrimModColor":-1,"SecModColor":-1,"Muffler":-1,"SideSkirt":-1,"Hood":-1,"Spoiler":-1,"Lattice":-1,"Wings":-1,"Roof":-1,"Vinyls":-1,"FrontBumper":-1,"RearBumper":-1,"Engine":-1,"Turbo":-1,"Horn":-1,"Transmission":-1,"WindowTint":0,"Suspension":-1,"Brakes":-1,"Headlights":-1,"NumberPlate":0,"Wheels":-1,"WheelsType":0,"WheelsColor":0,"NeonColor":{"Red":0,"Green":0,"Blue":0,"Alpha":0},"Armor":-1}', 'Xls', '{"x":-889.44165,"y":-2056.60181,"z":10.231142}', '{"x":0.3364189,"y":0.08406761,"z":43.086853}', 2, 131, 131, 173),
	(6, 'GOV07', '{"PrimColor":{"Red":0,"Green":0,"Blue":0,"Alpha":255},"SecColor":{"Red":0,"Green":0,"Blue":0,"Alpha":255},"PrimModColor":-1,"SecModColor":-1,"Muffler":-1,"SideSkirt":-1,"Hood":-1,"Spoiler":-1,"Lattice":-1,"Wings":-1,"Roof":-1,"Vinyls":-1,"FrontBumper":-1,"RearBumper":-1,"Engine":-1,"Turbo":-1,"Horn":-1,"Transmission":-1,"WindowTint":0,"Suspension":-1,"Brakes":-1,"Headlights":-1,"NumberPlate":0,"Wheels":-1,"WheelsType":0,"WheelsColor":0,"NeonColor":{"Red":0,"Green":0,"Blue":0,"Alpha":0},"Armor":-1}', 'Xls', '{"x":-887.029663,"y":-2054.311,"z":10.2328625}', '{"x":0.290984333,"y":0.142488793,"z":44.3829956}', 2, 131, 131, 174),
	(6, 'GOV08', '{"PrimColor":{"Red":0,"Green":0,"Blue":0,"Alpha":255},"SecColor":{"Red":0,"Green":0,"Blue":0,"Alpha":255},"PrimModColor":-1,"SecModColor":-1,"Muffler":-1,"SideSkirt":-1,"Hood":-1,"Spoiler":-1,"Lattice":-1,"Wings":-1,"Roof":-1,"Vinyls":-1,"FrontBumper":-1,"RearBumper":-1,"Engine":-1,"Turbo":-1,"Horn":-1,"Transmission":-1,"WindowTint":0,"Suspension":-1,"Brakes":-1,"Headlights":-1,"NumberPlate":0,"Wheels":-1,"WheelsType":0,"WheelsColor":0,"NeonColor":{"Red":0,"Green":0,"Blue":0,"Alpha":0},"Armor":-1}', 'Xls', '{"x":-884.628967,"y":-2051.80835,"z":10.2269735}', '{"x":0.327332944,"y":-0.178367361,"z":41.17285}', 2, 131, 131, 175),
	(6, 'GOV09', '{"PrimColor":{"Red":0,"Green":0,"Blue":0,"Alpha":255},"SecColor":{"Red":0,"Green":0,"Blue":0,"Alpha":255},"PrimModColor":-1,"SecModColor":-1,"Muffler":-1,"SideSkirt":-1,"Hood":-1,"Spoiler":-1,"Lattice":-1,"Wings":-1,"Roof":-1,"Vinyls":-1,"FrontBumper":-1,"RearBumper":-1,"Engine":-1,"Turbo":-1,"Horn":-1,"Transmission":-1,"WindowTint":0,"Suspension":-1,"Brakes":-1,"Headlights":-1,"NumberPlate":0,"Wheels":-1,"WheelsType":0,"WheelsColor":0,"NeonColor":{"Red":0,"Green":0,"Blue":0,"Alpha":0},"Armor":-1}', 'Xls', '{"x":-882.164246,"y":-2049.37036,"z":10.2221279}', '{"x":0.111617491,"y":-0.189445138,"z":42.36194}', 2, 131, 131, 176),
	(6, 'GOV10', '{"PrimColor":{"Red":0,"Green":0,"Blue":0,"Alpha":255},"SecColor":{"Red":0,"Green":0,"Blue":0,"Alpha":255},"PrimModColor":-1,"SecModColor":-1,"Muffler":-1,"SideSkirt":-1,"Hood":-1,"Spoiler":-1,"Lattice":-1,"Wings":-1,"Roof":-1,"Vinyls":-1,"FrontBumper":-1,"RearBumper":-1,"Engine":-1,"Turbo":-1,"Horn":-1,"Transmission":-1,"WindowTint":0,"Suspension":-1,"Brakes":-1,"Headlights":-1,"NumberPlate":0,"Wheels":-1,"WheelsType":0,"WheelsColor":0,"NeonColor":{"Red":0,"Green":0,"Blue":0,"Alpha":0},"Armor":-1}', 'fbi', '{"x":-547.980042,"y":-157.658783,"z":38.93602}', '{"x":-1.45490432,"y":1.2834245,"z":340.9492}', 2, 131, 131, 177),
	(6, 'GOV11', '{"PrimColor":{"Red":0,"Green":0,"Blue":0,"Alpha":255},"SecColor":{"Red":0,"Green":0,"Blue":0,"Alpha":255},"PrimModColor":-1,"SecModColor":-1,"Muffler":-1,"SideSkirt":-1,"Hood":-1,"Spoiler":-1,"Lattice":-1,"Wings":-1,"Roof":-1,"Vinyls":-1,"FrontBumper":-1,"RearBumper":-1,"Engine":-1,"Turbo":-1,"Horn":-1,"Transmission":-1,"WindowTint":0,"Suspension":-1,"Brakes":-1,"Headlights":-1,"NumberPlate":0,"Wheels":-1,"WheelsType":0,"WheelsColor":0,"NeonColor":{"Red":0,"Green":0,"Blue":0,"Alpha":0},"Armor":-1}', 'fbi', '{"x":-551.692,"y":-159.325562,"z":38.8841}', '{"x":-0.4929146,"y":0.138668969,"z":344.065338}', 2, 131, 131, 178),
	(6, 'GOV12', '{"PrimColor":{"Red":0,"Green":0,"Blue":0,"Alpha":255},"SecColor":{"Red":0,"Green":0,"Blue":0,"Alpha":255},"PrimModColor":-1,"SecModColor":-1,"Muffler":-1,"SideSkirt":-1,"Hood":-1,"Spoiler":-1,"Lattice":-1,"Wings":-1,"Roof":-1,"Vinyls":-1,"FrontBumper":-1,"RearBumper":-1,"Engine":-1,"Turbo":-1,"Horn":-1,"Transmission":-1,"WindowTint":0,"Suspension":-1,"Brakes":-1,"Headlights":-1,"NumberPlate":0,"Wheels":-1,"WheelsType":0,"WheelsColor":0,"NeonColor":{"Red":0,"Green":0,"Blue":0,"Alpha":0},"Armor":-1}', 'xls2', '{"x":-555.6867,"y":-160.707458,"z":39.1142273}', '{"x":-0.2816921,"y":0.5578965,"z":340.884766}', 2, 131, 131, 179),
	(6, 'GOV13', '{"PrimColor":{"Red":0,"Green":0,"Blue":0,"Alpha":255},"SecColor":{"Red":0,"Green":0,"Blue":0,"Alpha":255},"PrimModColor":-1,"SecModColor":-1,"Muffler":-1,"SideSkirt":-1,"Hood":-1,"Spoiler":-1,"Lattice":-1,"Wings":-1,"Roof":-1,"Vinyls":-1,"FrontBumper":-1,"RearBumper":-1,"Engine":-1,"Turbo":-1,"Horn":-1,"Transmission":-1,"WindowTint":0,"Suspension":-1,"Brakes":-1,"Headlights":-1,"NumberPlate":0,"Wheels":-1,"WheelsType":0,"WheelsColor":0,"NeonColor":{"Red":0,"Green":0,"Blue":0,"Alpha":0},"Armor":-1}', 'xls2', '{"x":-559.703552,"y":-162.484848,"z":39.06221}', '{"x":-0.3297244,"y":0.5825421,"z":336.8598}', 2, 131, 131, 180),
	(6, 'GOV14', '{"PrimColor":{"Red":0,"Green":0,"Blue":0,"Alpha":255},"SecColor":{"Red":0,"Green":0,"Blue":0,"Alpha":255},"PrimModColor":-1,"SecModColor":-1,"Muffler":-1,"SideSkirt":-1,"Hood":-1,"Spoiler":-1,"Lattice":-1,"Wings":-1,"Roof":-1,"Vinyls":-1,"FrontBumper":-1,"RearBumper":-1,"Engine":-1,"Turbo":-1,"Horn":-1,"Transmission":-1,"WindowTint":0,"Suspension":-1,"Brakes":-1,"Headlights":-1,"NumberPlate":0,"Wheels":-1,"WheelsType":0,"WheelsColor":0,"NeonColor":{"Red":0,"Green":0,"Blue":0,"Alpha":0},"Armor":-1}', 'cog552', '{"x":-563.926331,"y":-164.043289,"z":38.6129646}', '{"x":-0.387993068,"y":0.5747812,"z":338.384369}', 2, 131, 131, 181),
	(6, 'GOV15', '{"PrimColor":{"Red":0,"Green":0,"Blue":0,"Alpha":255},"SecColor":{"Red":0,"Green":0,"Blue":0,"Alpha":255},"PrimModColor":-1,"SecModColor":-1,"Muffler":-1,"SideSkirt":-1,"Hood":-1,"Spoiler":-1,"Lattice":-1,"Wings":-1,"Roof":-1,"Vinyls":-1,"FrontBumper":-1,"RearBumper":-1,"Engine":-1,"Turbo":-1,"Horn":-1,"Transmission":-1,"WindowTint":0,"Suspension":-1,"Brakes":-1,"Headlights":-1,"NumberPlate":0,"Wheels":-1,"WheelsType":0,"WheelsColor":0,"NeonColor":{"Red":0,"Green":0,"Blue":0,"Alpha":0},"Armor":-1}', 'fbi2', '{"x":-568.2502,"y":-165.445023,"z":38.66448}', '{"x":-0.3459241,"y":0.5900304,"z":338.492}', 2, 131, 131, 182),
	(6, 'GOV16', '{"PrimColor":{"Red":0,"Green":0,"Blue":0,"Alpha":255},"SecColor":{"Red":0,"Green":0,"Blue":0,"Alpha":255},"PrimModColor":-1,"SecModColor":-1,"Muffler":-1,"SideSkirt":-1,"Hood":-1,"Spoiler":-1,"Lattice":-1,"Wings":-1,"Roof":-1,"Vinyls":-1,"FrontBumper":-1,"RearBumper":-1,"Engine":-1,"Turbo":-1,"Horn":-1,"Transmission":-1,"WindowTint":0,"Suspension":-1,"Brakes":-1,"Headlights":-1,"NumberPlate":0,"Wheels":-1,"WheelsType":0,"WheelsColor":0,"NeonColor":{"Red":0,"Green":0,"Blue":0,"Alpha":0},"Armor":-1}', 'fbi2', '{"x":-573.1578,"y":-167.773788,"z":38.5993042}', '{"x":-0.360134751,"y":0.577716231,"z":338.235382}', 2, 131, 131, 183),
	(6, 'GOV17', '{"PrimColor":{"Red":0,"Green":0,"Blue":0,"Alpha":255},"SecColor":{"Red":0,"Green":0,"Blue":0,"Alpha":255},"PrimModColor":-1,"SecModColor":-1,"Muffler":-1,"SideSkirt":-1,"Hood":-1,"Spoiler":-1,"Lattice":-1,"Wings":-1,"Roof":-1,"Vinyls":-1,"FrontBumper":-1,"RearBumper":-1,"Engine":-1,"Turbo":-1,"Horn":-1,"Transmission":-1,"WindowTint":0,"Suspension":-1,"Brakes":-1,"Headlights":-1,"NumberPlate":0,"Wheels":-1,"WheelsType":0,"WheelsColor":0,"NeonColor":{"Red":0,"Green":0,"Blue":0,"Alpha":0},"Armor":-1}', 'Raiden', '{"x":-560.2093,"y":-147.001358,"z":38.79985}', '{"x":-3.75032663,"y":-0.127903238,"z":236.826126}', 2, 131, 131, 184),
	(6, 'GOV18', '{"PrimColor":{"Red":0,"Green":0,"Blue":0,"Alpha":255},"SecColor":{"Red":0,"Green":0,"Blue":0,"Alpha":255},"PrimModColor":-1,"SecModColor":-1,"Muffler":-1,"SideSkirt":-1,"Hood":-1,"Spoiler":-1,"Lattice":-1,"Wings":-1,"Roof":-1,"Vinyls":-1,"FrontBumper":-1,"RearBumper":-1,"Engine":-1,"Turbo":-1,"Horn":-1,"Transmission":-1,"WindowTint":0,"Suspension":-1,"Brakes":-1,"Headlights":-1,"NumberPlate":0,"Wheels":-1,"WheelsType":0,"WheelsColor":0,"NeonColor":{"Red":0,"Green":0,"Blue":0,"Alpha":0},"Armor":-1}', 'Raiden', '{"x":-556.2727,"y":-145.09201,"z":38.87157}', '{"x":-3.32738328,"y":-0.6156599,"z":237.332977}', 2, 131, 131, 185),
	(6, 'GOV19', '{"PrimColor":{"Red":0,"Green":0,"Blue":0,"Alpha":255},"SecColor":{"Red":0,"Green":0,"Blue":0,"Alpha":255},"PrimModColor":-1,"SecModColor":-1,"Muffler":-1,"SideSkirt":-1,"Hood":-1,"Spoiler":-1,"Lattice":-1,"Wings":-1,"Roof":-1,"Vinyls":-1,"FrontBumper":-1,"RearBumper":-1,"Engine":-1,"Turbo":-1,"Horn":-1,"Transmission":-1,"WindowTint":0,"Suspension":-1,"Brakes":-1,"Headlights":-1,"NumberPlate":0,"Wheels":-1,"WheelsType":0,"WheelsColor":0,"NeonColor":{"Red":0,"Green":0,"Blue":0,"Alpha":0},"Armor":-1}', 'Raiden', '{"x":-552.421448,"y":-143.5279,"z":38.91189}', '{"x":-3.04950285,"y":-0.80086565,"z":238.621521}', 2, 131, 131, 186),
	(6, 'GOV20', '{"PrimColor":{"Red":0,"Green":0,"Blue":0,"Alpha":255},"SecColor":{"Red":0,"Green":0,"Blue":0,"Alpha":255},"PrimModColor":-1,"SecModColor":-1,"Muffler":-1,"SideSkirt":-1,"Hood":-1,"Spoiler":-1,"Lattice":-1,"Wings":-1,"Roof":-1,"Vinyls":-1,"FrontBumper":-1,"RearBumper":-1,"Engine":-1,"Turbo":-1,"Horn":-1,"Transmission":-1,"WindowTint":0,"Suspension":-1,"Brakes":-1,"Headlights":-1,"NumberPlate":0,"Wheels":-1,"WheelsType":0,"WheelsColor":0,"NeonColor":{"Red":0,"Green":0,"Blue":0,"Alpha":0},"Armor":-1}', 'Raiden', '{"x":-548.725769,"y":-141.891968,"z":38.9926033}', '{"x":-3.08134627,"y":1.59368241,"z":240.568451}', 2, 131, 131, 187),
	(6, 'GOV21', '{"PrimColor":{"Red":0,"Green":0,"Blue":0,"Alpha":255},"SecColor":{"Red":0,"Green":0,"Blue":0,"Alpha":255},"PrimModColor":-1,"SecModColor":-1,"Muffler":-1,"SideSkirt":-1,"Hood":-1,"Spoiler":-1,"Lattice":-1,"Wings":-1,"Roof":-1,"Vinyls":-1,"FrontBumper":-1,"RearBumper":-1,"Engine":-1,"Turbo":-1,"Horn":-1,"Transmission":-1,"WindowTint":0,"Suspension":-1,"Brakes":-1,"Headlights":-1,"NumberPlate":0,"Wheels":-1,"WheelsType":0,"WheelsColor":0,"NeonColor":{"Red":0,"Green":0,"Blue":0,"Alpha":0},"Armor":-1}', 'stretch', '{"x":-584.6832,"y":-156.14917,"z":38.65722}', '{"x":-3.67698026,"y":-1.01914024,"z":291.87442}', 2, 131, 131, 188),
	(6, 'GOV22', '{"PrimColor":{"Red":0,"Green":0,"Blue":0,"Alpha":255},"SecColor":{"Red":0,"Green":0,"Blue":0,"Alpha":255},"PrimModColor":-1,"SecModColor":-1,"Muffler":-1,"SideSkirt":-1,"Hood":-1,"Spoiler":-1,"Lattice":-1,"Wings":-1,"Roof":-1,"Vinyls":-1,"FrontBumper":-1,"RearBumper":-1,"Engine":-1,"Turbo":-1,"Horn":-1,"Transmission":-1,"WindowTint":0,"Suspension":-1,"Brakes":-1,"Headlights":-1,"NumberPlate":0,"Wheels":-1,"WheelsType":0,"WheelsColor":0,"NeonColor":{"Red":0,"Green":0,"Blue":0,"Alpha":0},"Armor":-1}', 'Surge', '{"x":-576.4423,"y":-252.053909,"z":36.3921738}', '{"x":-1.15635514,"y":-1.05977392,"z":164.003784}', 2, 131, 131, 189),
	(6, 'GOV23', '{"PrimColor":{"Red":0,"Green":0,"Blue":0,"Alpha":255},"SecColor":{"Red":0,"Green":0,"Blue":0,"Alpha":255},"PrimModColor":-1,"SecModColor":-1,"Muffler":-1,"SideSkirt":-1,"Hood":-1,"Spoiler":-1,"Lattice":-1,"Wings":-1,"Roof":-1,"Vinyls":-1,"FrontBumper":-1,"RearBumper":-1,"Engine":-1,"Turbo":-1,"Horn":-1,"Transmission":-1,"WindowTint":0,"Suspension":-1,"Brakes":-1,"Headlights":-1,"NumberPlate":0,"Wheels":-1,"WheelsType":0,"WheelsColor":0,"NeonColor":{"Red":0,"Green":0,"Blue":0,"Alpha":0},"Armor":-1}', 'Surge', '{"x":-578.467834,"y":-248.902283,"z":36.49388}', '{"x":-1.13285112,"y":-0.9741138,"z":159.981689}', 2, 131, 131, 190),
	(6, 'GOV24', '{"PrimColor":{"Red":0,"Green":0,"Blue":0,"Alpha":255},"SecColor":{"Red":0,"Green":0,"Blue":0,"Alpha":255},"PrimModColor":-1,"SecModColor":-1,"Muffler":-1,"SideSkirt":-1,"Hood":-1,"Spoiler":-1,"Lattice":-1,"Wings":-1,"Roof":-1,"Vinyls":-1,"FrontBumper":-1,"RearBumper":-1,"Engine":-1,"Turbo":-1,"Horn":-1,"Transmission":-1,"WindowTint":0,"Suspension":-1,"Brakes":-1,"Headlights":-1,"NumberPlate":0,"Wheels":-1,"WheelsType":0,"WheelsColor":0,"NeonColor":{"Red":0,"Green":0,"Blue":0,"Alpha":0},"Armor":-1}', 'tailgater', '{"x":-580.3935,"y":-245.535141,"z":36.53599}', '{"x":-1.04643643,"y":-1.11989617,"z":163.873657}', 2, 131, 131, 191),
	(6, 'GOV25', '{"PrimColor":{"Red":0,"Green":0,"Blue":0,"Alpha":255},"SecColor":{"Red":0,"Green":0,"Blue":0,"Alpha":255},"PrimModColor":-1,"SecModColor":-1,"Muffler":-1,"SideSkirt":-1,"Hood":-1,"Spoiler":-1,"Lattice":-1,"Wings":-1,"Roof":-1,"Vinyls":-1,"FrontBumper":-1,"RearBumper":-1,"Engine":-1,"Turbo":-1,"Horn":-1,"Transmission":-1,"WindowTint":0,"Suspension":-1,"Brakes":-1,"Headlights":-1,"NumberPlate":0,"Wheels":-1,"WheelsType":0,"WheelsColor":0,"NeonColor":{"Red":0,"Green":0,"Blue":0,"Alpha":0},"Armor":-1}', 'tailgater', '{"x":-582.4695,"y":-242.073654,"z":36.6397247}', '{"x":-1.20215833,"y":-0.7368248,"z":161.608521}', 2, 131, 131, 192),
	(18, 'LASD01', '{"PrimColor":{"Red":0,"Green":0,"Blue":0,"Alpha":255},"SecColor":{"Red":0,"Green":0,"Blue":0,"Alpha":255},"PrimModColor":-1,"SecModColor":-1,"Muffler":-1,"SideSkirt":-1,"Hood":-1,"Spoiler":-1,"Lattice":-1,"Wings":-1,"Roof":-1,"Vinyls":-1,"FrontBumper":-1,"RearBumper":-1,"Engine":-1,"Turbo":-1,"Horn":-1,"Transmission":-1,"WindowTint":0,"Suspension":-1,"Brakes":-1,"Headlights":-1,"NumberPlate":0,"Wheels":-1,"WheelsType":0,"WheelsColor":0,"NeonColor":{"Red":0,"Green":0,"Blue":0,"Alpha":0},"Armor":-1}', 'pranger', '{"x":-482.537384,"y":6024.519,"z":31.9625053}', '{"x":0.04053068,"y":0.0433081873,"z":224.155045}', 2, 131, 131, 202),
	(18, 'LASD02', '{"PrimColor":{"Red":0,"Green":0,"Blue":0,"Alpha":255},"SecColor":{"Red":0,"Green":0,"Blue":0,"Alpha":255},"PrimModColor":-1,"SecModColor":-1,"Muffler":-1,"SideSkirt":-1,"Hood":-1,"Spoiler":-1,"Lattice":-1,"Wings":-1,"Roof":-1,"Vinyls":-1,"FrontBumper":-1,"RearBumper":-1,"Engine":-1,"Turbo":-1,"Horn":-1,"Transmission":-1,"WindowTint":0,"Suspension":-1,"Brakes":-1,"Headlights":-1,"NumberPlate":0,"Wheels":-1,"WheelsType":0,"WheelsColor":0,"NeonColor":{"Red":0,"Green":0,"Blue":0,"Alpha":0},"Armor":-1}', 'pranger', '{"x":-479.2892,"y":6027.75049,"z":31.9627151}', '{"x":0.06251092,"y":0.004960331,"z":224.105362}', 2, 131, 131, 203),
	(18, 'LASD03', '{"PrimColor":{"Red":0,"Green":0,"Blue":0,"Alpha":255},"SecColor":{"Red":0,"Green":0,"Blue":0,"Alpha":255},"PrimModColor":-1,"SecModColor":-1,"Muffler":-1,"SideSkirt":-1,"Hood":-1,"Spoiler":-1,"Lattice":-1,"Wings":-1,"Roof":-1,"Vinyls":-1,"FrontBumper":-1,"RearBumper":-1,"Engine":-1,"Turbo":-1,"Horn":-1,"Transmission":-1,"WindowTint":0,"Suspension":-1,"Brakes":-1,"Headlights":-1,"NumberPlate":0,"Wheels":-1,"WheelsType":0,"WheelsColor":0,"NeonColor":{"Red":0,"Green":0,"Blue":0,"Alpha":0},"Armor":-1}', 'sheriff', '{"x":-475.952576,"y":6031.57861,"z":31.945034}', '{"x":0.399638176,"y":0.3884138,"z":224.622528}', 2, 131, 131, 204),
	(18, 'LASD04', '{"PrimColor":{"Red":0,"Green":0,"Blue":0,"Alpha":255},"SecColor":{"Red":0,"Green":0,"Blue":0,"Alpha":255},"PrimModColor":-1,"SecModColor":-1,"Muffler":-1,"SideSkirt":-1,"Hood":-1,"Spoiler":-1,"Lattice":-1,"Wings":-1,"Roof":-1,"Vinyls":-1,"FrontBumper":-1,"RearBumper":-1,"Engine":-1,"Turbo":-1,"Horn":-1,"Transmission":-1,"WindowTint":0,"Suspension":-1,"Brakes":-1,"Headlights":-1,"NumberPlate":0,"Wheels":-1,"WheelsType":0,"WheelsColor":0,"NeonColor":{"Red":0,"Green":0,"Blue":0,"Alpha":0},"Armor":-1}', 'policeb', '{"x":-458.008179,"y":6044.087,"z":31.8160057}', '{"x":-5.94566774,"y":-5.079365,"z":128.728485}', 2, 131, 131, 205),
	(18, 'LASD05', '{"PrimColor":{"Red":0,"Green":0,"Blue":0,"Alpha":255},"SecColor":{"Red":0,"Green":0,"Blue":0,"Alpha":255},"PrimModColor":-1,"SecModColor":-1,"Muffler":-1,"SideSkirt":-1,"Hood":-1,"Spoiler":-1,"Lattice":-1,"Wings":-1,"Roof":-1,"Vinyls":-1,"FrontBumper":-1,"RearBumper":-1,"Engine":-1,"Turbo":-1,"Horn":-1,"Transmission":-1,"WindowTint":0,"Suspension":-1,"Brakes":-1,"Headlights":-1,"NumberPlate":0,"Wheels":-1,"WheelsType":0,"WheelsColor":0,"NeonColor":{"Red":0,"Green":0,"Blue":0,"Alpha":0},"Armor":-1}', 'policeb', '{"x":-461.059784,"y":6046.9917,"z":31.8139973}', '{"x":-6.64309,"y":-7.494489,"z":137.441833}', 2, 131, 131, 206),
	(18, 'LASD06', '{"PrimColor":{"Red":0,"Green":0,"Blue":0,"Alpha":255},"SecColor":{"Red":0,"Green":0,"Blue":0,"Alpha":255},"PrimModColor":-1,"SecModColor":-1,"Muffler":-1,"SideSkirt":-1,"Hood":-1,"Spoiler":-1,"Lattice":-1,"Wings":-1,"Roof":-1,"Vinyls":-1,"FrontBumper":-1,"RearBumper":-1,"Engine":-1,"Turbo":-1,"Horn":-1,"Transmission":-1,"WindowTint":0,"Suspension":-1,"Brakes":-1,"Headlights":-1,"NumberPlate":0,"Wheels":-1,"WheelsType":0,"WheelsColor":0,"NeonColor":{"Red":0,"Green":0,"Blue":0,"Alpha":0},"Armor":-1}', 'policeb', '{"x":-455.01593,"y":6040.549,"z":31.8182964}', '{"x":-3.99413157,"y":-5.08520365,"z":141.497314}', 2, 131, 131, 207),
	(18, 'LASD07', '{"PrimColor":{"Red":0,"Green":0,"Blue":0,"Alpha":255},"SecColor":{"Red":0,"Green":0,"Blue":0,"Alpha":255},"PrimModColor":-1,"SecModColor":-1,"Muffler":-1,"SideSkirt":-1,"Hood":-1,"Spoiler":-1,"Lattice":-1,"Wings":-1,"Roof":-1,"Vinyls":-1,"FrontBumper":-1,"RearBumper":-1,"Engine":-1,"Turbo":-1,"Horn":-1,"Transmission":-1,"WindowTint":0,"Suspension":-1,"Brakes":-1,"Headlights":-1,"NumberPlate":0,"Wheels":-1,"WheelsType":0,"WheelsColor":0,"NeonColor":{"Red":0,"Green":0,"Blue":0,"Alpha":0},"Armor":-1}', 'sheriff2', '{"x":-469.071228,"y":6038.92871,"z":31.9628086}', '{"x":0.0215776619,"y":0.0184353366,"z":224.170486}', 2, 131, 131, 208),
	(18, 'LASD08', '{"PrimColor":{"Red":0,"Green":0,"Blue":0,"Alpha":255},"SecColor":{"Red":0,"Green":0,"Blue":0,"Alpha":255},"PrimModColor":-1,"SecModColor":-1,"Muffler":-1,"SideSkirt":-1,"Hood":-1,"Spoiler":-1,"Lattice":-1,"Wings":-1,"Roof":-1,"Vinyls":-1,"FrontBumper":-1,"RearBumper":-1,"Engine":-1,"Turbo":-1,"Horn":-1,"Transmission":-1,"WindowTint":0,"Suspension":-1,"Brakes":-1,"Headlights":-1,"NumberPlate":0,"Wheels":-1,"WheelsType":0,"WheelsColor":0,"NeonColor":{"Red":0,"Green":0,"Blue":0,"Alpha":0},"Armor":-1}', 'sheriff', '{"x":-472.296722,"y":6035.439,"z":31.9450912}', '{"x":0.393287,"y":0.3954454,"z":223.8263}', 2, 131, 131, 209),
	(18, 'LASD09', '{"PrimColor":{"Red":0,"Green":0,"Blue":0,"Alpha":255},"SecColor":{"Red":0,"Green":0,"Blue":0,"Alpha":255},"PrimModColor":-1,"SecModColor":-1,"Muffler":-1,"SideSkirt":-1,"Hood":-1,"Spoiler":-1,"Lattice":-1,"Wings":-1,"Roof":-1,"Vinyls":-1,"FrontBumper":-1,"RearBumper":-1,"Engine":-1,"Turbo":-1,"Horn":-1,"Transmission":-1,"WindowTint":0,"Suspension":-1,"Brakes":-1,"Headlights":-1,"NumberPlate":0,"Wheels":-1,"WheelsType":0,"WheelsColor":0,"NeonColor":{"Red":0,"Green":0,"Blue":0,"Alpha":0},"Armor":-1}', 'fbi', '{"x":-454.585175,"y":6001.85,"z":31.9885387}', '{"x":0.03984033,"y":-0.011685132,"z":81.83362}', 2, 131, 131, 210),
	(18, 'LASD10', '{"PrimColor":{"Red":0,"Green":0,"Blue":0,"Alpha":255},"SecColor":{"Red":0,"Green":0,"Blue":0,"Alpha":255},"PrimModColor":-1,"SecModColor":-1,"Muffler":-1,"SideSkirt":-1,"Hood":-1,"Spoiler":-1,"Lattice":-1,"Wings":-1,"Roof":-1,"Vinyls":-1,"FrontBumper":-1,"RearBumper":-1,"Engine":-1,"Turbo":-1,"Horn":-1,"Transmission":-1,"WindowTint":0,"Suspension":-1,"Brakes":-1,"Headlights":-1,"NumberPlate":0,"Wheels":-1,"WheelsType":0,"WheelsColor":0,"NeonColor":{"Red":0,"Green":0,"Blue":0,"Alpha":0},"Armor":-1}', 'fbi', '{"x":-451.638733,"y":5998.32568,"z":31.9883862}', '{"x":0.03451933,"y":-0.008303462,"z":81.67923}', 2, 131, 131, 211),
	(18, 'LASD11', '{"PrimColor":{"Red":0,"Green":0,"Blue":0,"Alpha":255},"SecColor":{"Red":0,"Green":0,"Blue":0,"Alpha":255},"PrimModColor":-1,"SecModColor":-1,"Muffler":-1,"SideSkirt":-1,"Hood":-1,"Spoiler":-1,"Lattice":-1,"Wings":-1,"Roof":-1,"Vinyls":-1,"FrontBumper":-1,"RearBumper":-1,"Engine":-1,"Turbo":-1,"Horn":-1,"Transmission":-1,"WindowTint":0,"Suspension":-1,"Brakes":-1,"Headlights":-1,"NumberPlate":0,"Wheels":-1,"WheelsType":0,"WheelsColor":0,"NeonColor":{"Red":0,"Green":0,"Blue":0,"Alpha":0},"Armor":-1}', 'xls', '{"x":-458.8676,"y":6005.566,"z":32.26358}', '{"x":0.112974077,"y":-0.0634277537,"z":86.0056458}', 2, 131, 131, 212),
	(18, 'LASD12', '{"PrimColor":{"Red":0,"Green":0,"Blue":0,"Alpha":255},"SecColor":{"Red":0,"Green":0,"Blue":0,"Alpha":255},"PrimModColor":-1,"SecModColor":-1,"Muffler":-1,"SideSkirt":-1,"Hood":-1,"Spoiler":-1,"Lattice":-1,"Wings":-1,"Roof":-1,"Vinyls":-1,"FrontBumper":-1,"RearBumper":-1,"Engine":-1,"Turbo":-1,"Horn":-1,"Transmission":-1,"WindowTint":0,"Suspension":-1,"Brakes":-1,"Headlights":-1,"NumberPlate":0,"Wheels":-1,"WheelsType":0,"WheelsColor":0,"NeonColor":{"Red":0,"Green":0,"Blue":0,"Alpha":0},"Armor":-1}', 'xls', '{"x":-462.043976,"y":6009.303,"z":32.257946}', '{"x":0.374749154,"y":0.199428558,"z":85.59955}', 2, 131, 131, 213),
	(18, 'LASD13', '{"PrimColor":{"Red":0,"Green":0,"Blue":0,"Alpha":255},"SecColor":{"Red":0,"Green":0,"Blue":0,"Alpha":255},"PrimModColor":-1,"SecModColor":-1,"Muffler":-1,"SideSkirt":-1,"Hood":-1,"Spoiler":-1,"Lattice":-1,"Wings":-1,"Roof":-1,"Vinyls":-1,"FrontBumper":-1,"RearBumper":-1,"Engine":-1,"Turbo":-1,"Horn":-1,"Transmission":-1,"WindowTint":0,"Suspension":-1,"Brakes":-1,"Headlights":-1,"NumberPlate":0,"Wheels":-1,"WheelsType":0,"WheelsColor":0,"NeonColor":{"Red":0,"Green":0,"Blue":0,"Alpha":0},"Armor":-1}', 'frogger', '{"x":-483.181641,"y":5994.357,"z":32.0515976}', '{"x":-0.0103555257,"y":0.00902839,"z":315.8688}', 2, 131, 131, 214),
	(18, 'LASD14', '{"PrimColor":{"Red":0,"Green":0,"Blue":0,"Alpha":255},"SecColor":{"Red":0,"Green":0,"Blue":0,"Alpha":255},"PrimModColor":-1,"SecModColor":-1,"Muffler":-1,"SideSkirt":-1,"Hood":-1,"Spoiler":-1,"Lattice":-1,"Wings":-1,"Roof":-1,"Vinyls":-1,"FrontBumper":-1,"RearBumper":-1,"Engine":-1,"Turbo":-1,"Horn":-1,"Transmission":-1,"WindowTint":0,"Suspension":-1,"Brakes":-1,"Headlights":-1,"NumberPlate":0,"Wheels":-1,"WheelsType":0,"WheelsColor":0,"NeonColor":{"Red":0,"Green":0,"Blue":0,"Alpha":0},"Armor":-1}', 'neon', '{"x":-453.1223,"y":6050.2793,"z":31.9921417}', '{"x":0.3445785,"y":0.398296863,"z":219.499023}', 2, 131, 131, 215),
	(18, 'LASD15', '{"PrimColor":{"Red":0,"Green":0,"Blue":0,"Alpha":255},"SecColor":{"Red":0,"Green":0,"Blue":0,"Alpha":255},"PrimModColor":-1,"SecModColor":-1,"Muffler":-1,"SideSkirt":-1,"Hood":-1,"Spoiler":-1,"Lattice":-1,"Wings":-1,"Roof":-1,"Vinyls":-1,"FrontBumper":-1,"RearBumper":-1,"Engine":-1,"Turbo":-1,"Horn":-1,"Transmission":-1,"WindowTint":0,"Suspension":-1,"Brakes":-1,"Headlights":-1,"NumberPlate":0,"Wheels":-1,"WheelsType":0,"WheelsColor":0,"NeonColor":{"Red":0,"Green":0,"Blue":0,"Alpha":0},"Armor":-1}', 'neon', '{"x":-449.274841,"y":6053.01465,"z":31.9920635}', '{"x":0.407525271,"y":0.3433793,"z":211.343552}', 2, 131, 131, 216),
	(18, 'LASD16', '{"PrimColor":{"Red":0,"Green":0,"Blue":0,"Alpha":255},"SecColor":{"Red":0,"Green":0,"Blue":0,"Alpha":255},"PrimModColor":-1,"SecModColor":-1,"Muffler":-1,"SideSkirt":-1,"Hood":-1,"Spoiler":-1,"Lattice":-1,"Wings":-1,"Roof":-1,"Vinyls":-1,"FrontBumper":-1,"RearBumper":-1,"Engine":-1,"Turbo":-1,"Horn":-1,"Transmission":-1,"WindowTint":0,"Suspension":-1,"Brakes":-1,"Headlights":-1,"NumberPlate":0,"Wheels":-1,"WheelsType":0,"WheelsColor":0,"NeonColor":{"Red":0,"Green":0,"Blue":0,"Alpha":0},"Armor":-1}', 'neon', '{"x":-445.130646,"y":6055.18848,"z":31.9920425}', '{"x":0.4237023,"y":0.313657552,"z":207.667953}', 2, 131, 131, 217),
	(18, 'LASD17', '{"PrimColor":{"Red":0,"Green":0,"Blue":0,"Alpha":255},"SecColor":{"Red":0,"Green":0,"Blue":0,"Alpha":255},"PrimModColor":-1,"SecModColor":-1,"Muffler":-1,"SideSkirt":-1,"Hood":-1,"Spoiler":-1,"Lattice":-1,"Wings":-1,"Roof":-1,"Vinyls":-1,"FrontBumper":-1,"RearBumper":-1,"Engine":-1,"Turbo":-1,"Horn":-1,"Transmission":-1,"WindowTint":0,"Suspension":-1,"Brakes":-1,"Headlights":-1,"NumberPlate":0,"Wheels":-1,"WheelsType":0,"WheelsColor":0,"NeonColor":{"Red":0,"Green":0,"Blue":0,"Alpha":0},"Armor":-1}', 'sheriff', '{"x":-441.756073,"y":6026.38135,"z":31.9465866}', '{"x":-0.443948656,"y":-0.2546626,"z":36.8082275}', 2, 131, 131, 218),
	(18, 'LASD18', '{"PrimColor":{"Red":0,"Green":0,"Blue":0,"Alpha":255},"SecColor":{"Red":0,"Green":0,"Blue":0,"Alpha":255},"PrimModColor":-1,"SecModColor":-1,"Muffler":-1,"SideSkirt":-1,"Hood":-1,"Spoiler":-1,"Lattice":-1,"Wings":-1,"Roof":-1,"Vinyls":-1,"FrontBumper":-1,"RearBumper":-1,"Engine":-1,"Turbo":-1,"Horn":-1,"Transmission":-1,"WindowTint":0,"Suspension":-1,"Brakes":-1,"Headlights":-1,"NumberPlate":0,"Wheels":-1,"WheelsType":0,"WheelsColor":0,"NeonColor":{"Red":0,"Green":0,"Blue":0,"Alpha":0},"Armor":-1}', 'sheriff', '{"x":-438.481018,"y":6028.83252,"z":31.9472427}', '{"x":-0.45802322,"y":-0.254296154,"z":33.173645}', 2, 131, 131, 219),
	(18, 'LASD19', '{"PrimColor":{"Red":0,"Green":0,"Blue":0,"Alpha":255},"SecColor":{"Red":0,"Green":0,"Blue":0,"Alpha":255},"PrimModColor":-1,"SecModColor":-1,"Muffler":-1,"SideSkirt":-1,"Hood":-1,"Spoiler":-1,"Lattice":-1,"Wings":-1,"Roof":-1,"Vinyls":-1,"FrontBumper":-1,"RearBumper":-1,"Engine":-1,"Turbo":-1,"Horn":-1,"Transmission":-1,"WindowTint":0,"Suspension":-1,"Brakes":-1,"Headlights":-1,"NumberPlate":0,"Wheels":-1,"WheelsType":0,"WheelsColor":0,"NeonColor":{"Red":0,"Green":0,"Blue":0,"Alpha":0},"Armor":-1}', 'sheriff', '{"x":-434.947327,"y":6031.36035,"z":31.947216}', '{"x":-0.482924461,"y":-0.198754981,"z":27.76175}', 2, 131, 131, 220),
	(11, 'RM01', '{"PrimColor":{"Red":0,"Green":0,"Blue":0,"Alpha":255},"SecColor":{"Red":0,"Green":0,"Blue":0,"Alpha":255},"PrimModColor":-1,"SecModColor":-1,"Muffler":-1,"SideSkirt":-1,"Hood":-1,"Spoiler":-1,"Lattice":-1,"Wings":-1,"Roof":-1,"Vinyls":-1,"FrontBumper":-1,"RearBumper":-1,"Engine":-1,"Turbo":-1,"Horn":-1,"Transmission":-1,"WindowTint":0,"Suspension":-1,"Brakes":-1,"Headlights":-1,"NumberPlate":0,"Wheels":-1,"WheelsType":0,"WheelsColor":0,"NeonColor":{"Red":0,"Green":0,"Blue":0,"Alpha":0},"Armor":-1}', 'dubsta2', '{"x":-1545.208,"y":130.237671,"z":57.3440247}', '{"x":-0.09646593,"y":-0.140122861,"z":47.2131348}', 2, 1, 1, 232),
	(11, 'RM02', '{"PrimColor":{"Red":0,"Green":0,"Blue":0,"Alpha":255},"SecColor":{"Red":0,"Green":0,"Blue":0,"Alpha":255},"PrimModColor":-1,"SecModColor":-1,"Muffler":-1,"SideSkirt":-1,"Hood":-1,"Spoiler":-1,"Lattice":-1,"Wings":-1,"Roof":-1,"Vinyls":-1,"FrontBumper":-1,"RearBumper":-1,"Engine":-1,"Turbo":-1,"Horn":-1,"Transmission":-1,"WindowTint":0,"Suspension":-1,"Brakes":-1,"Headlights":-1,"NumberPlate":0,"Wheels":-1,"WheelsType":0,"WheelsColor":0,"NeonColor":{"Red":0,"Green":0,"Blue":0,"Alpha":0},"Armor":-1}', 'dubsta2', '{"x":-1549.18469,"y":133.986618,"z":57.34412}', '{"x":0.0366946161,"y":-0.2147692,"z":48.14157}', 2, 1, 1, 233),
	(11, 'RM03', '{"PrimColor":{"Red":0,"Green":0,"Blue":0,"Alpha":255},"SecColor":{"Red":0,"Green":0,"Blue":0,"Alpha":255},"PrimModColor":-1,"SecModColor":-1,"Muffler":-1,"SideSkirt":-1,"Hood":-1,"Spoiler":-1,"Lattice":-1,"Wings":-1,"Roof":-1,"Vinyls":-1,"FrontBumper":-1,"RearBumper":-1,"Engine":-1,"Turbo":-1,"Horn":-1,"Transmission":-1,"WindowTint":0,"Suspension":-1,"Brakes":-1,"Headlights":-1,"NumberPlate":0,"Wheels":-1,"WheelsType":0,"WheelsColor":0,"NeonColor":{"Red":0,"Green":0,"Blue":0,"Alpha":0},"Armor":-1}', 'Superd', '{"x":-1528.74219,"y":81.5756,"z":57.2186127}', '{"x":0.979614,"y":-0.801468134,"z":7.11932373}', 2, 1, 1, 234),
	(11, 'RM04', '{"PrimColor":{"Red":0,"Green":0,"Blue":0,"Alpha":255},"SecColor":{"Red":0,"Green":0,"Blue":0,"Alpha":255},"PrimModColor":-1,"SecModColor":-1,"Muffler":-1,"SideSkirt":-1,"Hood":-1,"Spoiler":-1,"Lattice":-1,"Wings":-1,"Roof":-1,"Vinyls":-1,"FrontBumper":-1,"RearBumper":-1,"Engine":-1,"Turbo":-1,"Horn":-1,"Transmission":-1,"WindowTint":0,"Suspension":-1,"Brakes":-1,"Headlights":-1,"NumberPlate":0,"Wheels":-1,"WheelsType":0,"WheelsColor":0,"NeonColor":{"Red":0,"Green":0,"Blue":0,"Alpha":0},"Armor":-1}', 'Superd', '{"x":-1524.52173,"y":82.13365,"z":57.1585121}', '{"x":2.99122763,"y":-0.4557282,"z":9.284119}', 2, 1, 1, 235),
	(11, 'RM05', '{"PrimColor":{"Red":0,"Green":0,"Blue":0,"Alpha":255},"SecColor":{"Red":0,"Green":0,"Blue":0,"Alpha":255},"PrimModColor":-1,"SecModColor":-1,"Muffler":-1,"SideSkirt":-1,"Hood":-1,"Spoiler":-1,"Lattice":-1,"Wings":-1,"Roof":-1,"Vinyls":-1,"FrontBumper":-1,"RearBumper":-1,"Engine":-1,"Turbo":-1,"Horn":-1,"Transmission":-1,"WindowTint":0,"Suspension":-1,"Brakes":-1,"Headlights":-1,"NumberPlate":0,"Wheels":-1,"WheelsType":0,"WheelsColor":0,"NeonColor":{"Red":0,"Green":0,"Blue":0,"Alpha":0},"Armor":-1}', 'Schafter3', '{"x":-1526.629,"y":101.730629,"z":57.30814}', '{"x":-0.2559086,"y":-0.299211174,"z":74.98123}', 2, 1, 1, 236),
	(11, 'RM06', '{"PrimColor":{"Red":0,"Green":0,"Blue":0,"Alpha":255},"SecColor":{"Red":0,"Green":0,"Blue":0,"Alpha":255},"PrimModColor":-1,"SecModColor":-1,"Muffler":-1,"SideSkirt":-1,"Hood":-1,"Spoiler":-1,"Lattice":-1,"Wings":-1,"Roof":-1,"Vinyls":-1,"FrontBumper":-1,"RearBumper":-1,"Engine":-1,"Turbo":-1,"Horn":-1,"Transmission":-1,"WindowTint":0,"Suspension":-1,"Brakes":-1,"Headlights":-1,"NumberPlate":0,"Wheels":-1,"WheelsType":0,"WheelsColor":0,"NeonColor":{"Red":0,"Green":0,"Blue":0,"Alpha":0},"Armor":-1}', 'Schafter3', '{"x":-1521.50781,"y":99.11725,"z":57.2702026}', '{"x":-1.45355439,"y":-0.839003265,"z":46.15573}', 2, 1, 1, 237),
	(11, 'RM07', '{"PrimColor":{"Red":0,"Green":0,"Blue":0,"Alpha":255},"SecColor":{"Red":0,"Green":0,"Blue":0,"Alpha":255},"PrimModColor":-1,"SecModColor":-1,"Muffler":-1,"SideSkirt":-1,"Hood":-1,"Spoiler":-1,"Lattice":-1,"Wings":-1,"Roof":-1,"Vinyls":-1,"FrontBumper":-1,"RearBumper":-1,"Engine":-1,"Turbo":-1,"Horn":-1,"Transmission":-1,"WindowTint":0,"Suspension":-1,"Brakes":-1,"Headlights":-1,"NumberPlate":0,"Wheels":-1,"WheelsType":0,"WheelsColor":0,"NeonColor":{"Red":0,"Green":0,"Blue":0,"Alpha":0},"Armor":-1}', 'Schafter3', '{"x":-1517.95593,"y":94.45276,"z":56.9957352}', '{"x":-2.73516345,"y":-3.497265,"z":23.4066162}', 2, 1, 1, 238),
	(11, 'RM08', '{"PrimColor":{"Red":0,"Green":0,"Blue":0,"Alpha":255},"SecColor":{"Red":0,"Green":0,"Blue":0,"Alpha":255},"PrimModColor":-1,"SecModColor":-1,"Muffler":-1,"SideSkirt":-1,"Hood":-1,"Spoiler":-1,"Lattice":-1,"Wings":-1,"Roof":-1,"Vinyls":-1,"FrontBumper":-1,"RearBumper":-1,"Engine":-1,"Turbo":-1,"Horn":-1,"Transmission":-1,"WindowTint":0,"Suspension":-1,"Brakes":-1,"Headlights":-1,"NumberPlate":0,"Wheels":-1,"WheelsType":0,"WheelsColor":0,"NeonColor":{"Red":0,"Green":0,"Blue":0,"Alpha":0},"Armor":-1}', 'cheburek', '{"x":-1562.44775,"y":114.382088,"z":57.38136}', '{"x":-1.954769,"y":-6.7132225,"z":230.888916}', 2, 1, 1, 239),
	(11, 'RM09', '{"PrimColor":{"Red":0,"Green":0,"Blue":0,"Alpha":255},"SecColor":{"Red":0,"Green":0,"Blue":0,"Alpha":255},"PrimModColor":-1,"SecModColor":-1,"Muffler":-1,"SideSkirt":-1,"Hood":-1,"Spoiler":-1,"Lattice":-1,"Wings":-1,"Roof":-1,"Vinyls":-1,"FrontBumper":-1,"RearBumper":-1,"Engine":-1,"Turbo":-1,"Horn":-1,"Transmission":-1,"WindowTint":0,"Suspension":-1,"Brakes":-1,"Headlights":-1,"NumberPlate":0,"Wheels":-1,"WheelsType":0,"WheelsColor":0,"NeonColor":{"Red":0,"Green":0,"Blue":0,"Alpha":0},"Armor":-1}', 'cheburek', '{"x":-1566.14319,"y":117.65126,"z":57.9772339}', '{"x":-1.09205055,"y":-8.029368,"z":233.392487}', 2, 1, 1, 240),
	(11, 'RM10', '{"PrimColor":{"Red":0,"Green":0,"Blue":0,"Alpha":255},"SecColor":{"Red":0,"Green":0,"Blue":0,"Alpha":255},"PrimModColor":-1,"SecModColor":-1,"Muffler":-1,"SideSkirt":-1,"Hood":-1,"Spoiler":-1,"Lattice":-1,"Wings":-1,"Roof":-1,"Vinyls":-1,"FrontBumper":-1,"RearBumper":-1,"Engine":-1,"Turbo":-1,"Horn":-1,"Transmission":-1,"WindowTint":0,"Suspension":-1,"Brakes":-1,"Headlights":-1,"NumberPlate":0,"Wheels":-1,"WheelsType":0,"WheelsColor":0,"NeonColor":{"Red":0,"Green":0,"Blue":0,"Alpha":0},"Armor":-1}', 'stinger', '{"x":-1540.86194,"y":122.619453,"z":57.199}', '{"x":0.0348591954,"y":0.00829091,"z":181.017914}', 2, 1, 1, 241),
	(11, 'RM11', '{"PrimColor":{"Red":0,"Green":0,"Blue":0,"Alpha":255},"SecColor":{"Red":0,"Green":0,"Blue":0,"Alpha":255},"PrimModColor":-1,"SecModColor":-1,"Muffler":-1,"SideSkirt":-1,"Hood":-1,"Spoiler":-1,"Lattice":-1,"Wings":-1,"Roof":-1,"Vinyls":-1,"FrontBumper":-1,"RearBumper":-1,"Engine":-1,"Turbo":-1,"Horn":-1,"Transmission":-1,"WindowTint":0,"Suspension":-1,"Brakes":-1,"Headlights":-1,"NumberPlate":0,"Wheels":-1,"WheelsType":0,"WheelsColor":0,"NeonColor":{"Red":0,"Green":0,"Blue":0,"Alpha":0},"Armor":-1}', 'Baller3', '{"x":-1508.78186,"y":90.31721,"z":56.63873}', '{"x":-2.27454376,"y":-2.77702522,"z":49.1734}', 2, 1, 1, 242),
	(12, 'YAK01', '{"PrimColor":{"Red":0,"Green":0,"Blue":0,"Alpha":255},"SecColor":{"Red":0,"Green":0,"Blue":0,"Alpha":255},"PrimModColor":-1,"SecModColor":-1,"Muffler":-1,"SideSkirt":-1,"Hood":-1,"Spoiler":-1,"Lattice":-1,"Wings":-1,"Roof":-1,"Vinyls":-1,"FrontBumper":-1,"RearBumper":-1,"Engine":-1,"Turbo":-1,"Horn":-1,"Transmission":-1,"WindowTint":0,"Suspension":-1,"Brakes":-1,"Headlights":-1,"NumberPlate":0,"Wheels":-1,"WheelsType":0,"WheelsColor":0,"NeonColor":{"Red":0,"Green":0,"Blue":0,"Alpha":0},"Armor":-1}', 'rocoto', '{"x":-1531.164,"y":890.7153,"z":182.757217}', '{"x":-1.34897065,"y":1.04731929,"z":199.649582}', 2, 1, 1, 243),
	(12, 'YAK02', '{"PrimColor":{"Red":0,"Green":0,"Blue":0,"Alpha":255},"SecColor":{"Red":0,"Green":0,"Blue":0,"Alpha":255},"PrimModColor":-1,"SecModColor":-1,"Muffler":-1,"SideSkirt":-1,"Hood":-1,"Spoiler":-1,"Lattice":-1,"Wings":-1,"Roof":-1,"Vinyls":-1,"FrontBumper":-1,"RearBumper":-1,"Engine":-1,"Turbo":-1,"Horn":-1,"Transmission":-1,"WindowTint":0,"Suspension":-1,"Brakes":-1,"Headlights":-1,"NumberPlate":0,"Wheels":-1,"WheelsType":0,"WheelsColor":0,"NeonColor":{"Red":0,"Green":0,"Blue":0,"Alpha":0},"Armor":-1}', 'rocoto', '{"x":-1534.76465,"y":889.7669,"z":182.667068}', '{"x":-1.13232267,"y":1.34335387,"z":200.939255}', 2, 1, 1, 244),
	(12, 'YAK03', '{"PrimColor":{"Red":0,"Green":0,"Blue":0,"Alpha":255},"SecColor":{"Red":0,"Green":0,"Blue":0,"Alpha":255},"PrimModColor":-1,"SecModColor":-1,"Muffler":-1,"SideSkirt":-1,"Hood":-1,"Spoiler":-1,"Lattice":-1,"Wings":-1,"Roof":-1,"Vinyls":-1,"FrontBumper":-1,"RearBumper":-1,"Engine":-1,"Turbo":-1,"Horn":-1,"Transmission":-1,"WindowTint":0,"Suspension":-1,"Brakes":-1,"Headlights":-1,"NumberPlate":0,"Wheels":-1,"WheelsType":0,"WheelsColor":0,"NeonColor":{"Red":0,"Green":0,"Blue":0,"Alpha":0},"Armor":-1}', 'Elegy', '{"x":-1526.84753,"y":848.2122,"z":181.920349}', '{"x":0.00412099855,"y":0.04529136,"z":292.648071}', 2, 1, 1, 245),
	(12, 'YAK04', '{"PrimColor":{"Red":0,"Green":0,"Blue":0,"Alpha":255},"SecColor":{"Red":0,"Green":0,"Blue":0,"Alpha":255},"PrimModColor":-1,"SecModColor":-1,"Muffler":-1,"SideSkirt":-1,"Hood":-1,"Spoiler":-1,"Lattice":-1,"Wings":-1,"Roof":-1,"Vinyls":-1,"FrontBumper":-1,"RearBumper":-1,"Engine":-1,"Turbo":-1,"Horn":-1,"Transmission":-1,"WindowTint":0,"Suspension":-1,"Brakes":-1,"Headlights":-1,"NumberPlate":0,"Wheels":-1,"WheelsType":0,"WheelsColor":0,"NeonColor":{"Red":0,"Green":0,"Blue":0,"Alpha":0},"Armor":-1}', 'Kuruma', '{"x":-1538.93225,"y":889.8445,"z":182.421112}', '{"x":-1.1621871,"y":2.276379,"z":200.403336}', 2, 1, 1, 246),
	(12, 'YAK05', '{"PrimColor":{"Red":0,"Green":0,"Blue":0,"Alpha":255},"SecColor":{"Red":0,"Green":0,"Blue":0,"Alpha":255},"PrimModColor":-1,"SecModColor":-1,"Muffler":-1,"SideSkirt":-1,"Hood":-1,"Spoiler":-1,"Lattice":-1,"Wings":-1,"Roof":-1,"Vinyls":-1,"FrontBumper":-1,"RearBumper":-1,"Engine":-1,"Turbo":-1,"Horn":-1,"Transmission":-1,"WindowTint":0,"Suspension":-1,"Brakes":-1,"Headlights":-1,"NumberPlate":0,"Wheels":-1,"WheelsType":0,"WheelsColor":0,"NeonColor":{"Red":0,"Green":0,"Blue":0,"Alpha":0},"Armor":-1}', 'Kuruma', '{"x":-1542.44116,"y":888.900635,"z":182.239273}', '{"x":-1.25316668,"y":2.971641,"z":198.9123}', 2, 1, 1, 247),
	(12, 'YAK06', '{"PrimColor":{"Red":0,"Green":0,"Blue":0,"Alpha":255},"SecColor":{"Red":0,"Green":0,"Blue":0,"Alpha":255},"PrimModColor":-1,"SecModColor":-1,"Muffler":-1,"SideSkirt":-1,"Hood":-1,"Spoiler":-1,"Lattice":-1,"Wings":-1,"Roof":-1,"Vinyls":-1,"FrontBumper":-1,"RearBumper":-1,"Engine":-1,"Turbo":-1,"Horn":-1,"Transmission":-1,"WindowTint":0,"Suspension":-1,"Brakes":-1,"Headlights":-1,"NumberPlate":0,"Wheels":-1,"WheelsType":0,"WheelsColor":0,"NeonColor":{"Red":0,"Green":0,"Blue":0,"Alpha":0},"Armor":-1}', 'Intruder', '{"x":-1545.56982,"y":886.6707,"z":181.940109}', '{"x":-0.736168861,"y":1.48056138,"z":200.103012}', 2, 1, 1, 248),
	(12, 'YAK07', '{"PrimColor":{"Red":0,"Green":0,"Blue":0,"Alpha":255},"SecColor":{"Red":0,"Green":0,"Blue":0,"Alpha":255},"PrimModColor":-1,"SecModColor":-1,"Muffler":-1,"SideSkirt":-1,"Hood":-1,"Spoiler":-1,"Lattice":-1,"Wings":-1,"Roof":-1,"Vinyls":-1,"FrontBumper":-1,"RearBumper":-1,"Engine":-1,"Turbo":-1,"Horn":-1,"Transmission":-1,"WindowTint":0,"Suspension":-1,"Brakes":-1,"Headlights":-1,"NumberPlate":0,"Wheels":-1,"WheelsType":0,"WheelsColor":0,"NeonColor":{"Red":0,"Green":0,"Blue":0,"Alpha":0},"Armor":-1}', 'Intruder', '{"x":-1548.81384,"y":884.3083,"z":181.89061}', '{"x":-0.01323576,"y":-0.157464772,"z":200.185135}', 2, 1, 1, 249),
	(12, 'YAK08', '{"PrimColor":{"Red":0,"Green":0,"Blue":0,"Alpha":255},"SecColor":{"Red":0,"Green":0,"Blue":0,"Alpha":255},"PrimModColor":-1,"SecModColor":-1,"Muffler":-1,"SideSkirt":-1,"Hood":-1,"Spoiler":-1,"Lattice":-1,"Wings":-1,"Roof":-1,"Vinyls":-1,"FrontBumper":-1,"RearBumper":-1,"Engine":-1,"Turbo":-1,"Horn":-1,"Transmission":-1,"WindowTint":0,"Suspension":-1,"Brakes":-1,"Headlights":-1,"NumberPlate":0,"Wheels":-1,"WheelsType":0,"WheelsColor":0,"NeonColor":{"Red":0,"Green":0,"Blue":0,"Alpha":0},"Armor":-1}', 'Intruder', '{"x":-1551.44653,"y":880.981262,"z":181.914917}', '{"x":0.14306204,"y":-0.4411251,"z":201.044}', 2, 1, 1, 250),
	(12, 'YAK09', '{"PrimColor":{"Red":0,"Green":0,"Blue":0,"Alpha":255},"SecColor":{"Red":0,"Green":0,"Blue":0,"Alpha":255},"PrimModColor":-1,"SecModColor":-1,"Muffler":-1,"SideSkirt":-1,"Hood":-1,"Spoiler":-1,"Lattice":-1,"Wings":-1,"Roof":-1,"Vinyls":-1,"FrontBumper":-1,"RearBumper":-1,"Engine":-1,"Turbo":-1,"Horn":-1,"Transmission":-1,"WindowTint":0,"Suspension":-1,"Brakes":-1,"Headlights":-1,"NumberPlate":0,"Wheels":-1,"WheelsType":0,"WheelsColor":0,"NeonColor":{"Red":0,"Green":0,"Blue":0,"Alpha":0},"Armor":-1}', 'Gresley', '{"x":-1543.53821,"y":855.759,"z":182.491318}', '{"x":5.24819469,"y":-3.074723,"z":57.427887}', 2, 1, 1, 251),
	(12, 'YAK10', '{"PrimColor":{"Red":0,"Green":0,"Blue":0,"Alpha":255},"SecColor":{"Red":0,"Green":0,"Blue":0,"Alpha":255},"PrimModColor":-1,"SecModColor":-1,"Muffler":-1,"SideSkirt":-1,"Hood":-1,"Spoiler":-1,"Lattice":-1,"Wings":-1,"Roof":-1,"Vinyls":-1,"FrontBumper":-1,"RearBumper":-1,"Engine":-1,"Turbo":-1,"Horn":-1,"Transmission":-1,"WindowTint":0,"Suspension":-1,"Brakes":-1,"Headlights":-1,"NumberPlate":0,"Wheels":-1,"WheelsType":0,"WheelsColor":0,"NeonColor":{"Red":0,"Green":0,"Blue":0,"Alpha":0},"Armor":-1}', 'Gresley', '{"x":-1548.4469,"y":860.7041,"z":182.467819}', '{"x":4.016772,"y":-6.20559549,"z":31.07074}', 2, 1, 1, 252),
	(12, 'YAK11', '{"PrimColor":{"Red":0,"Green":0,"Blue":0,"Alpha":255},"SecColor":{"Red":0,"Green":0,"Blue":0,"Alpha":255},"PrimModColor":-1,"SecModColor":-1,"Muffler":-1,"SideSkirt":-1,"Hood":-1,"Spoiler":-1,"Lattice":-1,"Wings":-1,"Roof":-1,"Vinyls":-1,"FrontBumper":-1,"RearBumper":-1,"Engine":-1,"Turbo":-1,"Horn":-1,"Transmission":-1,"WindowTint":0,"Suspension":-1,"Brakes":-1,"Headlights":-1,"NumberPlate":0,"Wheels":-1,"WheelsType":0,"WheelsColor":0,"NeonColor":{"Red":0,"Green":0,"Blue":0,"Alpha":0},"Armor":-1}', 'Gresley', '{"x":-1550.92053,"y":866.6451,"z":182.435852}', '{"x":2.22009468,"y":-8.424867,"z":10.8796082}', 2, 1, 1, 253),
	(12, 'YAK12', '{"PrimColor":{"Red":0,"Green":0,"Blue":0,"Alpha":255},"SecColor":{"Red":0,"Green":0,"Blue":0,"Alpha":255},"PrimModColor":-1,"SecModColor":-1,"Muffler":-1,"SideSkirt":-1,"Hood":-1,"Spoiler":-1,"Lattice":-1,"Wings":-1,"Roof":-1,"Vinyls":-1,"FrontBumper":-1,"RearBumper":-1,"Engine":-1,"Turbo":-1,"Horn":-1,"Transmission":-1,"WindowTint":0,"Suspension":-1,"Brakes":-1,"Headlights":-1,"NumberPlate":0,"Wheels":-1,"WheelsType":0,"WheelsColor":0,"NeonColor":{"Red":0,"Green":0,"Blue":0,"Alpha":0},"Armor":-1}', 'Speedo', '{"x":-1516.26416,"y":868.940552,"z":182.518784}', '{"x":0.167136088,"y":5.43111372,"z":351.715179}', 2, 1, 1, 254),
	(12, 'YAK13', '{"PrimColor":{"Red":0,"Green":0,"Blue":0,"Alpha":255},"SecColor":{"Red":0,"Green":0,"Blue":0,"Alpha":255},"PrimModColor":-1,"SecModColor":-1,"Muffler":-1,"SideSkirt":-1,"Hood":-1,"Spoiler":-1,"Lattice":-1,"Wings":-1,"Roof":-1,"Vinyls":-1,"FrontBumper":-1,"RearBumper":-1,"Engine":-1,"Turbo":-1,"Horn":-1,"Transmission":-1,"WindowTint":0,"Suspension":-1,"Brakes":-1,"Headlights":-1,"NumberPlate":0,"Wheels":-1,"WheelsType":0,"WheelsColor":0,"NeonColor":{"Red":0,"Green":0,"Blue":0,"Alpha":0},"Armor":-1}', 'Speedo', '{"x":-1515.23071,"y":874.693,"z":182.57254}', '{"x":0.154752478,"y":5.3392477,"z":348.3609}', 2, 1, 1, 255),
	(12, 'YAK14', '{"PrimColor":{"Red":0,"Green":0,"Blue":0,"Alpha":255},"SecColor":{"Red":0,"Green":0,"Blue":0,"Alpha":255},"PrimModColor":-1,"SecModColor":-1,"Muffler":-1,"SideSkirt":-1,"Hood":-1,"Spoiler":-1,"Lattice":-1,"Wings":-1,"Roof":-1,"Vinyls":-1,"FrontBumper":-1,"RearBumper":-1,"Engine":-1,"Turbo":-1,"Horn":-1,"Transmission":-1,"WindowTint":0,"Suspension":-1,"Brakes":-1,"Headlights":-1,"NumberPlate":0,"Wheels":-1,"WheelsType":0,"WheelsColor":0,"NeonColor":{"Red":0,"Green":0,"Blue":0,"Alpha":0},"Armor":-1}', 'Penumbra', '{"x":-1523.44043,"y":865.7545,"z":182.122726}', '{"x":-0.30370155,"y":0.262713224,"z":320.182861}', 2, 1, 1, 256),
	(12, 'YAK15', '{"PrimColor":{"Red":0,"Green":0,"Blue":0,"Alpha":255},"SecColor":{"Red":0,"Green":0,"Blue":0,"Alpha":255},"PrimModColor":-1,"SecModColor":-1,"Muffler":-1,"SideSkirt":-1,"Hood":-1,"Spoiler":-1,"Lattice":-1,"Wings":-1,"Roof":-1,"Vinyls":-1,"FrontBumper":-1,"RearBumper":-1,"Engine":-1,"Turbo":-1,"Horn":-1,"Transmission":-1,"WindowTint":0,"Suspension":-1,"Brakes":-1,"Headlights":-1,"NumberPlate":0,"Wheels":-1,"WheelsType":0,"WheelsColor":0,"NeonColor":{"Red":0,"Green":0,"Blue":0,"Alpha":0},"Armor":-1}', 'Penumbra', '{"x":-1528.94153,"y":860.827637,"z":182.057037}', '{"x":-1.46541512,"y":0.256825268,"z":297.972656}', 2, 1, 1, 257),
	(12, 'YAK16', '{"PrimColor":{"Red":0,"Green":0,"Blue":0,"Alpha":255},"SecColor":{"Red":0,"Green":0,"Blue":0,"Alpha":255},"PrimModColor":-1,"SecModColor":-1,"Muffler":-1,"SideSkirt":-1,"Hood":-1,"Spoiler":-1,"Lattice":-1,"Wings":-1,"Roof":-1,"Vinyls":-1,"FrontBumper":-1,"RearBumper":-1,"Engine":-1,"Turbo":-1,"Horn":-1,"Transmission":-1,"WindowTint":0,"Suspension":-1,"Brakes":-1,"Headlights":-1,"NumberPlate":0,"Wheels":-1,"WheelsType":0,"WheelsColor":0,"NeonColor":{"Red":0,"Green":0,"Blue":0,"Alpha":0},"Armor":-1}', 'Penumbra', '{"x":-1536.53088,"y":859.731934,"z":181.96582}', '{"x":0.730709732,"y":0.5818254,"z":261.38678}', 2, 1, 1, 258),
	(13, 'ARM01', '{"PrimColor":{"Red":0,"Green":0,"Blue":0,"Alpha":255},"SecColor":{"Red":0,"Green":0,"Blue":0,"Alpha":255},"PrimModColor":-1,"SecModColor":-1,"Muffler":-1,"SideSkirt":-1,"Hood":-1,"Spoiler":-1,"Lattice":-1,"Wings":-1,"Roof":-1,"Vinyls":-1,"FrontBumper":-1,"RearBumper":-1,"Engine":-1,"Turbo":-1,"Horn":-1,"Transmission":-1,"WindowTint":0,"Suspension":-1,"Brakes":-1,"Headlights":-1,"NumberPlate":0,"Wheels":-1,"WheelsType":0,"WheelsColor":0,"NeonColor":{"Red":0,"Green":0,"Blue":0,"Alpha":0},"Armor":-1}', 'Speedo', '{"x":-129.169052,"y":1006.3255,"z":236.4717}', '{"x":0.0379262529,"y":0.17696251,"z":206.096024}', 2, 1, 1, 259),
	(13, 'ARM02', '{"PrimColor":{"Red":0,"Green":0,"Blue":0,"Alpha":255},"SecColor":{"Red":0,"Green":0,"Blue":0,"Alpha":255},"PrimModColor":-1,"SecModColor":-1,"Muffler":-1,"SideSkirt":-1,"Hood":-1,"Spoiler":-1,"Lattice":-1,"Wings":-1,"Roof":-1,"Vinyls":-1,"FrontBumper":-1,"RearBumper":-1,"Engine":-1,"Turbo":-1,"Horn":-1,"Transmission":-1,"WindowTint":0,"Suspension":-1,"Brakes":-1,"Headlights":-1,"NumberPlate":0,"Wheels":-1,"WheelsType":0,"WheelsColor":0,"NeonColor":{"Red":0,"Green":0,"Blue":0,"Alpha":0},"Armor":-1}', 'Speedo', '{"x":-132.366211,"y":1005.17194,"z":236.471466}', '{"x":0.0554637536,"y":0.125733316,"z":202.598373}', 2, 1, 1, 260),
	(13, 'ARM03', '{"PrimColor":{"Red":0,"Green":0,"Blue":0,"Alpha":255},"SecColor":{"Red":0,"Green":0,"Blue":0,"Alpha":255},"PrimModColor":-1,"SecModColor":-1,"Muffler":-1,"SideSkirt":-1,"Hood":-1,"Spoiler":-1,"Lattice":-1,"Wings":-1,"Roof":-1,"Vinyls":-1,"FrontBumper":-1,"RearBumper":-1,"Engine":-1,"Turbo":-1,"Horn":-1,"Transmission":-1,"WindowTint":0,"Suspension":-1,"Brakes":-1,"Headlights":-1,"NumberPlate":0,"Wheels":-1,"WheelsType":0,"WheelsColor":0,"NeonColor":{"Red":0,"Green":0,"Blue":0,"Alpha":0},"Armor":-1}', 'Rapidgt', '{"x":-116.557693,"y":979.11615,"z":236.3402}', '{"x":0.286510885,"y":-0.592814565,"z":21.4608459}', 2, 1, 1, 261),
	(13, 'ARM04', '{"PrimColor":{"Red":0,"Green":0,"Blue":0,"Alpha":255},"SecColor":{"Red":0,"Green":0,"Blue":0,"Alpha":255},"PrimModColor":-1,"SecModColor":-1,"Muffler":-1,"SideSkirt":-1,"Hood":-1,"Spoiler":-1,"Lattice":-1,"Wings":-1,"Roof":-1,"Vinyls":-1,"FrontBumper":-1,"RearBumper":-1,"Engine":-1,"Turbo":-1,"Horn":-1,"Transmission":-1,"WindowTint":0,"Suspension":-1,"Brakes":-1,"Headlights":-1,"NumberPlate":0,"Wheels":-1,"WheelsType":0,"WheelsColor":0,"NeonColor":{"Red":0,"Green":0,"Blue":0,"Alpha":0},"Armor":-1}', 'Rapidgt', '{"x":-113.617455,"y":980.057434,"z":236.3334}', '{"x":0.118923172,"y":-0.0410415754,"z":21.3863525}', 2, 1, 1, 262),
	(13, 'ARM05', '{"PrimColor":{"Red":0,"Green":0,"Blue":0,"Alpha":255},"SecColor":{"Red":0,"Green":0,"Blue":0,"Alpha":255},"PrimModColor":-1,"SecModColor":-1,"Muffler":-1,"SideSkirt":-1,"Hood":-1,"Spoiler":-1,"Lattice":-1,"Wings":-1,"Roof":-1,"Vinyls":-1,"FrontBumper":-1,"RearBumper":-1,"Engine":-1,"Turbo":-1,"Horn":-1,"Transmission":-1,"WindowTint":0,"Suspension":-1,"Brakes":-1,"Headlights":-1,"NumberPlate":0,"Wheels":-1,"WheelsType":0,"WheelsColor":0,"NeonColor":{"Red":0,"Green":0,"Blue":0,"Alpha":0},"Armor":-1}', 'sultan', '{"x":-104.44458,"y":1003.97571,"z":236.1553}', '{"x":0.115303323,"y":0.005676796,"z":110.202881}', 2, 1, 1, 263),
	(13, 'ARM06', '{"PrimColor":{"Red":0,"Green":0,"Blue":0,"Alpha":255},"SecColor":{"Red":0,"Green":0,"Blue":0,"Alpha":255},"PrimModColor":-1,"SecModColor":-1,"Muffler":-1,"SideSkirt":-1,"Hood":-1,"Spoiler":-1,"Lattice":-1,"Wings":-1,"Roof":-1,"Vinyls":-1,"FrontBumper":-1,"RearBumper":-1,"Engine":-1,"Turbo":-1,"Horn":-1,"Transmission":-1,"WindowTint":0,"Suspension":-1,"Brakes":-1,"Headlights":-1,"NumberPlate":0,"Wheels":-1,"WheelsType":0,"WheelsColor":0,"NeonColor":{"Red":0,"Green":0,"Blue":0,"Alpha":0},"Armor":-1}', 'sultan', '{"x":-105.393959,"y":1006.75037,"z":236.1549}', '{"x":0.06393767,"y":0.001702209,"z":110.346527}', 2, 1, 1, 264),
	(13, 'ARM07', '{"PrimColor":{"Red":0,"Green":0,"Blue":0,"Alpha":255},"SecColor":{"Red":0,"Green":0,"Blue":0,"Alpha":255},"PrimModColor":-1,"SecModColor":-1,"Muffler":-1,"SideSkirt":-1,"Hood":-1,"Spoiler":-1,"Lattice":-1,"Wings":-1,"Roof":-1,"Vinyls":-1,"FrontBumper":-1,"RearBumper":-1,"Engine":-1,"Turbo":-1,"Horn":-1,"Transmission":-1,"WindowTint":0,"Suspension":-1,"Brakes":-1,"Headlights":-1,"NumberPlate":0,"Wheels":-1,"WheelsType":0,"WheelsColor":0,"NeonColor":{"Red":0,"Green":0,"Blue":0,"Alpha":0},"Armor":-1}', 'sultan', '{"x":-106.63105,"y":1009.92249,"z":236.153152}', '{"x":-0.0127523746,"y":0.0355799459,"z":108.065918}', 2, 1, 1, 265),
	(13, 'ARM08', '{"PrimColor":{"Red":0,"Green":0,"Blue":0,"Alpha":255},"SecColor":{"Red":0,"Green":0,"Blue":0,"Alpha":255},"PrimModColor":-1,"SecModColor":-1,"Muffler":-1,"SideSkirt":-1,"Hood":-1,"Spoiler":-1,"Lattice":-1,"Wings":-1,"Roof":-1,"Vinyls":-1,"FrontBumper":-1,"RearBumper":-1,"Engine":-1,"Turbo":-1,"Horn":-1,"Transmission":-1,"WindowTint":0,"Suspension":-1,"Brakes":-1,"Headlights":-1,"NumberPlate":0,"Wheels":-1,"WheelsType":0,"WheelsColor":0,"NeonColor":{"Red":0,"Green":0,"Blue":0,"Alpha":0},"Armor":-1}', 'Viseris', '{"x":-117.007858,"y":990.87146,"z":236.1301}', '{"x":-0.0276524536,"y":-0.06830126,"z":109.25946}', 2, 1, 1, 266),
	(13, 'ARM09', '{"PrimColor":{"Red":0,"Green":0,"Blue":0,"Alpha":255},"SecColor":{"Red":0,"Green":0,"Blue":0,"Alpha":255},"PrimModColor":-1,"SecModColor":-1,"Muffler":-1,"SideSkirt":-1,"Hood":-1,"Spoiler":-1,"Lattice":-1,"Wings":-1,"Roof":-1,"Vinyls":-1,"FrontBumper":-1,"RearBumper":-1,"Engine":-1,"Turbo":-1,"Horn":-1,"Transmission":-1,"WindowTint":0,"Suspension":-1,"Brakes":-1,"Headlights":-1,"NumberPlate":0,"Wheels":-1,"WheelsType":0,"WheelsColor":0,"NeonColor":{"Red":0,"Green":0,"Blue":0,"Alpha":0},"Armor":-1}', 'Huntley', '{"x":-125.673019,"y":1007.6358,"z":236.075241}', '{"x":0.0532032773,"y":0.1889385,"z":202.318527}', 2, 1, 1, 267),
	(13, 'ARM10', '{"PrimColor":{"Red":0,"Green":0,"Blue":0,"Alpha":255},"SecColor":{"Red":0,"Green":0,"Blue":0,"Alpha":255},"PrimModColor":-1,"SecModColor":-1,"Muffler":-1,"SideSkirt":-1,"Hood":-1,"Spoiler":-1,"Lattice":-1,"Wings":-1,"Roof":-1,"Vinyls":-1,"FrontBumper":-1,"RearBumper":-1,"Engine":-1,"Turbo":-1,"Horn":-1,"Transmission":-1,"WindowTint":0,"Suspension":-1,"Brakes":-1,"Headlights":-1,"NumberPlate":0,"Wheels":-1,"WheelsType":0,"WheelsColor":0,"NeonColor":{"Red":0,"Green":0,"Blue":0,"Alpha":0},"Armor":-1}', 'Huntley', '{"x":-122.372871,"y":1009.00183,"z":236.075012}', '{"x":0.06066142,"y":0.157490566,"z":200.832779}', 2, 1, 1, 268),
	(13, 'ARM11', '{"PrimColor":{"Red":0,"Green":0,"Blue":0,"Alpha":255},"SecColor":{"Red":0,"Green":0,"Blue":0,"Alpha":255},"PrimModColor":-1,"SecModColor":-1,"Muffler":-1,"SideSkirt":-1,"Hood":-1,"Spoiler":-1,"Lattice":-1,"Wings":-1,"Roof":-1,"Vinyls":-1,"FrontBumper":-1,"RearBumper":-1,"Engine":-1,"Turbo":-1,"Horn":-1,"Transmission":-1,"WindowTint":0,"Suspension":-1,"Brakes":-1,"Headlights":-1,"NumberPlate":0,"Wheels":-1,"WheelsType":0,"WheelsColor":0,"NeonColor":{"Red":0,"Green":0,"Blue":0,"Alpha":0},"Armor":-1}', 'blista', '{"x":-122.286308,"y":977.1153,"z":236.713577}', '{"x":1.41841817,"y":-0.569472849,"z":17.5309753}', 2, 1, 1, 269),
	(13, 'ARM12', '{"PrimColor":{"Red":0,"Green":0,"Blue":0,"Alpha":255},"SecColor":{"Red":0,"Green":0,"Blue":0,"Alpha":255},"PrimModColor":-1,"SecModColor":-1,"Muffler":-1,"SideSkirt":-1,"Hood":-1,"Spoiler":-1,"Lattice":-1,"Wings":-1,"Roof":-1,"Vinyls":-1,"FrontBumper":-1,"RearBumper":-1,"Engine":-1,"Turbo":-1,"Horn":-1,"Transmission":-1,"WindowTint":0,"Suspension":-1,"Brakes":-1,"Headlights":-1,"NumberPlate":0,"Wheels":-1,"WheelsType":0,"WheelsColor":0,"NeonColor":{"Red":0,"Green":0,"Blue":0,"Alpha":0},"Armor":-1}', 'blista', '{"x":-119.861588,"y":977.8567,"z":236.663483}', '{"x":0.8582392,"y":-1.01294279,"z":19.125946}', 2, 1, 1, 270),
	(14, 'ARMY33', '{"PrimColor":{"Red":0,"Green":0,"Blue":0,"Alpha":255},"SecColor":{"Red":0,"Green":0,"Blue":0,"Alpha":255},"PrimModColor":-1,"SecModColor":-1,"Muffler":-1,"SideSkirt":-1,"Hood":-1,"Spoiler":-1,"Lattice":-1,"Wings":-1,"Roof":-1,"Vinyls":-1,"FrontBumper":-1,"RearBumper":-1,"Engine":-1,"Turbo":-1,"Horn":-1,"Transmission":-1,"WindowTint":0,"Suspension":-1,"Brakes":-1,"Headlights":-1,"NumberPlate":0,"Wheels":-1,"WheelsType":0,"WheelsColor":0,"NeonColor":{"Red":0,"Green":0,"Blue":0,"Alpha":0},"Armor":-1}', 'valkyrie2', '{"x":-2143.24023,"y":3021.474,"z":33.5123177}', '{"x":0.2101234,"y":-0.23460643,"z":329.358551}', 2, 100, 100, 271),
	(14, 'ARMY36', '{"PrimColor":{"Red":0,"Green":0,"Blue":0,"Alpha":255},"SecColor":{"Red":0,"Green":0,"Blue":0,"Alpha":255},"PrimModColor":-1,"SecModColor":-1,"Muffler":-1,"SideSkirt":-1,"Hood":-1,"Spoiler":-1,"Lattice":-1,"Wings":-1,"Roof":-1,"Vinyls":-1,"FrontBumper":-1,"RearBumper":-1,"Engine":-1,"Turbo":-1,"Horn":-1,"Transmission":-1,"WindowTint":0,"Suspension":-1,"Brakes":-1,"Headlights":-1,"NumberPlate":0,"Wheels":-1,"WheelsType":0,"WheelsColor":0,"NeonColor":{"Red":0,"Green":0,"Blue":0,"Alpha":0},"Armor":-1}', 'Havok', '{"x":-2109.84033,"y":3262.37769,"z":34.39634}', '{"x":0.1854859,"y":-0.9163304,"z":101.718719}', 2, 100, 100, 274),
	(14, 'ARMY37', '{"PrimColor":{"Red":0,"Green":0,"Blue":0,"Alpha":255},"SecColor":{"Red":0,"Green":0,"Blue":0,"Alpha":255},"PrimModColor":-1,"SecModColor":-1,"Muffler":-1,"SideSkirt":-1,"Hood":-1,"Spoiler":-1,"Lattice":-1,"Wings":-1,"Roof":-1,"Vinyls":-1,"FrontBumper":-1,"RearBumper":-1,"Engine":-1,"Turbo":-1,"Horn":-1,"Transmission":-1,"WindowTint":0,"Suspension":-1,"Brakes":-1,"Headlights":-1,"NumberPlate":0,"Wheels":-1,"WheelsType":0,"WheelsColor":0,"NeonColor":{"Red":0,"Green":0,"Blue":0,"Alpha":0},"Armor":-1}', 'Havok', '{"x":-2139.567,"y":3278.59082,"z":34.396534}', '{"x":0.9270988,"y":0.257063657,"z":195.674942}', 2, 100, 100, 275),
	(14, 'ARMY38', '{"PrimColor":{"Red":0,"Green":0,"Blue":0,"Alpha":255},"SecColor":{"Red":0,"Green":0,"Blue":0,"Alpha":255},"PrimModColor":-1,"SecModColor":-1,"Muffler":-1,"SideSkirt":-1,"Hood":-1,"Spoiler":-1,"Lattice":-1,"Wings":-1,"Roof":-1,"Vinyls":-1,"FrontBumper":-1,"RearBumper":-1,"Engine":-1,"Turbo":-1,"Horn":-1,"Transmission":-1,"WindowTint":0,"Suspension":-1,"Brakes":-1,"Headlights":-1,"NumberPlate":0,"Wheels":-1,"WheelsType":0,"WheelsColor":0,"NeonColor":{"Red":0,"Green":0,"Blue":0,"Alpha":0},"Armor":-1}', 'BUZZARD2', '{"x":-2151.23828,"y":3263.13013,"z":33.70933}', '{"x":0.0532359667,"y":0.09124779,"z":195.224548}', 2, 100, 100, 276),
	(14, 'ARMY39', '{"PrimColor":{"Red":0,"Green":0,"Blue":0,"Alpha":255},"SecColor":{"Red":0,"Green":0,"Blue":0,"Alpha":255},"PrimModColor":-1,"SecModColor":-1,"Muffler":-1,"SideSkirt":-1,"Hood":-1,"Spoiler":-1,"Lattice":-1,"Wings":-1,"Roof":-1,"Vinyls":-1,"FrontBumper":-1,"RearBumper":-1,"Engine":-1,"Turbo":-1,"Horn":-1,"Transmission":-1,"WindowTint":0,"Suspension":-1,"Brakes":-1,"Headlights":-1,"NumberPlate":0,"Wheels":-1,"WheelsType":0,"WheelsColor":0,"NeonColor":{"Red":0,"Green":0,"Blue":0,"Alpha":0},"Armor":-1}', 'BUZZARD2', '{"x":-2121.40625,"y":3244.278,"z":33.70899}', '{"x":0.104291,"y":-0.03803819,"z":114.390442}', 2, 100, 100, 277),
	(14, 'ARMY40', '{"PrimColor":{"Red":0,"Green":0,"Blue":0,"Alpha":255},"SecColor":{"Red":0,"Green":0,"Blue":0,"Alpha":255},"PrimModColor":-1,"SecModColor":-1,"Muffler":-1,"SideSkirt":-1,"Hood":-1,"Spoiler":-1,"Lattice":-1,"Wings":-1,"Roof":-1,"Vinyls":-1,"FrontBumper":-1,"RearBumper":-1,"Engine":-1,"Turbo":-1,"Horn":-1,"Transmission":-1,"WindowTint":0,"Suspension":-1,"Brakes":-1,"Headlights":-1,"NumberPlate":0,"Wheels":-1,"WheelsType":0,"WheelsColor":0,"NeonColor":{"Red":0,"Green":0,"Blue":0,"Alpha":0},"Armor":-1}', 'luxor', '{"x":-1822.91736,"y":2971.95386,"z":34.4131}', '{"x":0.07443008,"y":0.224932909,"z":59.1859741}', 2, 100, 100, 278),
	(14, 'ARMY41', '{"PrimColor":{"Red":0,"Green":0,"Blue":0,"Alpha":255},"SecColor":{"Red":0,"Green":0,"Blue":0,"Alpha":255},"PrimModColor":-1,"SecModColor":-1,"Muffler":-1,"SideSkirt":-1,"Hood":-1,"Spoiler":-1,"Lattice":-1,"Wings":-1,"Roof":-1,"Vinyls":-1,"FrontBumper":-1,"RearBumper":-1,"Engine":-1,"Turbo":-1,"Horn":-1,"Transmission":-1,"WindowTint":0,"Suspension":-1,"Brakes":-1,"Headlights":-1,"NumberPlate":0,"Wheels":-1,"WheelsType":0,"WheelsColor":0,"NeonColor":{"Red":0,"Green":0,"Blue":0,"Alpha":0},"Armor":-1}', 'menacer', '{"x":-2398.83765,"y":3367.82837,"z":33.5196953}', '{"x":0.065998286,"y":-0.005028567,"z":150.707886}', 2, 100, 100, 279),
	(14, 'ARMY42', '{"PrimColor":{"Red":0,"Green":0,"Blue":0,"Alpha":255},"SecColor":{"Red":0,"Green":0,"Blue":0,"Alpha":255},"PrimModColor":-1,"SecModColor":-1,"Muffler":-1,"SideSkirt":-1,"Hood":-1,"Spoiler":-1,"Lattice":-1,"Wings":-1,"Roof":-1,"Vinyls":-1,"FrontBumper":-1,"RearBumper":-1,"Engine":-1,"Turbo":-1,"Horn":-1,"Transmission":-1,"WindowTint":0,"Suspension":-1,"Brakes":-1,"Headlights":-1,"NumberPlate":0,"Wheels":-1,"WheelsType":0,"WheelsColor":0,"NeonColor":{"Red":0,"Green":0,"Blue":0,"Alpha":0},"Armor":-1}', 'menacer', '{"x":-2389.598,"y":3362.464,"z":33.5171127}', '{"x":0.06501851,"y":-0.008966539,"z":147.906219}', 2, 100, 100, 280),
	(17, 'MSC03', '{"PrimColor":{"Red":0,"Green":0,"Blue":0,"Alpha":255},"SecColor":{"Red":0,"Green":0,"Blue":0,"Alpha":255},"PrimModColor":-1,"SecModColor":-1,"Muffler":-1,"SideSkirt":-1,"Hood":-1,"Spoiler":-1,"Lattice":-1,"Wings":-1,"Roof":-1,"Vinyls":-1,"FrontBumper":-1,"RearBumper":-1,"Engine":-1,"Turbo":-1,"Horn":-1,"Transmission":-1,"WindowTint":0,"Suspension":-1,"Brakes":-1,"Headlights":-1,"NumberPlate":0,"Wheels":-1,"WheelsType":0,"WheelsColor":0,"NeonColor":{"Red":0,"Green":0,"Blue":0,"Alpha":0},"Armor":-1}', 'cargobob', '{"x":1586.44531,"y":2220.452,"z":79.61547}', '{"x":2.9572804,"y":-2.11937451,"z":173.127319}', 2, 99, 99, 283),
	(17, 'MSC04', '{"PrimColor":{"Red":0,"Green":0,"Blue":0,"Alpha":255},"SecColor":{"Red":0,"Green":0,"Blue":0,"Alpha":255},"PrimModColor":-1,"SecModColor":-1,"Muffler":-1,"SideSkirt":-1,"Hood":-1,"Spoiler":-1,"Lattice":-1,"Wings":-1,"Roof":-1,"Vinyls":-1,"FrontBumper":-1,"RearBumper":-1,"Engine":-1,"Turbo":-1,"Horn":-1,"Transmission":-1,"WindowTint":0,"Suspension":-1,"Brakes":-1,"Headlights":-1,"NumberPlate":0,"Wheels":-1,"WheelsType":0,"WheelsColor":0,"NeonColor":{"Red":0,"Green":0,"Blue":0,"Alpha":0},"Armor":-1}', 'dune', '{"x":1543.33716,"y":2183.01855,"z":79.28369}', '{"x":0.1360638,"y":-0.095513165,"z":86.99106}', 2, 99, 99, 284),
	(17, 'MSC05', '{"PrimColor":{"Red":0,"Green":0,"Blue":0,"Alpha":255},"SecColor":{"Red":0,"Green":0,"Blue":0,"Alpha":255},"PrimModColor":-1,"SecModColor":-1,"Muffler":-1,"SideSkirt":-1,"Hood":-1,"Spoiler":-1,"Lattice":-1,"Wings":-1,"Roof":-1,"Vinyls":-1,"FrontBumper":-1,"RearBumper":-1,"Engine":-1,"Turbo":-1,"Horn":-1,"Transmission":-1,"WindowTint":0,"Suspension":-1,"Brakes":-1,"Headlights":-1,"NumberPlate":0,"Wheels":-1,"WheelsType":0,"WheelsColor":0,"NeonColor":{"Red":0,"Green":0,"Blue":0,"Alpha":0},"Armor":-1}', 'dune', '{"x":1543.27686,"y":2185.63062,"z":79.27765}', '{"x":0.123901911,"y":-0.05254205,"z":89.71936}', 2, 99, 99, 285),
	(17, 'MSC06', '{"PrimColor":{"Red":0,"Green":0,"Blue":0,"Alpha":255},"SecColor":{"Red":0,"Green":0,"Blue":0,"Alpha":255},"PrimModColor":-1,"SecModColor":-1,"Muffler":-1,"SideSkirt":-1,"Hood":-1,"Spoiler":-1,"Lattice":-1,"Wings":-1,"Roof":-1,"Vinyls":-1,"FrontBumper":-1,"RearBumper":-1,"Engine":-1,"Turbo":-1,"Horn":-1,"Transmission":-1,"WindowTint":0,"Suspension":-1,"Brakes":-1,"Headlights":-1,"NumberPlate":0,"Wheels":-1,"WheelsType":0,"WheelsColor":0,"NeonColor":{"Red":0,"Green":0,"Blue":0,"Alpha":0},"Armor":-1}', 'dune', '{"x":1543.36609,"y":2188.25464,"z":79.28652}', '{"x":-0.6917565,"y":-0.2790328,"z":89.81683}', 2, 99, 99, 286),
	(17, 'MSC07', '{"PrimColor":{"Red":0,"Green":0,"Blue":0,"Alpha":255},"SecColor":{"Red":0,"Green":0,"Blue":0,"Alpha":255},"PrimModColor":-1,"SecModColor":-1,"Muffler":-1,"SideSkirt":-1,"Hood":-1,"Spoiler":-1,"Lattice":-1,"Wings":-1,"Roof":-1,"Vinyls":-1,"FrontBumper":-1,"RearBumper":-1,"Engine":-1,"Turbo":-1,"Horn":-1,"Transmission":-1,"WindowTint":0,"Suspension":-1,"Brakes":-1,"Headlights":-1,"NumberPlate":0,"Wheels":-1,"WheelsType":0,"WheelsColor":0,"NeonColor":{"Red":0,"Green":0,"Blue":0,"Alpha":0},"Armor":-1}', 'kamacho', '{"x":1560.51343,"y":2196.64331,"z":79.66764}', '{"x":0.780852556,"y":0.928566337,"z":3.89541626}', 2, 99, 99, 287),
	(17, 'MSC08', '{"PrimColor":{"Red":0,"Green":0,"Blue":0,"Alpha":255},"SecColor":{"Red":0,"Green":0,"Blue":0,"Alpha":255},"PrimModColor":-1,"SecModColor":-1,"Muffler":-1,"SideSkirt":-1,"Hood":-1,"Spoiler":-1,"Lattice":-1,"Wings":-1,"Roof":-1,"Vinyls":-1,"FrontBumper":-1,"RearBumper":-1,"Engine":-1,"Turbo":-1,"Horn":-1,"Transmission":-1,"WindowTint":0,"Suspension":-1,"Brakes":-1,"Headlights":-1,"NumberPlate":0,"Wheels":-1,"WheelsType":0,"WheelsColor":0,"NeonColor":{"Red":0,"Green":0,"Blue":0,"Alpha":0},"Armor":-1}', 'kamacho', '{"x":1568.3147,"y":2196.86938,"z":79.79098}', '{"x":1.36541736,"y":0.9763795,"z":2.51516724}', 2, 99, 99, 288),
	(17, 'MSC09', '{"PrimColor":{"Red":0,"Green":0,"Blue":0,"Alpha":255},"SecColor":{"Red":0,"Green":0,"Blue":0,"Alpha":255},"PrimModColor":-1,"SecModColor":-1,"Muffler":-1,"SideSkirt":-1,"Hood":-1,"Spoiler":-1,"Lattice":-1,"Wings":-1,"Roof":-1,"Vinyls":-1,"FrontBumper":-1,"RearBumper":-1,"Engine":-1,"Turbo":-1,"Horn":-1,"Transmission":-1,"WindowTint":0,"Suspension":-1,"Brakes":-1,"Headlights":-1,"NumberPlate":0,"Wheels":-1,"WheelsType":0,"WheelsColor":0,"NeonColor":{"Red":0,"Green":0,"Blue":0,"Alpha":0},"Armor":-1}', 'brickade', '{"x":1552.19849,"y":2196.969,"z":80.19966}', '{"x":0.822460532,"y":0.7485528,"z":359.263367}', 2, 99, 99, 289),
	(17, 'MSC10', '{"PrimColor":{"Red":0,"Green":0,"Blue":0,"Alpha":255},"SecColor":{"Red":0,"Green":0,"Blue":0,"Alpha":255},"PrimModColor":-1,"SecModColor":-1,"Muffler":-1,"SideSkirt":-1,"Hood":-1,"Spoiler":-1,"Lattice":-1,"Wings":-1,"Roof":-1,"Vinyls":-1,"FrontBumper":-1,"RearBumper":-1,"Engine":-1,"Turbo":-1,"Horn":-1,"Transmission":-1,"WindowTint":0,"Suspension":-1,"Brakes":-1,"Headlights":-1,"NumberPlate":0,"Wheels":-1,"WheelsType":0,"WheelsColor":0,"NeonColor":{"Red":0,"Green":0,"Blue":0,"Alpha":0},"Armor":-1}', 'Rumpo3', '{"x":1529.93567,"y":2207.74316,"z":79.36422}', '{"x":4.500545,"y":0.5095107,"z":87.84091}', 2, 99, 99, 290),
	(17, 'MSC11', '{"PrimColor":{"Red":0,"Green":0,"Blue":0,"Alpha":255},"SecColor":{"Red":0,"Green":0,"Blue":0,"Alpha":255},"PrimModColor":-1,"SecModColor":-1,"Muffler":-1,"SideSkirt":-1,"Hood":-1,"Spoiler":-1,"Lattice":-1,"Wings":-1,"Roof":-1,"Vinyls":-1,"FrontBumper":-1,"RearBumper":-1,"Engine":-1,"Turbo":-1,"Horn":-1,"Transmission":-1,"WindowTint":0,"Suspension":-1,"Brakes":-1,"Headlights":-1,"NumberPlate":0,"Wheels":-1,"WheelsType":0,"WheelsColor":0,"NeonColor":{"Red":0,"Green":0,"Blue":0,"Alpha":0},"Armor":-1}', 'Rumpo3', '{"x":1538.317,"y":2207.42334,"z":79.50316}', '{"x":2.445423,"y":1.26311421,"z":87.60312}', 2, 99, 99, 291),
	(8, 'EMS16', '{"PrimColor":{"Red":0,"Green":0,"Blue":0,"Alpha":255},"SecColor":{"Red":0,"Green":0,"Blue":0,"Alpha":255},"PrimModColor":-1,"SecModColor":-1,"Muffler":-1,"SideSkirt":-1,"Hood":-1,"Spoiler":-1,"Lattice":-1,"Wings":-1,"Roof":-1,"Vinyls":-1,"FrontBumper":-1,"RearBumper":-1,"Engine":-1,"Turbo":-1,"Horn":-1,"Transmission":-1,"WindowTint":0,"Suspension":-1,"Brakes":-1,"Headlights":-1,"NumberPlate":0,"Wheels":-1,"WheelsType":0,"WheelsColor":0,"NeonColor":{"Red":0,"Green":0,"Blue":0,"Alpha":0},"Armor":-1}', 'romero', '{"x":373.592255,"y":-1446.52185,"z":29.9424515}', '{"x":-0.122162335,"y":0.080707,"z":228.566956}', 2, 1, 1, 292),
	(6, 'GOV26', '{"PrimColor":{"Red":0,"Green":0,"Blue":0,"Alpha":255},"SecColor":{"Red":0,"Green":0,"Blue":0,"Alpha":255},"PrimModColor":-1,"SecModColor":-1,"Muffler":-1,"SideSkirt":-1,"Hood":-1,"Spoiler":-1,"Lattice":-1,"Wings":-1,"Roof":-1,"Vinyls":-1,"FrontBumper":-1,"RearBumper":-1,"Engine":-1,"Turbo":-1,"Horn":-1,"Transmission":-1,"WindowTint":0,"Suspension":-1,"Brakes":-1,"Headlights":-1,"NumberPlate":0,"Wheels":-1,"WheelsType":0,"WheelsColor":0,"NeonColor":{"Red":0,"Green":0,"Blue":0,"Alpha":0},"Armor":-1}', 'volatus', '{"x":-521.9557,"y":-177.0833,"z":56.2948151}', '{"x":-0.00763893453,"y":0.02303516,"z":124.114105}', 2, 131, 131, 293),
	(16, 'MC01', '{"PrimColor":{"Red":0,"Green":0,"Blue":0,"Alpha":255},"SecColor":{"Red":0,"Green":0,"Blue":0,"Alpha":255},"PrimModColor":-1,"SecModColor":-1,"Muffler":-1,"SideSkirt":-1,"Hood":-1,"Spoiler":-1,"Lattice":-1,"Wings":-1,"Roof":-1,"Vinyls":-1,"FrontBumper":-1,"RearBumper":-1,"Engine":-1,"Turbo":-1,"Horn":-1,"Transmission":-1,"WindowTint":0,"Suspension":-1,"Brakes":-1,"Headlights":-1,"NumberPlate":0,"Wheels":-1,"WheelsType":0,"WheelsColor":0,"NeonColor":{"Red":0,"Green":0,"Blue":0,"Alpha":0},"Armor":-1}', 'daemon', '{"x":971.4821,"y":-112.426727,"z":74.82494}', '{"x":6.777708,"y":-6.285905,"z":221.300491}', 2, 34, 34, 294),
	(16, 'MC02', '{"PrimColor":{"Red":0,"Green":0,"Blue":0,"Alpha":255},"SecColor":{"Red":0,"Green":0,"Blue":0,"Alpha":255},"PrimModColor":-1,"SecModColor":-1,"Muffler":-1,"SideSkirt":-1,"Hood":-1,"Spoiler":-1,"Lattice":-1,"Wings":-1,"Roof":-1,"Vinyls":-1,"FrontBumper":-1,"RearBumper":-1,"Engine":-1,"Turbo":-1,"Horn":-1,"Transmission":-1,"WindowTint":0,"Suspension":-1,"Brakes":-1,"Headlights":-1,"NumberPlate":0,"Wheels":-1,"WheelsType":0,"WheelsColor":0,"NeonColor":{"Red":0,"Green":0,"Blue":0,"Alpha":0},"Armor":-1}', 'daemon', '{"x":968.7544,"y":-115.11377,"z":74.827774}', '{"x":4.758607,"y":-3.47690153,"z":224.568954}', 2, 34, 34, 295),
	(16, 'MC03', '{"PrimColor":{"Red":0,"Green":0,"Blue":0,"Alpha":255},"SecColor":{"Red":0,"Green":0,"Blue":0,"Alpha":255},"PrimModColor":-1,"SecModColor":-1,"Muffler":-1,"SideSkirt":-1,"Hood":-1,"Spoiler":-1,"Lattice":-1,"Wings":-1,"Roof":-1,"Vinyls":-1,"FrontBumper":-1,"RearBumper":-1,"Engine":-1,"Turbo":-1,"Horn":-1,"Transmission":-1,"WindowTint":0,"Suspension":-1,"Brakes":-1,"Headlights":-1,"NumberPlate":0,"Wheels":-1,"WheelsType":0,"WheelsColor":0,"NeonColor":{"Red":0,"Green":0,"Blue":0,"Alpha":0},"Armor":-1}', 'daemon', '{"x":970.275635,"y":-113.897491,"z":74.8251}', '{"x":6.84535742,"y":-6.332779,"z":221.528183}', 2, 34, 34, 296),
	(16, 'MC04', '{"PrimColor":{"Red":0,"Green":0,"Blue":0,"Alpha":255},"SecColor":{"Red":0,"Green":0,"Blue":0,"Alpha":255},"PrimModColor":-1,"SecModColor":-1,"Muffler":-1,"SideSkirt":-1,"Hood":-1,"Spoiler":-1,"Lattice":-1,"Wings":-1,"Roof":-1,"Vinyls":-1,"FrontBumper":-1,"RearBumper":-1,"Engine":-1,"Turbo":-1,"Horn":-1,"Transmission":-1,"WindowTint":0,"Suspension":-1,"Brakes":-1,"Headlights":-1,"NumberPlate":0,"Wheels":-1,"WheelsType":0,"WheelsColor":0,"NeonColor":{"Red":0,"Green":0,"Blue":0,"Alpha":0},"Armor":-1}', 'nightblade', '{"x":966.3492,"y":-117.68647,"z":74.8791}', '{"x":4.191394,"y":-6.007125,"z":224.185242}', 2, 34, 34, 297),
	(16, 'MC05', '{"PrimColor":{"Red":0,"Green":0,"Blue":0,"Alpha":255},"SecColor":{"Red":0,"Green":0,"Blue":0,"Alpha":255},"PrimModColor":-1,"SecModColor":-1,"Muffler":-1,"SideSkirt":-1,"Hood":-1,"Spoiler":-1,"Lattice":-1,"Wings":-1,"Roof":-1,"Vinyls":-1,"FrontBumper":-1,"RearBumper":-1,"Engine":-1,"Turbo":-1,"Horn":-1,"Transmission":-1,"WindowTint":0,"Suspension":-1,"Brakes":-1,"Headlights":-1,"NumberPlate":0,"Wheels":-1,"WheelsType":0,"WheelsColor":0,"NeonColor":{"Red":0,"Green":0,"Blue":0,"Alpha":0},"Armor":-1}', 'nightblade', '{"x":965.050537,"y":-118.96904,"z":74.86085}', '{"x":8.5335865,"y":-12.4735632,"z":219.705688}', 2, 34, 34, 298),
	(16, 'MC06', '{"PrimColor":{"Red":0,"Green":0,"Blue":0,"Alpha":255},"SecColor":{"Red":0,"Green":0,"Blue":0,"Alpha":255},"PrimModColor":-1,"SecModColor":-1,"Muffler":-1,"SideSkirt":-1,"Hood":-1,"Spoiler":-1,"Lattice":-1,"Wings":-1,"Roof":-1,"Vinyls":-1,"FrontBumper":-1,"RearBumper":-1,"Engine":-1,"Turbo":-1,"Horn":-1,"Transmission":-1,"WindowTint":0,"Suspension":-1,"Brakes":-1,"Headlights":-1,"NumberPlate":0,"Wheels":-1,"WheelsType":0,"WheelsColor":0,"NeonColor":{"Red":0,"Green":0,"Blue":0,"Alpha":0},"Armor":-1}', 'nightblade', '{"x":963.5731,"y":-120.354568,"z":74.87744}', '{"x":4.48095226,"y":-7.05480337,"z":221.8779}', 2, 34, 34, 299),
	(16, 'MC07', '{"PrimColor":{"Red":0,"Green":0,"Blue":0,"Alpha":255},"SecColor":{"Red":0,"Green":0,"Blue":0,"Alpha":255},"PrimModColor":-1,"SecModColor":-1,"Muffler":-1,"SideSkirt":-1,"Hood":-1,"Spoiler":-1,"Lattice":-1,"Wings":-1,"Roof":-1,"Vinyls":-1,"FrontBumper":-1,"RearBumper":-1,"Engine":-1,"Turbo":-1,"Horn":-1,"Transmission":-1,"WindowTint":0,"Suspension":-1,"Brakes":-1,"Headlights":-1,"NumberPlate":0,"Wheels":-1,"WheelsType":0,"WheelsColor":0,"NeonColor":{"Red":0,"Green":0,"Blue":0,"Alpha":0},"Armor":-1}', 'sanctus', '{"x":987.045959,"y":-114.403183,"z":74.37164}', '{"x":2.815188,"y":3.68963528,"z":330.444336}', 2, 34, 34, 300),
	(16, 'MC08', '{"PrimColor":{"Red":0,"Green":0,"Blue":0,"Alpha":255},"SecColor":{"Red":0,"Green":0,"Blue":0,"Alpha":255},"PrimModColor":-1,"SecModColor":-1,"Muffler":-1,"SideSkirt":-1,"Hood":-1,"Spoiler":-1,"Lattice":-1,"Wings":-1,"Roof":-1,"Vinyls":-1,"FrontBumper":-1,"RearBumper":-1,"Engine":-1,"Turbo":-1,"Horn":-1,"Transmission":-1,"WindowTint":0,"Suspension":-1,"Brakes":-1,"Headlights":-1,"NumberPlate":0,"Wheels":-1,"WheelsType":0,"WheelsColor":0,"NeonColor":{"Red":0,"Green":0,"Blue":0,"Alpha":0},"Armor":-1}', 'gburrito', '{"x":957.1039,"y":-129.64061,"z":75.20229}', '{"x":0.8319843,"y":-0.629621446,"z":237.678558}', 2, 34, 34, 301),
	(16, 'MC09', '{"PrimColor":{"Red":0,"Green":0,"Blue":0,"Alpha":255},"SecColor":{"Red":0,"Green":0,"Blue":0,"Alpha":255},"PrimModColor":-1,"SecModColor":-1,"Muffler":-1,"SideSkirt":-1,"Hood":-1,"Spoiler":-1,"Lattice":-1,"Wings":-1,"Roof":-1,"Vinyls":-1,"FrontBumper":-1,"RearBumper":-1,"Engine":-1,"Turbo":-1,"Horn":-1,"Transmission":-1,"WindowTint":0,"Suspension":-1,"Brakes":-1,"Headlights":-1,"NumberPlate":0,"Wheels":-1,"WheelsType":0,"WheelsColor":0,"NeonColor":{"Red":0,"Green":0,"Blue":0,"Alpha":0},"Armor":-1}', 'gburrito', '{"x":971.097,"y":-138.321884,"z":75.13577}', '{"x":0.5286797,"y":-1.6752913,"z":58.2626648}', 2, 34, 34, 302),
	(15, 'NEWS1', '{"PrimColor":{"Red":0,"Green":0,"Blue":0,"Alpha":255},"SecColor":{"Red":0,"Green":0,"Blue":0,"Alpha":255},"PrimModColor":-1,"SecModColor":-1,"Muffler":-1,"SideSkirt":-1,"Hood":-1,"Spoiler":-1,"Lattice":-1,"Wings":-1,"Roof":-1,"Vinyls":-1,"FrontBumper":-1,"RearBumper":-1,"Engine":-1,"Turbo":-1,"Horn":-1,"Transmission":-1,"WindowTint":0,"Suspension":-1,"Brakes":-1,"Headlights":-1,"NumberPlate":0,"Wheels":-1,"WheelsType":0,"WheelsColor":0,"NeonColor":{"Red":0,"Green":0,"Blue":0,"Alpha":0},"Armor":-1}', 'issi2', '{"x":-556.565735,"y":-908.5704,"z":24.5399113}', '{"x":-0.467822671,"y":-0.08353839,"z":357.679321}', 2, 43, 43, 303),
	(15, 'NEWS2', '{"PrimColor":{"Red":0,"Green":0,"Blue":0,"Alpha":255},"SecColor":{"Red":0,"Green":0,"Blue":0,"Alpha":255},"PrimModColor":-1,"SecModColor":-1,"Muffler":-1,"SideSkirt":-1,"Hood":-1,"Spoiler":-1,"Lattice":-1,"Wings":-1,"Roof":-1,"Vinyls":-1,"FrontBumper":-1,"RearBumper":-1,"Engine":-1,"Turbo":-1,"Horn":-1,"Transmission":-1,"WindowTint":0,"Suspension":-1,"Brakes":-1,"Headlights":-1,"NumberPlate":0,"Wheels":-1,"WheelsType":0,"WheelsColor":0,"NeonColor":{"Red":0,"Green":0,"Blue":0,"Alpha":0},"Armor":-1}', 'issi2', '{"x":-559.950439,"y":-908.4642,"z":24.54053}', '{"x":-0.347720176,"y":0.0263008121,"z":359.159058}', 2, 43, 43, 304),
	(15, 'NEWS3', '{"PrimColor":{"Red":0,"Green":0,"Blue":0,"Alpha":255},"SecColor":{"Red":0,"Green":0,"Blue":0,"Alpha":255},"PrimModColor":-1,"SecModColor":-1,"Muffler":-1,"SideSkirt":-1,"Hood":-1,"Spoiler":-1,"Lattice":-1,"Wings":-1,"Roof":-1,"Vinyls":-1,"FrontBumper":-1,"RearBumper":-1,"Engine":-1,"Turbo":-1,"Horn":-1,"Transmission":-1,"WindowTint":0,"Suspension":-1,"Brakes":-1,"Headlights":-1,"NumberPlate":0,"Wheels":-1,"WheelsType":0,"WheelsColor":0,"NeonColor":{"Red":0,"Green":0,"Blue":0,"Alpha":0},"Armor":-1}', 'issi2', '{"x":-563.627258,"y":-908.387146,"z":24.5407238}', '{"x":-0.315780252,"y":-0.0198872834,"z":357.82843}', 2, 43, 43, 305),
	(15, 'NEWS4', '{"PrimColor":{"Red":0,"Green":0,"Blue":0,"Alpha":255},"SecColor":{"Red":0,"Green":0,"Blue":0,"Alpha":255},"PrimModColor":-1,"SecModColor":-1,"Muffler":-1,"SideSkirt":-1,"Hood":-1,"Spoiler":-1,"Lattice":-1,"Wings":-1,"Roof":-1,"Vinyls":-1,"FrontBumper":-1,"RearBumper":-1,"Engine":-1,"Turbo":-1,"Horn":-1,"Transmission":-1,"WindowTint":0,"Suspension":-1,"Brakes":-1,"Headlights":-1,"NumberPlate":0,"Wheels":-1,"WheelsType":0,"WheelsColor":0,"NeonColor":{"Red":0,"Green":0,"Blue":0,"Alpha":0},"Armor":-1}', 'issi2', '{"x":-566.7665,"y":-908.404541,"z":24.544939}', '{"x":-0.302480131,"y":-0.113612711,"z":359.503235}', 2, 43, 43, 306),
	(15, 'NEWS5', '{"PrimColor":{"Red":0,"Green":0,"Blue":0,"Alpha":255},"SecColor":{"Red":0,"Green":0,"Blue":0,"Alpha":255},"PrimModColor":-1,"SecModColor":-1,"Muffler":-1,"SideSkirt":-1,"Hood":-1,"Spoiler":-1,"Lattice":-1,"Wings":-1,"Roof":-1,"Vinyls":-1,"FrontBumper":-1,"RearBumper":-1,"Engine":-1,"Turbo":-1,"Horn":-1,"Transmission":-1,"WindowTint":0,"Suspension":-1,"Brakes":-1,"Headlights":-1,"NumberPlate":0,"Wheels":-1,"WheelsType":0,"WheelsColor":0,"NeonColor":{"Red":0,"Green":0,"Blue":0,"Alpha":0},"Armor":-1}', 'rumpo', '{"x":-543.847,"y":-890.100647,"z":25.973032}', '{"x":-6.10626936,"y":-1.27186227,"z":181.989838}', 2, 43, 43, 307),
	(15, 'NEWS6', '{"PrimColor":{"Red":0,"Green":0,"Blue":0,"Alpha":255},"SecColor":{"Red":0,"Green":0,"Blue":0,"Alpha":255},"PrimModColor":-1,"SecModColor":-1,"Muffler":-1,"SideSkirt":-1,"Hood":-1,"Spoiler":-1,"Lattice":-1,"Wings":-1,"Roof":-1,"Vinyls":-1,"FrontBumper":-1,"RearBumper":-1,"Engine":-1,"Turbo":-1,"Horn":-1,"Transmission":-1,"WindowTint":0,"Suspension":-1,"Brakes":-1,"Headlights":-1,"NumberPlate":0,"Wheels":-1,"WheelsType":0,"WheelsColor":0,"NeonColor":{"Red":0,"Green":0,"Blue":0,"Alpha":0},"Armor":-1}', 'rumpo', '{"x":-532.502,"y":-889.989258,"z":25.8168011}', '{"x":-7.13410044,"y":-0.053807348,"z":177.390991}', 2, 43, 43, 308),
	(15, 'NEWS7', '{"PrimColor":{"Red":0,"Green":0,"Blue":0,"Alpha":255},"SecColor":{"Red":0,"Green":0,"Blue":0,"Alpha":255},"PrimModColor":-1,"SecModColor":-1,"Muffler":-1,"SideSkirt":-1,"Hood":-1,"Spoiler":-1,"Lattice":-1,"Wings":-1,"Roof":-1,"Vinyls":-1,"FrontBumper":-1,"RearBumper":-1,"Engine":-1,"Turbo":-1,"Horn":-1,"Transmission":-1,"WindowTint":0,"Suspension":-1,"Brakes":-1,"Headlights":-1,"NumberPlate":0,"Wheels":-1,"WheelsType":0,"WheelsColor":0,"NeonColor":{"Red":0,"Green":0,"Blue":0,"Alpha":0},"Armor":-1}', 'oracle2', '{"x":-564.7549,"y":-889.356934,"z":25.3730335}', '{"x":-3.52075434,"y":-0.0268920567,"z":179.987732}', 2, 43, 43, 309),
	(15, 'NEWS8', '{"PrimColor":{"Red":0,"Green":0,"Blue":0,"Alpha":255},"SecColor":{"Red":0,"Green":0,"Blue":0,"Alpha":255},"PrimModColor":-1,"SecModColor":-1,"Muffler":-1,"SideSkirt":-1,"Hood":-1,"Spoiler":-1,"Lattice":-1,"Wings":-1,"Roof":-1,"Vinyls":-1,"FrontBumper":-1,"RearBumper":-1,"Engine":-1,"Turbo":-1,"Horn":-1,"Transmission":-1,"WindowTint":0,"Suspension":-1,"Brakes":-1,"Headlights":-1,"NumberPlate":0,"Wheels":-1,"WheelsType":0,"WheelsColor":0,"NeonColor":{"Red":0,"Green":0,"Blue":0,"Alpha":0},"Armor":-1}', 'oracle2', '{"x":-567.9602,"y":-889.627441,"z":25.3564186}', '{"x":-3.874473,"y":-0.004668539,"z":180.599945}', 2, 43, 43, 310),
	(15, 'NEWS9', '{"PrimColor":{"Red":0,"Green":0,"Blue":0,"Alpha":255},"SecColor":{"Red":0,"Green":0,"Blue":0,"Alpha":255},"PrimModColor":-1,"SecModColor":-1,"Muffler":-1,"SideSkirt":-1,"Hood":-1,"Spoiler":-1,"Lattice":-1,"Wings":-1,"Roof":-1,"Vinyls":-1,"FrontBumper":-1,"RearBumper":-1,"Engine":-1,"Turbo":-1,"Horn":-1,"Transmission":-1,"WindowTint":0,"Suspension":-1,"Brakes":-1,"Headlights":-1,"NumberPlate":0,"Wheels":-1,"WheelsType":0,"WheelsColor":0,"NeonColor":{"Red":0,"Green":0,"Blue":0,"Alpha":0},"Armor":-1}', 'Raiden', '{"x":-560.6136,"y":-889.226746,"z":25.7892036}', '{"x":-3.17205524,"y":-0.00854238,"z":181.472565}', 2, 43, 43, 311),
	(15, 'NEWS10', '{"PrimColor":{"Red":0,"Green":0,"Blue":0,"Alpha":255},"SecColor":{"Red":0,"Green":0,"Blue":0,"Alpha":255},"PrimModColor":-1,"SecModColor":-1,"Muffler":-1,"SideSkirt":-1,"Hood":-1,"Spoiler":-1,"Lattice":-1,"Wings":-1,"Roof":-1,"Vinyls":-1,"FrontBumper":-1,"RearBumper":-1,"Engine":-1,"Turbo":-1,"Horn":-1,"Transmission":-1,"WindowTint":0,"Suspension":-1,"Brakes":-1,"Headlights":-1,"NumberPlate":0,"Wheels":-1,"WheelsType":0,"WheelsColor":0,"NeonColor":{"Red":0,"Green":0,"Blue":0,"Alpha":0},"Armor":-1}', 'Raiden', '{"x":-556.8334,"y":-888.873962,"z":25.8081245}', '{"x":-2.85750747,"y":0.05466693,"z":182.407639}', 2, 43, 43, 312),
	(15, 'NEWS11', '{"PrimColor":{"Red":0,"Green":0,"Blue":0,"Alpha":255},"SecColor":{"Red":0,"Green":0,"Blue":0,"Alpha":255},"PrimModColor":-1,"SecModColor":-1,"Muffler":-1,"SideSkirt":-1,"Hood":-1,"Spoiler":-1,"Lattice":-1,"Wings":-1,"Roof":-1,"Vinyls":-1,"FrontBumper":-1,"RearBumper":-1,"Engine":-1,"Turbo":-1,"Horn":-1,"Transmission":-1,"WindowTint":0,"Suspension":-1,"Brakes":-1,"Headlights":-1,"NumberPlate":0,"Wheels":-1,"WheelsType":0,"WheelsColor":0,"NeonColor":{"Red":0,"Green":0,"Blue":0,"Alpha":0},"Armor":-1}', 'Raiden', '{"x":-553.509,"y":-888.690369,"z":25.8423328}', '{"x":-1.74729013,"y":1.9848274,"z":180.848373}', 2, 43, 43, 313),
	(15, 'NEWS12', '{"PrimColor":{"Red":0,"Green":0,"Blue":0,"Alpha":255},"SecColor":{"Red":0,"Green":0,"Blue":0,"Alpha":255},"PrimModColor":-1,"SecModColor":-1,"Muffler":-1,"SideSkirt":-1,"Hood":-1,"Spoiler":-1,"Lattice":-1,"Wings":-1,"Roof":-1,"Vinyls":-1,"FrontBumper":-1,"RearBumper":-1,"Engine":-1,"Turbo":-1,"Horn":-1,"Transmission":-1,"WindowTint":0,"Suspension":-1,"Brakes":-1,"Headlights":-1,"NumberPlate":0,"Wheels":-1,"WheelsType":0,"WheelsColor":0,"NeonColor":{"Red":0,"Green":0,"Blue":0,"Alpha":0},"Armor":-1}', 'frogger', '{"x":-583.276367,"y":-930.7499,"z":37.552494}', '{"x":-0.0006113011,"y":-0.0123310816,"z":88.97897}', 2, 43, 43, 314),
	(14, 'ARMY43', '{"PrimColor":{"Red":0,"Green":0,"Blue":0,"Alpha":255},"SecColor":{"Red":0,"Green":0,"Blue":0,"Alpha":255},"PrimModColor":-1,"SecModColor":-1,"Muffler":-1,"SideSkirt":-1,"Hood":-1,"Spoiler":-1,"Lattice":-1,"Wings":-1,"Roof":-1,"Vinyls":-1,"FrontBumper":-1,"RearBumper":-1,"Engine":-1,"Turbo":-1,"Horn":-1,"Transmission":-1,"WindowTint":0,"Suspension":-1,"Brakes":-1,"Headlights":-1,"NumberPlate":0,"Wheels":-1,"WheelsType":0,"WheelsColor":0,"NeonColor":{"Red":0,"Green":0,"Blue":0,"Alpha":0},"Armor":-1}', 'besra', '{"x":-2246.99634,"y":3213.684,"z":34.5786743}', '{"x":0.337788463,"y":0.7503806,"z":240.4755}', 2, 100, 100, 315),
	(14, 'ARMY44', '{"PrimColor":{"Red":0,"Green":0,"Blue":0,"Alpha":255},"SecColor":{"Red":0,"Green":0,"Blue":0,"Alpha":255},"PrimModColor":-1,"SecModColor":-1,"Muffler":-1,"SideSkirt":-1,"Hood":-1,"Spoiler":-1,"Lattice":-1,"Wings":-1,"Roof":-1,"Vinyls":-1,"FrontBumper":-1,"RearBumper":-1,"Engine":-1,"Turbo":-1,"Horn":-1,"Transmission":-1,"WindowTint":0,"Suspension":-1,"Brakes":-1,"Headlights":-1,"NumberPlate":0,"Wheels":-1,"WheelsType":0,"WheelsColor":0,"NeonColor":{"Red":0,"Green":0,"Blue":0,"Alpha":0},"Armor":-1}', 'besra', '{"x":-2271.08057,"y":3172.66284,"z":34.5797462}', '{"x":0.458433062,"y":0.8561317,"z":240.8608}', 2, 100, 100, 316),
	(17, 'MSC12', '{"PrimColor":{"Red":0,"Green":0,"Blue":0,"Alpha":255},"SecColor":{"Red":0,"Green":0,"Blue":0,"Alpha":255},"PrimModColor":-1,"SecModColor":-1,"Muffler":-1,"SideSkirt":-1,"Hood":-1,"Spoiler":-1,"Lattice":-1,"Wings":-1,"Roof":-1,"Vinyls":-1,"FrontBumper":-1,"RearBumper":-1,"Engine":-1,"Turbo":-1,"Horn":-1,"Transmission":-1,"WindowTint":0,"Suspension":-1,"Brakes":-1,"Headlights":-1,"NumberPlate":0,"Wheels":-1,"WheelsType":0,"WheelsColor":0,"NeonColor":{"Red":0,"Green":0,"Blue":0,"Alpha":0},"Armor":-1}', 'brawler', '{"x":1546.57385,"y":2195.482,"z":79.66717}', '{"x":0.5924682,"y":0.426731765,"z":358.8918}', 2, 99, 99, 317),
	(17, 'MSC13', '{"PrimColor":{"Red":0,"Green":0,"Blue":0,"Alpha":255},"SecColor":{"Red":0,"Green":0,"Blue":0,"Alpha":255},"PrimModColor":-1,"SecModColor":-1,"Muffler":-1,"SideSkirt":-1,"Hood":-1,"Spoiler":-1,"Lattice":-1,"Wings":-1,"Roof":-1,"Vinyls":-1,"FrontBumper":-1,"RearBumper":-1,"Engine":-1,"Turbo":-1,"Horn":-1,"Transmission":-1,"WindowTint":0,"Suspension":-1,"Brakes":-1,"Headlights":-1,"NumberPlate":0,"Wheels":-1,"WheelsType":0,"WheelsColor":0,"NeonColor":{"Red":0,"Green":0,"Blue":0,"Alpha":0},"Armor":-1}', 'brawler', '{"x":1543.0061,"y":2195.76221,"z":79.64602}', '{"x":1.76015353,"y":0.444624871,"z":358.961884}', 2, 99, 99, 318),
	(2, 'BAL10', '{"PrimColor":{"Red":0,"Green":0,"Blue":0,"Alpha":255},"SecColor":{"Red":0,"Green":0,"Blue":0,"Alpha":255},"PrimModColor":-1,"SecModColor":-1,"Muffler":-1,"SideSkirt":-1,"Hood":-1,"Spoiler":-1,"Lattice":-1,"Wings":-1,"Roof":-1,"Vinyls":-1,"FrontBumper":-1,"RearBumper":-1,"Engine":-1,"Turbo":-1,"Horn":-1,"Transmission":-1,"WindowTint":0,"Suspension":-1,"Brakes":-1,"Headlights":-1,"NumberPlate":0,"Wheels":-1,"WheelsType":0,"WheelsColor":0,"NeonColor":{"Red":0,"Green":0,"Blue":0,"Alpha":0},"Armor":-1}', 'speedo4', '{"x":131.979813,"y":-2008.22363,"z":18.9585934}', '{"x":-0.141789213,"y":-1.99324811,"z":260.3977}', 2, 148, 148, 319);
/*!40000 ALTER TABLE `fractionvehicles` ENABLE KEYS */;

-- Дамп структуры для таблица iteffa.furniture
CREATE TABLE IF NOT EXISTS `furniture` (
  `uuid` varchar(155) NOT NULL,
  `furniture` text NOT NULL,
  `data` text NOT NULL,
  PRIMARY KEY (`uuid`)
) ENGINE=InnoDB DEFAULT CHARSET=utf8;

-- Дамп данных таблицы iteffa.furniture: ~166 rows (приблизительно)
/*!40000 ALTER TABLE `furniture` DISABLE KEYS */;
INSERT INTO `furniture` (`uuid`, `furniture`, `data`) VALUES
	('0', '{}', '{}'),
	('1', '{}', '{}'),
	('10', '{}', '{}'),
	('100', '{}', '{}'),
	('101', '{}', '{}'),
	('102', '{}', '{}'),
	('103', '{}', '{}'),
	('104', '{}', '{}'),
	('105', '{}', '{}'),
	('106', '{}', '{}'),
	('107', '{}', '{}'),
	('108', '{}', '{}'),
	('109', '{}', '{}'),
	('11', '{}', '{}'),
	('110', '{}', '{}'),
	('111', '{}', '{}'),
	('112', '{}', '{}'),
	('113', '{}', '{}'),
	('114', '{}', '{}'),
	('115', '{}', '{}'),
	('116', '{}', '{}'),
	('117', '{}', '{}'),
	('118', '{}', '{}'),
	('119', '{}', '{}'),
	('12', '{}', '{}'),
	('120', '{}', '{}'),
	('121', '{}', '{}'),
	('122', '{}', '{}'),
	('123', '{}', '{}'),
	('124', '{}', '{}'),
	('125', '{}', '{}'),
	('126', '{}', '{}'),
	('127', '{}', '{}'),
	('128', '{}', '{}'),
	('129', '{}', '{}'),
	('13', '{}', '{}'),
	('130', '{}', '{}'),
	('131', '{}', '{}'),
	('132', '{}', '{}'),
	('133', '{}', '{}'),
	('134', '{}', '{}'),
	('135', '{}', '{}'),
	('136', '{}', '{}'),
	('137', '{}', '{}'),
	('138', '{}', '{}'),
	('139', '{}', '{}'),
	('14', '{}', '{}'),
	('140', '{}', '{}'),
	('141', '{}', '{}'),
	('142', '{}', '{}'),
	('143', '{}', '{}'),
	('144', '{}', '{}'),
	('145', '{}', '{}'),
	('146', '{}', '{}'),
	('147', '{}', '{}'),
	('148', '{}', '{}'),
	('149', '{}', '{}'),
	('15', '{}', '{}'),
	('150', '{}', '{}'),
	('151', '{}', '{}'),
	('152', '{}', '{}'),
	('153', '{}', '{}'),
	('154', '{}', '{}'),
	('155', '{}', '{}'),
	('156', '{}', '{}'),
	('157', '{}', '{}'),
	('158', '{}', '{}'),
	('159', '{}', '{}'),
	('16', '{}', '{}'),
	('160', '{}', '{}'),
	('161', '{}', '{}'),
	('162', '{}', '{}'),
	('163', '{}', '{}'),
	('164', '{}', '{}'),
	('165', '{}', '{}'),
	('17', '{}', '{}'),
	('18', '{}', '{}'),
	('19', '{}', '{}'),
	('2', '{}', '{}'),
	('20', '{}', '{}'),
	('21', '{}', '{}'),
	('22', '{}', '{}'),
	('23', '{}', '{}'),
	('24', '{}', '{}'),
	('25', '{}', '{}'),
	('26', '{}', '{}'),
	('27', '{}', '{}'),
	('28', '{}', '{}'),
	('29', '{}', '{}'),
	('3', '{}', '{}'),
	('30', '{}', '{}'),
	('31', '{}', '{}'),
	('32', '{}', '{}'),
	('33', '{}', '{}'),
	('34', '{}', '{}'),
	('35', '{}', '{}'),
	('36', '{}', '{}'),
	('37', '{}', '{}'),
	('38', '{}', '{}'),
	('39', '{}', '{}'),
	('4', '{}', '{}'),
	('40', '{}', '{}'),
	('41', '{}', '{}'),
	('42', '{}', '{}'),
	('43', '{}', '{}'),
	('44', '{}', '{}'),
	('45', '{}', '{}'),
	('46', '{}', '{}'),
	('47', '{}', '{}'),
	('48', '{}', '{}'),
	('49', '{}', '{}'),
	('5', '{}', '{}'),
	('50', '{}', '{}'),
	('51', '{}', '{}'),
	('52', '{}', '{}'),
	('53', '{}', '{}'),
	('54', '{}', '{}'),
	('55', '{}', '{}'),
	('56', '{}', '{}'),
	('57', '{}', '{}'),
	('58', '{}', '{}'),
	('59', '{}', '{}'),
	('6', '{}', '{}'),
	('60', '{}', '{}'),
	('61', '{}', '{}'),
	('62', '{}', '{}'),
	('63', '{}', '{}'),
	('64', '{}', '{}'),
	('65', '{}', '{}'),
	('66', '{}', '{}'),
	('67', '{}', '{}'),
	('68', '{}', '{}'),
	('69', '{}', '{}'),
	('7', '{}', '{}'),
	('70', '{}', '{}'),
	('71', '{}', '{}'),
	('72', '{}', '{}'),
	('73', '{}', '{}'),
	('74', '{}', '{}'),
	('75', '{}', '{}'),
	('76', '{}', '{}'),
	('77', '{}', '{}'),
	('78', '{}', '{}'),
	('79', '{}', '{}'),
	('8', '{}', '{}'),
	('80', '{}', '{}'),
	('81', '{}', '{}'),
	('82', '{}', '{}'),
	('83', '{}', '{}'),
	('84', '{}', '{}'),
	('85', '{}', '{}'),
	('86', '{}', '{}'),
	('87', '{}', '{}'),
	('88', '{}', '{}'),
	('89', '{}', '{}'),
	('9', '{}', '{}'),
	('90', '{}', '{}'),
	('91', '{}', '{}'),
	('92', '{}', '{}'),
	('93', '{}', '{}'),
	('94', '{}', '{}'),
	('95', '{}', '{}'),
	('96', '{}', '{}'),
	('97', '{}', '{}'),
	('98', '{}', '{}'),
	('99', '{}', '{}');
/*!40000 ALTER TABLE `furniture` ENABLE KEYS */;

-- Дамп структуры для таблица iteffa.gangspoints
CREATE TABLE IF NOT EXISTS `gangspoints` (
  `id` int(155) NOT NULL,
  `gangid` int(155) NOT NULL,
  PRIMARY KEY (`id`)
) ENGINE=InnoDB DEFAULT CHARSET=utf8;

-- Дамп данных таблицы iteffa.gangspoints: ~0 rows (приблизительно)
/*!40000 ALTER TABLE `gangspoints` DISABLE KEYS */;
/*!40000 ALTER TABLE `gangspoints` ENABLE KEYS */;

-- Дамп структуры для таблица iteffa.garages
CREATE TABLE IF NOT EXISTS `garages` (
  `id` int(155) NOT NULL,
  `type` int(155) NOT NULL,
  `position` text NOT NULL,
  `rotation` text NOT NULL,
  PRIMARY KEY (`id`)
) ENGINE=InnoDB DEFAULT CHARSET=utf8;

-- Дамп данных таблицы iteffa.garages: ~166 rows (приблизительно)
/*!40000 ALTER TABLE `garages` DISABLE KEYS */;
INSERT INTO `garages` (`id`, `type`, `position`, `rotation`) VALUES
	(1, 5, '{"x":-2597.433,"y":1929.78931,"z":166.883179}', '{"x":0.2614351,"y":-0.168447033,"z":274.7524}'),
	(2, 5, '{"x":-3017.1897,"y":739.7979,"z":27.18274}', '{"x":-0.09013641,"y":0.310937226,"z":105.00647}'),
	(3, 5, '{"x":-2993.491,"y":705.2908,"z":28.09575}', '{"x":0.166063532,"y":0.205157086,"z":112.942993}'),
	(4, 5, '{"x":-2999.32056,"y":687.5343,"z":24.6286316}', '{"x":-4.148314,"y":14.610548,"z":105.139832}'),
	(5, 5, '{"x":-2979.96875,"y":655.0797,"z":25.16609}', '{"x":-1.94618559,"y":7.25167942,"z":103.99472}'),
	(6, 5, '{"x":-2981.04346,"y":612.690552,"z":19.7731628}', '{"x":-0.9811408,"y":2.16403556,"z":103.057495}'),
	(7, 3, '{"x":-3083.55249,"y":220.014374,"z":13.596302}', '{"x":-0.113341518,"y":-0.1799631,"z":320.731323}'),
	(8, 3, '{"x":-3100.44141,"y":243.65892,"z":12.0043135}', '{"x":1.86210513,"y":-2.15410924,"z":291.3653}'),
	(9, 3, '{"x":-3102.612,"y":289.615234,"z":8.570372}', '{"x":0.4609724,"y":-0.283704728,"z":255.820343}'),
	(10, 3, '{"x":-3098.84,"y":307.197662,"z":7.96517944}', '{"x":-0.487802565,"y":-0.687193155,"z":256.055725}'),
	(11, 3, '{"x":-3090.83643,"y":341.263428,"z":7.03439426}', '{"x":-0.455195934,"y":-0.8667888,"z":256.053436}'),
	(12, 3, '{"x":-3080.95557,"y":371.445068,"z":6.723788}', '{"x":-0.247939825,"y":0.00298168557,"z":255.320038}'),
	(13, 3, '{"x":-3074.66675,"y":395.945984,"z":6.5653863}', '{"x":-0.140331954,"y":-0.1944806,"z":252.762878}'),
	(14, 3, '{"x":-3058.28516,"y":441.43277,"z":5.95989132}', '{"x":-0.2656416,"y":-0.07579757,"z":246.070129}'),
	(15, 3, '{"x":-3040.396,"y":478.509949,"z":6.380864}', '{"x":-0.307455271,"y":0.03738997,"z":253.958359}'),
	(16, 3, '{"x":-3029.90845,"y":520.5892,"z":6.693597}', '{"x":-0.3941945,"y":-1.12711561,"z":265.398682}'),
	(17, 3, '{"x":-3033.95825,"y":548.317749,"z":6.84003639}', '{"x":-0.000352726085,"y":0.0243021846,"z":270.8529}'),
	(18, 3, '{"x":-3033.133,"y":555.4438,"z":7.10468626}', '{"x":-0.193119183,"y":-0.228261322,"z":274.619171}'),
	(19, 3, '{"x":-3073.101,"y":657.1598,"z":10.5434237}', '{"x":3.26254272,"y":-10.4751043,"z":307.898865}'),
	(20, 3, '{"x":-3217.164,"y":915.532166,"z":13.6132135}', '{"x":-0.432962239,"y":0.696191132,"z":319.6549}'),
	(21, 3, '{"x":-3224.43286,"y":924.6136,"z":13.2941208}', '{"x":0.6275961,"y":-0.0292493477,"z":299.391663}'),
	(22, 2, '{"x":-3234.08545,"y":948.4574,"z":12.864768}', '{"x":0.07848947,"y":2.88627553,"z":279.107117}'),
	(23, 3, '{"x":-3238.43359,"y":1034.59888,"z":11.02763}', '{"x":0.457752079,"y":-0.3308183,"z":264.4553}'),
	(24, 0, '{"x":-3227.77222,"y":1087.87744,"z":10.0641527}', '{"x":-0.6944767,"y":-2.13747931,"z":254.878235}'),
	(25, 3, '{"x":-3220.354,"y":1105.46411,"z":10.0881338}', '{"x":-0.7647373,"y":-2.461087,"z":246.967117}'),
	(26, 3, '{"x":-3205.65112,"y":1135.59668,"z":9.22753048}', '{"x":-0.211322233,"y":-0.03474612,"z":246.874878}'),
	(27, 2, '{"x":-3200.93457,"y":1154.22546,"z":9.253816}', '{"x":-0.259555072,"y":-0.027863184,"z":248.765808}'),
	(28, 2, '{"x":-3198.53369,"y":1160.57019,"z":8.98702049}', '{"x":0.010815002,"y":0.0290074069,"z":250.794525}'),
	(29, 2, '{"x":-3191.73853,"y":1182.40161,"z":9.089187}', '{"x":-0.9668169,"y":-6.28735065,"z":261.470276}'),
	(30, 2, '{"x":-3189.165,"y":1197.77478,"z":8.82136}', '{"x":-0.6281802,"y":-0.8233334,"z":264.312317}'),
	(31, 2, '{"x":-3186.09033,"y":1226.3822,"z":9.669225}', '{"x":-1.29621875,"y":0.6505165,"z":264.75116}'),
	(32, 3, '{"x":-3184.55884,"y":1268.672,"z":11.8054743}', '{"x":-2.00490236,"y":-3.96105766,"z":255.8407}'),
	(33, 3, '{"x":-3177.08887,"y":1296.38293,"z":14.1215954}', '{"x":-1.44958079,"y":-0.7777657,"z":247.116257}'),
	(34, 2, '{"x":-1967.21545,"y":-501.4889,"z":11.4553185}', '{"x":0.8398677,"y":-1.19870245,"z":321.4483}'),
	(35, 2, '{"x":-1954.056,"y":-516.2508,"z":11.210433}', '{"x":-0.7842288,"y":0.135083809,"z":319.055237}'),
	(36, 2, '{"x":-1933.22644,"y":-534.9641,"z":11.1596394}', '{"x":0.15318796,"y":-0.230319589,"z":319.850952}'),
	(37, 2, '{"x":-1913.174,"y":-543.962463,"z":11.384305}', '{"x":-0.0284432266,"y":-0.244484112,"z":320.053558}'),
	(38, 2, '{"x":-1908.22986,"y":-552.002869,"z":11.1506023}', '{"x":0.445906848,"y":-0.58545357,"z":319.808533}'),
	(39, 3, '{"x":-1900.47742,"y":-561.0851,"z":11.3973064}', '{"x":0.461472183,"y":-0.649400651,"z":319.80304}'),
	(40, 2, '{"x":-1888.84717,"y":-570.9306,"z":11.1303892}', '{"x":0.5168298,"y":-0.503944337,"z":318.948761}'),
	(41, 2, '{"x":-1878.83289,"y":-578.7138,"z":11.3555651}', '{"x":1.37035882,"y":-1.58146477,"z":319.0734}'),
	(42, 2, '{"x":-1872.05322,"y":-584.7721,"z":11.1461115}', '{"x":1.0577029,"y":-1.23155713,"z":318.454132}'),
	(43, 2, '{"x":-1865.14307,"y":-590.1645,"z":11.3501711}', '{"x":2.32345867,"y":-2.35372829,"z":319.7847}'),
	(44, 2, '{"x":-1833.79688,"y":-616.283569,"z":10.7849474}', '{"x":-4.860892,"y":3.375723,"z":317.419739}'),
	(45, 2, '{"x":-1827.05371,"y":-625.5605,"z":10.5944071}', '{"x":-0.5526834,"y":1.76480675,"z":320.624268}'),
	(46, 2, '{"x":-1812.43774,"y":-636.496765,"z":10.537694}', '{"x":-0.035531383,"y":-0.239610478,"z":319.413361}'),
	(47, 2, '{"x":-1806.08154,"y":-642.2143,"z":10.44204}', '{"x":-1.2069484,"y":0.5269222,"z":318.4055}'),
	(48, 2, '{"x":-1785.01477,"y":-661.0502,"z":10.0453653}', '{"x":0.5800136,"y":-1.19906461,"z":318.552917}'),
	(49, 2, '{"x":-1777.87878,"y":-667.855652,"z":9.924472}', '{"x":-0.440720975,"y":0.103310041,"z":319.400665}'),
	(50, 2, '{"x":-1766.37024,"y":-677.2189,"z":9.818963}', '{"x":0.239694923,"y":-2.493668,"z":317.342133}'),
	(51, 2, '{"x":-1756.86914,"y":-687.559265,"z":9.622481}', '{"x":0.5331331,"y":-0.6165711,"z":320.2772}'),
	(52, 2, '{"x":-1751.48279,"y":-692.939148,"z":9.703282}', '{"x":0.829780936,"y":-0.682913244,"z":318.861847}'),
	(53, 2, '{"x":-1742.72339,"y":-701.028748,"z":9.666747}', '{"x":0.439270854,"y":-0.5211607,"z":320.03952}'),
	(54, 4, '{"x":-1889.37378,"y":121.446739,"z":81.26956}', '{"x":-0.6045047,"y":0.5057642,"z":308.3401}'),
	(55, 4, '{"x":-1937.18347,"y":181.384109,"z":84.16751}', '{"x":0.03894713,"y":-0.9364908,"z":305.88562}'),
	(56, 4, '{"x":-1948.36,"y":200.396988,"z":85.65854}', '{"x":1.30251384,"y":-5.685227,"z":293.862518}'),
	(57, 4, '{"x":-1979.79077,"y":259.3339,"z":86.75099}', '{"x":0.0841919854,"y":0.187738657,"z":289.224426}'),
	(58, 4, '{"x":-1996.07031,"y":293.7372,"z":91.3641052}', '{"x":-0.166007847,"y":-0.177834421,"z":286.3396}'),
	(59, 4, '{"x":-2000.90369,"y":380.5989,"z":94.0193939}', '{"x":0.06731466,"y":-0.001528944,"z":177.565735}'),
	(60, 4, '{"x":-2009.98267,"y":454.567627,"z":102.260353}', '{"x":-0.16926305,"y":-0.6451545,"z":287.729034}'),
	(61, 4, '{"x":-2012.95679,"y":484.570953,"z":106.5802}', '{"x":-0.7628993,"y":-3.31910539,"z":254.548676}'),
	(62, 4, '{"x":-1990.37866,"y":605.0509,"z":117.5028}', '{"x":-0.224190637,"y":-0.0759578645,"z":257.452332}'),
	(63, 4, '{"x":-1972.999,"y":623.151733,"z":121.882263}', '{"x":-3.7826817,"y":-6.41728354,"z":246.186981}'),
	(64, 4, '{"x":-1887.74036,"y":627.405151,"z":129.599365}', '{"x":0.00302385958,"y":0.206908867,"z":137.409241}'),
	(65, 4, '{"x":-1938.63281,"y":581.4713,"z":118.777946}', '{"x":-0.5494722,"y":7.68317556,"z":70.3310242}'),
	(66, 4, '{"x":-1938.7417,"y":525.537048,"z":109.493263}', '{"x":-18.334877,"y":7.22074366,"z":158.591919}'),
	(67, 4, '{"x":-1944.23853,"y":461.728729,"z":101.60363}', '{"x":-1.65612638,"y":2.83494473,"z":98.313385}'),
	(68, 4, '{"x":-1941.42346,"y":385.748657,"z":96.10645}', '{"x":0.19332166,"y":0.14815,"z":96.66547}'),
	(69, 4, '{"x":-1939.28992,"y":363.034546,"z":93.18778}', '{"x":-3.09714961,"y":2.1239388,"z":186.373337}'),
	(70, 4, '{"x":-1921.61646,"y":284.6434,"z":88.6724}', '{"x":0.174824938,"y":0.155399129,"z":102.12207}'),
	(71, 4, '{"x":-1901.65063,"y":240.1514,"z":85.7875}', '{"x":0.03787741,"y":-0.05999805,"z":119.828857}'),
	(72, 4, '{"x":-1873.5282,"y":195.088333,"z":83.89396}', '{"x":0.124026656,"y":0.230592236,"z":125.728516}'),
	(73, 5, '{"x":-1791.29175,"y":461.928955,"z":127.907967}', '{"x":0.206847683,"y":0.195318758,"z":108.786774}'),
	(74, 5, '{"x":-1857.19019,"y":325.158569,"z":88.23123}', '{"x":0.7326461,"y":0.140949517,"z":16.3556213}'),
	(75, 5, '{"x":-1792.73743,"y":347.1185,"z":88.15343}', '{"x":0.07291727,"y":0.1358082,"z":66.8387451}'),
	(76, 5, '{"x":-1749.49792,"y":366.423279,"z":89.2478943}', '{"x":-0.208600879,"y":0.246181369,"z":115.430695}'),
	(77, 5, '{"x":-1664.2655,"y":387.6239,"z":88.9476852}', '{"x":1.80127335,"y":0.105553724,"z":355.2808}'),
	(78, 3, '{"x":-1679.14685,"y":-445.016968,"z":39.37174}', '{"x":0.124561511,"y":0.3688427,"z":230.649811}'),
	(79, 4, '{"x":-1670.72253,"y":-410.383331,"z":43.5886459}', '{"x":0.23204346,"y":1.90815568,"z":321.3767}'),
	(80, 4, '{"x":-1614.60559,"y":-375.2661,"z":42.98773}', '{"x":-0.483937532,"y":-0.158045128,"z":231.562515}'),
	(81, 4, '{"x":-1602.528,"y":-364.72406,"z":45.09659}', '{"x":-3.52061987,"y":-3.63008428,"z":230.082855}'),
	(82, 5, '{"x":-1462.96436,"y":-41.3202972,"z":54.2581}', '{"x":-0.170254484,"y":0.266149521,"z":309.886566}'),
	(83, 5, '{"x":-1586.6792,"y":-86.27165,"z":53.93377}', '{"x":-0.246740073,"y":-0.130847663,"z":272.140778}'),
	(84, 5, '{"x":-1592.27844,"y":-59.9836349,"z":56.0819244}', '{"x":-0.267523527,"y":-0.121707462,"z":270.29425}'),
	(85, 5, '{"x":-1490.71838,"y":20.18765,"z":54.3174324}', '{"x":0.04847501,"y":-0.08220457,"z":357.043182}'),
	(86, 5, '{"x":-1504.528,"y":21.6519012,"z":55.92741}', '{"x":2.535326,"y":-0.547080934,"z":355.349152}'),
	(87, 5, '{"x":-1553.35278,"y":20.5617886,"z":58.22908}', '{"x":2.33449221,"y":-1.453826,"z":347.220032}'),
	(88, 5, '{"x":-1616.169,"y":15.7256165,"z":61.7774773}', '{"x":0.00542984,"y":-0.262755871,"z":333.656067}'),
	(89, 4, '{"x":-1204.8053,"y":267.3358,"z":69.2778}', '{"x":-0.0599665,"y":0.2522603,"z":284.672}'),
	(90, 4, '{"x":-1129.40747,"y":310.855438,"z":65.87326}', '{"x":0.0145630939,"y":-0.208908975,"z":170.505737}'),
	(91, 5, '{"x":-1061.80579,"y":302.777039,"z":65.64168}', '{"x":-0.7799123,"y":0.007441367,"z":349.884644}'),
	(92, 4, '{"x":-1050.5282,"y":221.597626,"z":63.46053}', '{"x":-0.09023358,"y":-0.0224729069,"z":179.521545}'),
	(93, 4, '{"x":-994.416,"y":143.474335,"z":60.3584175}', '{"x":-0.132301331,"y":0.02836009,"z":288.833}'),
	(94, 4, '{"x":-968.692932,"y":103.393196,"z":55.3590927}', '{"x":0.0598963425,"y":-0.0185221266,"z":304.857239}'),
	(95, 4, '{"x":-919.8687,"y":112.486053,"z":55.0108223}', '{"x":0.100340419,"y":-0.0245728381,"z":173.282959}'),
	(96, 4, '{"x":-925.7902,"y":210.024414,"z":67.15809}', '{"x":-0.04711394,"y":0.0853828639,"z":126.676025}'),
	(97, 4, '{"x":-912.834656,"y":197.952652,"z":69.1948853}', '{"x":-0.0379195362,"y":-6.44866577E-06,"z":179.278076}'),
	(98, 5, '{"x":-811.746765,"y":187.382187,"z":72.16466}', '{"x":-0.0552740246,"y":0.267280072,"z":110.829468}'),
	(99, 4, '{"x":-839.6687,"y":116.412773,"z":55.1009331}', '{"x":-0.7859231,"y":-0.5561055,"z":185.254791}'),
	(100, 5, '{"x":-873.352661,"y":-55.5323677,"z":37.9003754}', '{"x":-1.13890743,"y":2.88135743,"z":296.068756}'),
	(101, 4, '{"x":-887.9227,"y":-15.3875027,"z":42.80379}', '{"x":-0.872199953,"y":-2.70018077,"z":305.112549}'),
	(102, 4, '{"x":-871.7366,"y":48.734993,"z":48.4632225}', '{"x":-0.0129139852,"y":0.171998411,"z":194.712555}'),
	(103, 4, '{"x":-929.5534,"y":14.7577076,"z":47.4858742}', '{"x":0.2775798,"y":-2.26601,"z":303.8302}'),
	(104, 0, '{"x":467.4769,"y":-1579.74512,"z":28.81618}', '{"x":-0.0007971284,"y":-0.00398582825,"z":228.580383}'),
	(105, 0, '{"x":469.611542,"y":-1577.1731,"z":28.815897}', '{"x":-0.0638256744,"y":-0.0837029,"z":230.377869}'),
	(106, 0, '{"x":471.861481,"y":-1574.38757,"z":28.8165}', '{"x":-0.0418438725,"y":-0.037693657,"z":229.414886}'),
	(107, 0, '{"x":474.423828,"y":-1571.57751,"z":28.8161182}', '{"x":-0.00321716256,"y":-0.05721231,"z":229.7109}'),
	(108, 0, '{"x":476.976318,"y":-1568.77734,"z":28.8098335}', '{"x":-0.08951919,"y":-0.409460753,"z":231.483643}'),
	(109, 0, '{"x":479.057861,"y":-1565.66919,"z":28.7999477}', '{"x":-0.2280551,"y":-0.5804127,"z":230.522644}'),
	(110, 1, '{"x":313.0818,"y":-1737.11438,"z":29.1936684}', '{"x":-0.564450443,"y":-0.7054694,"z":229.548462}'),
	(111, 1, '{"x":321.117584,"y":-1771.181,"z":28.4588146}', '{"x":-2.59294462,"y":-0.6269669,"z":227.409317}'),
	(112, 1, '{"x":282.5202,"y":-1758.54468,"z":28.8064232}', '{"x":-5.234278,"y":1.14080024,"z":133.185852}'),
	(113, 1, '{"x":269.289124,"y":-1723.72034,"z":28.9646358}', '{"x":-0.434264779,"y":0.343133628,"z":49.56714}'),
	(114, 1, '{"x":268.785156,"y":-1702.79236,"z":28.9878}', '{"x":-0.0801611,"y":0.4790883,"z":48.6517029}'),
	(115, 1, '{"x":242.079575,"y":-1699.76221,"z":28.81201}', '{"x":-2.21334028,"y":-2.35993361,"z":228.204819}'),
	(116, 1, '{"x":208.771286,"y":-1690.99609,"z":29.133028}', '{"x":-2.58169436,"y":3.63766956,"z":125.76123}'),
	(117, 1, '{"x":210.806564,"y":-1730.99658,"z":28.7348785}', '{"x":-4.461419,"y":-2.24999833,"z":205.616241}'),
	(118, 1, '{"x":-25.2689762,"y":-1427.51306,"z":30.3534641}', '{"x":-0.009098442,"y":-0.188707083,"z":179.583984}'),
	(119, 1, '{"x":-52.94993,"y":-1455.82056,"z":31.73791}', '{"x":-1.29674327,"y":-0.5537322,"z":183.474716}'),
	(120, 0, '{"x":-213.5028,"y":-1544.44055,"z":33.60825}', '{"x":-3.66682386,"y":-4.62839,"z":320.024445}'),
	(121, 0, '{"x":-209.176468,"y":-1539.43518,"z":33.57191}', '{"x":-3.33750367,"y":-5.18914461,"z":318.627869}'),
	(122, 0, '{"x":-204.883148,"y":-1534.52917,"z":33.47835}', '{"x":-3.94253135,"y":-5.874485,"z":319.157166}'),
	(123, 0, '{"x":-200.44516,"y":-1529.38123,"z":33.33616}', '{"x":-1.32903206,"y":-4.30334473,"z":319.620026}'),
	(124, 0, '{"x":-196.220291,"y":-1524.39355,"z":33.1039543}', '{"x":0.324930072,"y":-1.58689511,"z":320.705933}'),
	(125, 0, '{"x":-192.014343,"y":-1519.40063,"z":32.9669228}', '{"x":1.283712,"y":-0.6278622,"z":319.784332}'),
	(126, 0, '{"x":-188.7028,"y":-1515.58228,"z":32.88806}', '{"x":0.840989769,"y":-0.1364646,"z":319.491272}'),
	(127, 0, '{"x":-184.286423,"y":-1510.5304,"z":32.77027}', '{"x":2.01515174,"y":-0.7243932,"z":318.980347}'),
	(128, 0, '{"x":-125.337746,"y":-1443.76758,"z":33.12102}', '{"x":-0.194586709,"y":-0.487753779,"z":229.131027}'),
	(129, 0, '{"x":-119.538506,"y":-1448.58972,"z":33.1272049}', '{"x":0.247996911,"y":-0.143088281,"z":230.703125}'),
	(130, 0, '{"x":-104.98481,"y":-1460.73914,"z":33.0778236}', '{"x":0.301271975,"y":-1.858602,"z":230.277283}'),
	(131, 0, '{"x":-99.2290955,"y":-1465.47229,"z":32.92425}', '{"x":-0.03933341,"y":-1.52269733,"z":228.80722}'),
	(132, 0, '{"x":-119.483627,"y":-1442.34692,"z":33.10054}', '{"x":0.05755327,"y":0.0213832166,"z":49.2573853}'),
	(133, 0, '{"x":-114.566841,"y":-1446.52893,"z":33.1091766}', '{"x":0.179070443,"y":0.06624746,"z":49.552002}'),
	(134, 0, '{"x":-109.51696,"y":-1450.72791,"z":33.11985}', '{"x":0.2665017,"y":-0.139684483,"z":50.61429}'),
	(135, 0, '{"x":-104.664207,"y":-1454.97729,"z":33.0789833}', '{"x":-0.353998065,"y":-1.1669668,"z":48.412384}'),
	(136, 0, '{"x":-99.8183746,"y":-1459.185,"z":32.94823}', '{"x":-0.24797602,"y":-1.35869777,"z":48.9573669}'),
	(137, 3, '{"x":318.3423,"y":494.262665,"z":152.475113}', '{"x":1.103392,"y":-6.59172344,"z":283.268555}'),
	(138, 3, '{"x":328.713928,"y":482.31134,"z":150.652481}', '{"x":0.3306671,"y":-9.066457,"z":287.694122}'),
	(139, 3, '{"x":354.033447,"y":437.828857,"z":146.277435}', '{"x":8.532678,"y":-15.96234,"z":296.5056}'),
	(140, 3, '{"x":391.629944,"y":430.341583,"z":143.309}', '{"x":14.6010647,"y":-3.88508725,"z":351.986877}'),
	(141, 4, '{"x":228.141937,"y":681.1599,"z":189.277435}', '{"x":-2.53045321,"y":3.78543782,"z":103.36792}'),
	(142, 3, '{"x":210.63472,"y":608.923035,"z":186.729233}', '{"x":0.91609937,"y":10.7638063,"z":79.36987}'),
	(143, 3, '{"x":131.761871,"y":567.9353,"z":183.273758}', '{"x":8.521393,"y":1.3777293,"z":2.135437}'),
	(144, 4, '{"x":97.88929,"y":566.2979,"z":182.250656}', '{"x":9.473617,"y":1.11396575,"z":0.5746155}'),
	(145, 4, '{"x":51.7306328,"y":562.424255,"z":179.988983}', '{"x":-0.742738,"y":1.228372,"z":21.1132813}'),
	(146, 5, '{"x":22.0516739,"y":544.4336,"z":175.7209}', '{"x":0.04194962,"y":0.0713309646,"z":59.9337769}'),
	(147, 3, '{"x":-123.162415,"y":509.0009,"z":142.73201}', '{"x":10.0995378,"y":1.14480829,"z":353.184662}'),
	(148, 4, '{"x":-73.63538,"y":494.6351,"z":144.211975}', '{"x":3.11895823,"y":-0.73489815,"z":341.805359}'),
	(149, 4, '{"x":-0.843297,"y":469.245972,"z":145.539673}', '{"x":3.555118,"y":-0.745203853,"z":339.8277}'),
	(150, 4, '{"x":64.74935,"y":455.8472,"z":146.521179}', '{"x":0.490356535,"y":1.85780084,"z":36.68103}'),
	(151, 4, '{"x":55.3854027,"y":468.336,"z":146.498215}', '{"x":-4.607262,"y":-1.16476667,"z":190.071259}'),
	(152, 4, '{"x":89.73084,"y":487.1441,"z":147.4484}', '{"x":-3.35290074,"y":-2.3525002,"z":206.476959}'),
	(153, 4, '{"x":125.094734,"y":482.4722,"z":146.178223}', '{"x":6.35886431,"y":-2.81672144,"z":279.9076}'),
	(154, 4, '{"x":174.921616,"y":472.18103,"z":141.60083}', '{"x":-0.03060359,"y":0.00644633,"z":348.535553}'),
	(155, 4, '{"x":-188.833084,"y":501.9879,"z":134.224625}', '{"x":3.891249,"y":4.944713,"z":10.8896484}'),
	(156, 4, '{"x":-248.862762,"y":492.964539,"z":125.219162}', '{"x":12.6825075,"y":7.64633131,"z":25.754364}'),
	(157, 4, '{"x":-317.166,"y":480.618,"z":112.448509}', '{"x":-7.19117928,"y":8.42909,"z":119.838745}'),
	(158, 4, '{"x":-353.639435,"y":475.065674,"z":112.428848}', '{"x":-2.91261244,"y":2.82718587,"z":291.2157}'),
	(159, 3, '{"x":-402.144745,"y":510.252655,"z":119.8927}', '{"x":0.0649373755,"y":0.0410016775,"z":330.7206}'),
	(160, 4, '{"x":-359.622437,"y":514.9509,"z":119.460228}', '{"x":-4.71083,"y":4.51297474,"z":136.403992}'),
	(161, 4, '{"x":-407.885773,"y":560.9014,"z":124.139168}', '{"x":-3.85036469,"y":2.175015,"z":151.637939}'),
	(162, 4, '{"x":-469.969025,"y":541.2168,"z":120.756409}', '{"x":12.9378061,"y":-0.09421954,"z":358.973969}'),
	(163, 5, '{"x":-137.230576,"y":901.850769,"z":235.3881}', '{"x":-1.153956,"y":0.75950855,"z":314.970276}'),
	(164, 5, '{"x":-103.584236,"y":823.736633,"z":235.418442}', '{"x":0.0971246958,"y":0.04692987,"z":10.7189941}'),
	(165, 5, '{"x":-168.390518,"y":970.916565,"z":236.499146}', '{"x":5.33715439,"y":-4.923559,"z":317.451538}'),
	(166, 5, '{"x":-2786.349,"y":1430.36548,"z":100.621628}', '{"x":-0.0609915964,"y":-0.08839638,"z":235.202774}');
/*!40000 ALTER TABLE `garages` ENABLE KEYS */;

-- Дамп структуры для таблица iteffa.houses
CREATE TABLE IF NOT EXISTS `houses` (
  `id` int(155) NOT NULL,
  `owner` text NOT NULL,
  `type` varchar(11) NOT NULL,
  `position` text NOT NULL,
  `price` text NOT NULL,
  `locked` tinyint(155) NOT NULL,
  `garage` text NOT NULL,
  `bank` text NOT NULL,
  `roommates` text NOT NULL,
  PRIMARY KEY (`id`)
) ENGINE=InnoDB DEFAULT CHARSET=utf8;

-- Дамп данных таблицы iteffa.houses: ~166 rows (приблизительно)
/*!40000 ALTER TABLE `houses` DISABLE KEYS */;
INSERT INTO `houses` (`id`, `owner`, `type`, `position`, `price`, `locked`, `garage`, `bank`, `roommates`) VALUES
	(0, '', '6', '{"x":-2587.8977,"y":1911.192,"z":166.37895}', '20000000', 1, '1', '103598', '[]'),
	(1, '', '6', '{"x":-3017.602,"y":746.49316,"z":26.467602}', '10000000', 1, '2', '945644', '[]'),
	(2, '', '6', '{"x":-2997.139,"y":722.86707,"z":27.37689}', '10000000', 0, '3', '108071', '[]'),
	(3, '', '6', '{"x":-2994.5269,"y":682.5249,"z":23.921377}', '10000000', 0, '4', '963680', '[]'),
	(4, '', '6', '{"x":-2972.8186,"y":642.41766,"z":24.6779}', '10000000', 0, '5', '120379', '[]'),
	(5, '', '6', '{"x":-2977.0605,"y":609.54083,"z":19.126202}', '10000000', 0, '6', '100225', '[]'),
	(6, '', '4', '{"x":-3089.0425,"y":221.32211,"z":12.94824}', '800000', 0, '7', '779125', '[]'),
	(7, '', '4', '{"x":-3115.245,"y":252.8553,"z":11.371995}', '800000', 0, '8', '255964', '[]'),
	(8, '', '4', '{"x":-3115.8552,"y":294.2326,"z":7.8521166}', '800000', 0, '9', '578334', '[]'),
	(9, '', '4', '{"x":-3111.7349,"y":315.3675,"z":7.2610397}', '800000', 0, '10', '761280', '[]'),
	(10, '', '4', '{"x":-3093.5667,"y":349.38773,"z":6.4213886}', '1200000', 0, '11', '498670', '[]'),
	(11, '', '4', '{"x":-3091.2432,"y":379.25607,"z":5.9920897}', '800000', 0, '12', '45619', '[]'),
	(12, '', '4', '{"x":-3088.8967,"y":392.22482,"z":10.327568}', '1000000', 0, '13', '627101', '[]'),
	(13, '', '4', '{"x":-3069.378,"y":453.94592,"z":8.523155}', '800000', 0, '14', '89491', '[]'),
	(14, '', '4', '{"x":-3053.1985,"y":486.7677,"z":5.6596475}', '800000', 0, '15', '684616', '[]'),
	(15, '', '4', '{"x":-3031.8245,"y":524.92773,"z":6.3029943}', '800000', 0, '16', '801533', '[]'),
	(16, '', '4', '{"x":-3036.7834,"y":545.0351,"z":6.387683}', '800000', 0, '17', '452867', '[]'),
	(17, '', '4', '{"x":-3036.9717,"y":559.2979,"z":6.387683}', '800000', 0, '18', '251104', '[]'),
	(18, '', '4', '{"x":-3077.929,"y":658.93066,"z":10.547267}', '1000000', 0, '19', '23548', '[]'),
	(19, '', '4', '{"x":-3225.3745,"y":911.1103,"z":12.873275}', '1000000', 0, '20', '489851', '[]'),
	(20, '', '4', '{"x":-3238.7205,"y":922.0411,"z":12.839891}', '800000', 0, '21', '122578', '[]'),
	(21, '', '3', '{"x":-3237.9956,"y":952.7047,"z":12.122293}', '600000', 0, '22', '191856', '[]'),
	(22, '', '4', '{"x":-3251.0635,"y":1027.0831,"z":10.637701}', '800000', 0, '23', '433620', '[]'),
	(23, '', '1', '{"x":-3231.957,"y":1081.6984,"z":9.687716}', '120000', 0, '24', '885637', '[]'),
	(24, '', '4', '{"x":-3225.2217,"y":1112.8334,"z":9.457639}', '800000', 0, '25', '840883', '[]'),
	(25, '', '4', '{"x":-3220.1543,"y":1138.1156,"z":8.775407}', '800000', 0, '26', '659573', '[]'),
	(26, '', '3', '{"x":-3205.0393,"y":1152.13,"z":8.542009}', '600000', 0, '27', '699442', '[]'),
	(27, '', '3', '{"x":-3200.374,"y":1165.4655,"z":8.534344}', '600000', 0, '28', '483757', '[]'),
	(28, '', '3', '{"x":-3205.7092,"y":1186.0347,"z":8.544676}', '800000', 0, '29', '437400', '[]'),
	(29, '', '3', '{"x":-3203.1333,"y":1205.9832,"z":11.70318}', '600000', 0, '30', '933635', '[]'),
	(30, '', '3', '{"x":-3200.3074,"y":1232.5236,"z":8.928323}', '600000', 0, '31', '439869', '[]'),
	(31, '', '4', '{"x":-3187.3223,"y":1273.8196,"z":11.551507}', '800000', 0, '32', '220234', '[]'),
	(32, '', '4', '{"x":-3190.9192,"y":1297.6847,"z":17.952389}', '1000000', 0, '33', '567348', '[]'),
	(33, '', '3', '{"x":-1979.8851,"y":-520.2556,"z":13.620111}', '600000', 0, '34', '703297', '[]'),
	(34, '', '3', '{"x":-1957.5908,"y":-527.98846,"z":11.061029}', '600000', 0, '35', '219734', '[]'),
	(35, '', '3', '{"x":-1945.1046,"y":-548.48456,"z":13.605492}', '600000', 0, '36', '950439', '[]'),
	(36, '', '3', '{"x":-1923.3164,"y":-558.82056,"z":10.941092}', '600000', 0, '37', '523356', '[]'),
	(37, '', '3', '{"x":-1919.9513,"y":-570.0478,"z":10.792086}', '600000', 0, '38', '853087', '[]'),
	(38, '', '4', '{"x":-1913.6879,"y":-574.3986,"z":10.315149}', '1000000', 0, '39', '71188', '[]'),
	(39, '', '3', '{"x":-1901.4937,"y":-586.596,"z":10.754258}', '600000', 0, '40', '262053', '[]'),
	(40, '', '3', '{"x":-1883.2142,"y":-578.801,"z":10.698452}', '600000', 0, '41', '684062', '[]'),
	(41, '', '3', '{"x":-1884.7742,"y":-599.89886,"z":10.779362}', '600000', 0, '42', '706559', '[]'),
	(42, '', '3', '{"x":-1873.1195,"y":-596.9123,"z":10.7347}', '600000', 0, '43', '452394', '[]'),
	(43, '', '3', '{"x":-1845.8792,"y":-634.19464,"z":10.046484}', '600000', 1, '44', '925738', '[]'),
	(44, '', '3', '{"x":-1836.7236,"y":-631.6923,"z":9.628551}', '600000', 0, '45', '760547', '[]'),
	(45, '', '3', '{"x":-1820.4523,"y":-642.99005,"z":9.819727}', '600000', 0, '46', '421264', '[]'),
	(46, '', '3', '{"x":-1817.7246,"y":-656.7681,"z":12.691767}', '600000', 0, '47', '164952', '[]'),
	(47, '', '3', '{"x":-1794.0756,"y":-664.35974,"z":9.367973}', '600000', 0, '48', '813694', '[]'),
	(48, '', '3', '{"x":-1780.6223,"y":-679.8879,"z":9.334897}', '600000', 0, '49', '454538', '[]'),
	(49, '', '3', '{"x":-1770.9768,"y":-677.56494,"z":9.2673}', '600000', 0, '50', '807166', '[]'),
	(50, '', '3', '{"x":-1777.0897,"y":-701.6341,"z":9.397876}', '600000', 0, '51', '108789', '[]'),
	(51, '', '3', '{"x":-1764.2529,"y":-707.8289,"z":9.494181}', '600000', 0, '52', '518891', '[]'),
	(52, '', '3', '{"x":-1754.5018,"y":-708.77625,"z":9.281206}', '600000', 0, '53', '922097', '[]'),
	(53, '', '5', '{"x":-1898.8071,"y":132.6003,"z":80.864624}', '2800000', 0, '54', '766592', '[]'),
	(54, '', '5', '{"x":-1931.7458,"y":162.7743,"z":83.53272}', '2800000', 0, '55', '985492', '[]'),
	(55, '', '5', '{"x":-1960.8195,"y":212.09187,"z":85.68907}', '3000000', 0, '56', '771824', '[]'),
	(56, '', '5', '{"x":-1970.3928,"y":246.13947,"z":86.69214}', '2800000', 0, '57', '686757', '[]'),
	(57, '', '5', '{"x":-1995.3086,"y":300.5059,"z":90.84466}', '3200000', 0, '58', '214586', '[]'),
	(58, '', '5', '{"x":-2008.8673,"y":367.55692,"z":93.694305}', '3200000', 0, '59', '5177', '[]'),
	(59, '', '5', '{"x":-2010.9653,"y":445.1746,"z":101.8959}', '3200000', 0, '60', '196598', '[]'),
	(60, '', '5', '{"x":-2014.618,"y":499.78394,"z":106.05179}', '2800000', 0, '61', '79683', '[]'),
	(61, '', '5', '{"x":-1996.034,"y":591.0544,"z":116.98196}', '3000000', 0, '62', '23777', '[]'),
	(62, '', '5', '{"x":-1974.247,"y":630.9888,"z":121.416306}', '3200000', 0, '63', '818562', '[]'),
	(63, '', '5', '{"x":-1896.2717,"y":642.4228,"z":129.08905}', '3000000', 0, '64', '644697', '[]'),
	(64, '', '5', '{"x":-1929.2327,"y":595.43085,"z":121.16488}', '3000000', 0, '65', '321412', '[]'),
	(65, '', '5', '{"x":-1937.5801,"y":551.3063,"z":113.70847}', '3000000', 0, '66', '278437', '[]'),
	(66, '', '5', '{"x":-1943.8057,"y":449.52667,"z":101.80228}', '3200000', 1, '67', '478270', '[]'),
	(67, '', '5', '{"x":-1931.7358,"y":398.65976,"z":95.38707}', '2800000', 0, '68', '923802', '[]'),
	(68, '', '5', '{"x":-1931.2885,"y":362.47043,"z":92.85108}', '3000000', 0, '69', '869755', '[]'),
	(69, '', '5', '{"x":-1922.717,"y":298.359,"z":88.16704}', '3000000', 0, '70', '734175', '[]'),
	(70, '', '5', '{"x":-1906.0967,"y":252.85086,"z":85.13108}', '3200000', 0, '71', '278178', '[]'),
	(71, '', '5', '{"x":-1873.6864,"y":201.66437,"z":83.17453}', '3200000', 0, '72', '599778', '[]'),
	(72, '', '6', '{"x":-1805.1383,"y":437.12885,"z":127.58744}', '50000000', 0, '73', '179917', '[]'),
	(73, '', '6', '{"x":-1827.8054,"y":311.9288,"z":88.591324}', '10000000', 1, '74', '761494', '[]'),
	(74, '', '6', '{"x":-1808.5073,"y":334.10825,"z":88.25152}', '10000000', 0, '75', '805788', '[]'),
	(75, '', '6', '{"x":-1733.2632,"y":379.84412,"z":88.605156}', '20000000', 1, '76', '416017', '[]'),
	(76, '', '6', '{"x":-1673.1191,"y":385.85257,"z":88.228294}', '6000000', 0, '77', '739461', '[]'),
	(77, '', '4', '{"x":-1666.8309,"y":-441.6968,"z":39.234837}', '800000', 0, '78', '507881', '[]'),
	(78, '', '5', '{"x":-1642.2273,"y":-412.2958,"z":40.95448}', '800000', 0, '79', '125091', '[]'),
	(79, '', '5', '{"x":-1622.1775,"y":-380.3376,"z":42.59579}', '1000000', 0, '80', '419620', '[]'),
	(80, '', '5', '{"x":-1596.4719,"y":-352.7455,"z":44.856464}', '800000', 1, '81', '494621', '[]'),
	(81, '', '6', '{"x":-1464.6759,"y":-33.779556,"z":53.93044}', '20000000', 1, '82', '885746', '[]'),
	(82, '', '6', '{"x":-1549.1028,"y":-90.29101,"z":53.809185}', '30000000', 1, '83', '29219', '[]'),
	(83, '', '6', '{"x":-1579.2775,"y":-34.252,"z":56.445198}', '30000000', 0, '84', '630232', '[]'),
	(84, '', '6', '{"x":-1467.3177,"y":35.624718,"z":53.42489}', '10000000', 0, '85', '824847', '[]'),
	(85, '', '6', '{"x":-1515.5236,"y":24.650826,"z":55.700714}', '10000000', 0, '86', '920976', '[]'),
	(86, '', '6', '{"x":-1570.7793,"y":23.019274,"z":58.43386}', '8000000', 0, '87', '298135', '[]'),
	(87, '', '6', '{"x":-1629.7955,"y":36.80491,"z":61.81536}', '10000000', 0, '88', '800754', '[]'),
	(88, '', '6', '{"x":-1189.9474,"y":291.64633,"z":68.772514}', '10000000', 0, '89', '887995', '[]'),
	(89, '', '5', '{"x":-1117.1652,"y":303.46506,"z":65.40113}', '5000000', 0, '90', '807695', '[]'),
	(90, '', '6', '{"x":-1038.4684,"y":312.70773,"z":66.15087}', '20000000', 0, '91', '604326', '[]'),
	(91, '', '5', '{"x":-1038.4135,"y":221.9532,"z":63.255672}', '10000000', 1, '92', '482111', '[]'),
	(92, '', '5', '{"x":-998.21356,"y":158.05247,"z":61.198853}', '5000000', 0, '93', '942993', '[]'),
	(93, '', '5', '{"x":-970.9969,"y":122.33649,"z":55.928482}', '5000000', 0, '94', '943938', '[]'),
	(94, '', '5', '{"x":-913.4749,"y":108.28102,"z":54.394657}', '8000000', 0, '95', '720362', '[]'),
	(95, '', '5', '{"x":-949.168,"y":196.49408,"z":66.27022}', '10000000', 0, '96', '528989', '[]'),
	(96, '', '5', '{"x":-902.5677,"y":191.45447,"z":68.32596}', '4000000', 0, '97', '509009', '[]'),
	(97, '', '6', '{"x":-817.51904,"y":177.69841,"z":71.10253}', '50000000', 0, '98', '338975', '[]'),
	(98, '', '5', '{"x":-830.4767,"y":115.031364,"z":54.90879}', '4000000', 0, '99', '160604', '[]'),
	(99, '', '5', '{"x":-842.23846,"y":-25.143503,"z":39.278446}', '4000000', 1, '100', '960803', '[]'),
	(100, '', '5', '{"x":-896.4738,"y":-5.0132093,"z":42.67892}', '8000000', 0, '101', '569475', '[]'),
	(101, '', '5', '{"x":-888.02435,"y":42.230972,"z":48.027042}', '8000000', 0, '102', '32364', '[]'),
	(102, '', '5', '{"x":-930.3805,"y":19.117697,"z":47.387363}', '6000000', 0, '103', '178877', '[]'),
	(103, '', '1', '{"x":466.9857,"y":-1590.2986,"z":31.694334}', '100000', 0, '104', '89496', '[]'),
	(104, '', '1', '{"x":455.3242,"y":-1579.9308,"z":31.671972}', '100000', 0, '105', '585556', '[]'),
	(105, '', '1', '{"x":442.06866,"y":-1569.5182,"z":31.694647}', '100000', 0, '106', '701975', '[]'),
	(106, '', '1', '{"x":430.32242,"y":-1559.2418,"z":31.672255}', '100000', 0, '107', '193935', '[]'),
	(107, '', '1', '{"x":470.8753,"y":-1561.379,"z":31.672304}', '100000', 0, '108', '994557', '[]'),
	(108, '', '1', '{"x":460.61618,"y":-1573.5537,"z":31.672289}', '100000', 0, '109', '188331', '[]'),
	(109, '', '2', '{"x":332.87378,"y":-1740.8342,"z":28.610525}', '200000', 0, '110', '819848', '[]'),
	(110, '', '2', '{"x":320.75534,"y":-1759.9836,"z":28.517855}', '200000', 0, '111', '400434', '[]'),
	(111, '', '2', '{"x":299.8475,"y":-1784.1099,"z":27.318665}', '200000', 0, '112', '980300', '[]'),
	(112, '', '2', '{"x":257.23346,"y":-1722.9717,"z":28.534128}', '200000', 0, '113', '677514', '[]'),
	(113, '', '2', '{"x":269.62927,"y":-1712.9084,"z":28.548773}', '200000', 0, '114', '205999', '[]'),
	(114, '', '2', '{"x":240.94571,"y":-1687.9357,"z":28.579384}', '200000', 0, '115', '421848', '[]'),
	(115, '', '2', '{"x":222.83821,"y":-1702.7089,"z":28.57579}', '200000', 0, '116', '470493', '[]'),
	(116, '', '2', '{"x":216.75806,"y":-1717.345,"z":28.55271}', '200000', 0, '117', '969406', '[]'),
	(117, '', '2', '{"x":-14.049197,"y":-1441.8945,"z":29.981495}', '500000', 0, '118', '751866', '[]'),
	(118, '', '2', '{"x":-46.046314,"y":-1445.7899,"z":31.309626}', '200000', 0, '119', '305327', '[]'),
	(119, '', '1', '{"x":-173.73567,"y":-1547.1267,"z":34.007404}', '100000', 0, '120', '579124', '[]'),
	(120, '', '1', '{"x":-179.8503,"y":-1554.1488,"z":34.004803}', '100000', 0, '121', '145503', '[]'),
	(121, '', '1', '{"x":-187.78152,"y":-1563.2743,"z":34.635014}', '100000', 0, '122', '528021', '[]'),
	(122, '', '1', '{"x":-192.10327,"y":-1559.8232,"z":33.834625}', '100000', 0, '123', '931764', '[]'),
	(123, '', '1', '{"x":-196.04106,"y":-1555.9392,"z":33.835453}', '100000', 0, '124', '903553', '[]'),
	(124, '', '1', '{"x":-183.86766,"y":-1539.8049,"z":33.237453}', '100000', 0, '125', '642978', '[]'),
	(125, '', '1', '{"x":-180.01508,"y":-1534.6683,"z":33.23487}', '100000', 0, '126', '476625', '[]'),
	(126, '', '1', '{"x":-174.75977,"y":-1529.0225,"z":33.233833}', '100000', 1, '127', '253473', '[]'),
	(127, '', '1', '{"x":-120.02828,"y":-1478.0135,"z":32.7028}', '100000', 0, '128', '941807', '[]'),
	(128, '', '1', '{"x":-125.91781,"y":-1473.5007,"z":32.702797}', '100000', 0, '129', '308856', '[]'),
	(129, '', '1', '{"x":-132.04149,"y":-1462.958,"z":32.70275}', '100000', 0, '130', '101244', '[]'),
	(130, '', '1', '{"x":-126.752716,"y":-1456.7589,"z":33.38973}', '100000', 0, '131', '315839', '[]'),
	(131, '', '1', '{"x":-122.92745,"y":-1460.322,"z":32.70281}', '100000', 0, '132', '582002', '[]'),
	(132, '', '1', '{"x":-113.69877,"y":-1468.2068,"z":32.702778}', '100000', 0, '133', '137532', '[]'),
	(133, '', '1', '{"x":-107.924,"y":-1473.3096,"z":32.702755}', '100000', 0, '134', '839950', '[]'),
	(134, '', '1', '{"x":-112.83689,"y":-1478.9845,"z":32.70278}', '100000', 0, '135', '148329', '[]'),
	(135, '', '1', '{"x":-119.35116,"y":-1486.4242,"z":35.862133}', '100000', 0, '136', '415545', '[]'),
	(136, '', '4', '{"x":315.76886,"y":501.75766,"z":152.05978}', '800000', 0, '137', '84806', '[]'),
	(137, '', '4', '{"x":331.3986,"y":465.24603,"z":150.13304}', '800000', 0, '138', '219274', '[]'),
	(138, '', '4', '{"x":346.4174,"y":440.50925,"z":146.67708}', '800000', 0, '139', '262356', '[]'),
	(139, '', '4', '{"x":373.5333,"y":427.63568,"z":144.56393}', '800000', 0, '140', '172614', '[]'),
	(140, '', '4', '{"x":232.04536,"y":672.3613,"z":188.82552}', '1000000', 0, '141', '988433', '[]'),
	(141, '', '4', '{"x":216.40182,"y":620.57104,"z":186.63676}', '800000', 0, '142', '665727', '[]'),
	(142, '', '4', '{"x":119.16928,"y":564.0652,"z":182.83948}', '800000', 0, '143', '699665', '[]'),
	(143, '', '4', '{"x":84.96944,"y":561.8767,"z":181.65303}', '1000000', 0, '144', '987845', '[]'),
	(144, '', '4', '{"x":46.128372,"y":555.95215,"z":178.9622}', '1000000', 0, '145', '203893', '[]'),
	(145, '', '6', '{"x":8.413756,"y":540.0719,"z":174.90733}', '50000000', 0, '146', '501809', '[]'),
	(146, '', '4', '{"x":-109.85093,"y":501.88403,"z":142.35721}', '1000000', 0, '147', '265480', '[]'),
	(147, '', '5', '{"x":-66.742584,"y":490.6422,"z":143.57054}', '1200000', 0, '148', '35151', '[]'),
	(148, '', '5', '{"x":-7.813765,"y":468.10202,"z":144.73824}', '1200000', 0, '149', '522090', '[]'),
	(149, '', '5', '{"x":57.649525,"y":449.8795,"z":145.91139}', '1200000', 0, '150', '249869', '[]'),
	(150, '', '5', '{"x":43.177376,"y":468.7533,"z":146.9761}', '1200000', 0, '151', '559582', '[]'),
	(151, '', '5', '{"x":80.04249,"y":486.2117,"z":147.08165}', '1500000', 0, '152', '757142', '[]'),
	(152, '', '5', '{"x":106.69239,"y":466.72864,"z":146.44206}', '1200000', 0, '153', '33648', '[]'),
	(153, '', '5', '{"x":167.23303,"y":474.07492,"z":141.39325}', '1500000', 0, '154', '581478', '[]'),
	(154, '', '5', '{"x":-175.19647,"y":502.72906,"z":136.30075}', '1200000', 0, '155', '815300', '[]'),
	(155, '', '5', '{"x":-230.35538,"y":488.32996,"z":127.64803}', '1500000', 0, '156', '100598', '[]'),
	(156, '', '5', '{"x":-312.43677,"y":474.7383,"z":110.70516}', '1200000', 0, '157', '275323', '[]'),
	(157, '', '5', '{"x":-355.77768,"y":469.63046,"z":111.35508}', '1500000', 0, '158', '446516', '[]'),
	(158, '', '5', '{"x":-386.63705,"y":504.7348,"z":119.29266}', '1200000', 0, '159', '108931', '[]'),
	(159, '', '5', '{"x":-349.18845,"y":514.78564,"z":119.52608}', '1500000', 0, '160', '448503', '[]'),
	(160, '', '5', '{"x":-406.48752,"y":567.15436,"z":123.48408}', '1500000', 0, '161', '252127', '[]'),
	(161, '', '5', '{"x":-458.977,"y":537.2212,"z":120.33891}', '1200000', 0, '162', '685701', '[]'),
	(162, '', '6', '{"x":-167.8435,"y":916.0188,"z":234.53561}', '10000000', 0, '163', '87088', '[]'),
	(163, '', '6', '{"x":-85.64162,"y":834.8868,"z":234.8001}', '10000000', 0, '164', '504010', '[]'),
	(164, '', '6', '{"x":-184.29298,"y":967.36127,"z":231.01358}', '10000000', 0, '165', '818431', '[]'),
	(165, '', '6', '{"x":-2797.6306,"y":1431.908,"z":99.80837}', '50000000', 0, '166', '842769', '[]');
/*!40000 ALTER TABLE `houses` ENABLE KEYS */;

-- Дамп структуры для таблица iteffa.inventory
CREATE TABLE IF NOT EXISTS `inventory` (
  `items` text NOT NULL,
  `uuid` int(255) NOT NULL,
  `idkey` int(11) NOT NULL AUTO_INCREMENT,
  PRIMARY KEY (`idkey`)
) ENGINE=InnoDB AUTO_INCREMENT=2 DEFAULT CHARSET=utf8;

-- Дамп данных таблицы iteffa.inventory: ~1 rows (приблизительно)
/*!40000 ALTER TABLE `inventory` DISABLE KEYS */;
INSERT INTO `inventory` (`items`, `uuid`, `idkey`) VALUES
	('[{"Data":"26_6_True","ID":-11,"Type":-11,"Count":1,"IsActive":true},{"Data":"103_2_True","ID":-4,"Type":-4,"Count":1,"IsActive":true},{"Data":"5_2_True","ID":-6,"Type":-6,"Count":1,"IsActive":true}]', 333333, 1);
/*!40000 ALTER TABLE `inventory` ENABLE KEYS */;

-- Дамп структуры для таблица iteffa.money
CREATE TABLE IF NOT EXISTS `money` (
  `id` varchar(155) NOT NULL,
  `holder` varchar(155) NOT NULL,
  `balance` varchar(155) NOT NULL,
  `type` varchar(155) NOT NULL,
  PRIMARY KEY (`id`)
) ENGINE=InnoDB DEFAULT CHARSET=utf8;

-- Дамп данных таблицы iteffa.money: ~167 rows (приблизительно)
/*!40000 ALTER TABLE `money` DISABLE KEYS */;
INSERT INTO `money` (`id`, `holder`, `balance`, `type`) VALUES
	('100225', '', '0', '2'),
	('100598', '', '0', '2'),
	('101244', '', '0', '2'),
	('103598', '', '0', '2'),
	('108071', '', '0', '2'),
	('108789', '', '0', '2'),
	('108931', '', '0', '2'),
	('120379', '', '0', '2'),
	('122578', '', '0', '2'),
	('125091', '', '0', '2'),
	('137532', '', '0', '2'),
	('145503', '', '0', '2'),
	('148329', '', '0', '2'),
	('160604', '', '0', '2'),
	('164952', '', '0', '2'),
	('172614', '', '0', '2'),
	('178877', '', '0', '2'),
	('179917', '', '0', '2'),
	('188331', '', '0', '2'),
	('191856', '', '0', '2'),
	('193935', '', '0', '2'),
	('196598', '', '0', '2'),
	('203893', '', '0', '2'),
	('205999', '', '0', '2'),
	('214586', '', '0', '2'),
	('219274', '', '0', '2'),
	('219734', '', '0', '2'),
	('220234', '', '0', '2'),
	('23548', '', '0', '2'),
	('23777', '', '0', '2'),
	('249869', '', '0', '2'),
	('251104', '', '0', '2'),
	('252127', '', '0', '2'),
	('253473', '', '0', '2'),
	('255964', '', '0', '2'),
	('262053', '', '0', '2'),
	('262356', '', '0', '2'),
	('265480', '', '0', '2'),
	('275323', '', '0', '2'),
	('278178', '', '0', '2'),
	('278437', '', '0', '2'),
	('29219', '', '0', '2'),
	('298135', '', '0', '2'),
	('305327', '', '0', '2'),
	('308856', '', '0', '2'),
	('315839', '', '0', '2'),
	('321412', '', '0', '2'),
	('32364', '', '0', '2'),
	('33648', '', '0', '2'),
	('338975', '', '0', '2'),
	('35151', '', '0', '2'),
	('400434', '', '0', '2'),
	('415545', '', '0', '2'),
	('416017', '', '0', '2'),
	('419620', '', '0', '2'),
	('421264', '', '0', '2'),
	('421848', '', '0', '2'),
	('433620', '', '0', '2'),
	('437400', '', '0', '2'),
	('439869', '', '0', '2'),
	('446516', '', '0', '2'),
	('448503', '', '0', '2'),
	('452394', '', '0', '2'),
	('452867', '', '0', '2'),
	('454538', '', '0', '2'),
	('45619', '', '0', '2'),
	('470493', '', '0', '2'),
	('476625', '', '0', '2'),
	('478270', '', '0', '2'),
	('482111', '', '0', '2'),
	('483757', '', '0', '2'),
	('489851', '', '0', '2'),
	('494621', '', '0', '2'),
	('498670', '', '0', '2'),
	('501809', '', '0', '2'),
	('504010', '', '0', '2'),
	('507881', '', '0', '2'),
	('509009', '', '0', '2'),
	('5177', '', '0', '2'),
	('518891', '', '0', '2'),
	('522090', '', '0', '2'),
	('523356', '', '0', '2'),
	('528021', '', '0', '2'),
	('528989', '', '0', '2'),
	('559582', '', '0', '2'),
	('567348', '', '0', '2'),
	('569475', '', '0', '2'),
	('578334', '', '0', '2'),
	('579124', '', '0', '2'),
	('581478', '', '0', '2'),
	('582002', '', '0', '2'),
	('585556', '', '0', '2'),
	('599778', '', '0', '2'),
	('60032', 'Jack_Brown', '0', '1'),
	('604326', '', '0', '2'),
	('627101', '', '0', '2'),
	('630232', '', '0', '2'),
	('642978', '', '0', '2'),
	('644697', '', '0', '2'),
	('659573', '', '0', '2'),
	('665727', '', '0', '2'),
	('677514', '', '0', '2'),
	('684062', '', '0', '2'),
	('684616', '', '0', '2'),
	('685701', '', '0', '2'),
	('686757', '', '0', '2'),
	('699442', '', '0', '2'),
	('699665', '', '0', '2'),
	('701975', '', '0', '2'),
	('703297', '', '0', '2'),
	('706559', '', '0', '2'),
	('71188', '', '0', '2'),
	('720362', '', '0', '2'),
	('734175', '', '0', '2'),
	('739461', '', '0', '2'),
	('751866', '', '0', '2'),
	('757142', '', '0', '2'),
	('760547', '', '0', '2'),
	('761280', '', '0', '2'),
	('761494', '', '0', '2'),
	('766592', '', '0', '2'),
	('771824', '', '0', '2'),
	('779125', '', '0', '2'),
	('79683', '', '0', '2'),
	('800754', '', '0', '2'),
	('801533', '', '0', '2'),
	('805788', '', '0', '2'),
	('807166', '', '0', '2'),
	('807695', '', '0', '2'),
	('813694', '', '0', '2'),
	('815300', '', '0', '2'),
	('818431', '', '0', '2'),
	('818562', '', '0', '2'),
	('819848', '', '0', '2'),
	('824847', '', '0', '2'),
	('839950', '', '0', '2'),
	('840883', '', '0', '2'),
	('842769', '', '0', '2'),
	('84806', '', '0', '2'),
	('853087', '', '0', '2'),
	('869755', '', '0', '2'),
	('87088', '', '0', '2'),
	('885637', '', '0', '2'),
	('885746', '', '0', '2'),
	('887995', '', '0', '2'),
	('89491', '', '0', '2'),
	('89496', '', '0', '2'),
	('903553', '', '0', '2'),
	('920976', '', '0', '2'),
	('922097', '', '0', '2'),
	('923802', '', '0', '2'),
	('925738', '', '0', '2'),
	('931764', '', '0', '2'),
	('933635', '', '0', '2'),
	('941807', '', '0', '2'),
	('942993', '', '0', '2'),
	('943938', '', '0', '2'),
	('945644', '', '0', '2'),
	('950439', '', '0', '2'),
	('960803', '', '0', '2'),
	('963680', '', '0', '2'),
	('969406', '', '0', '2'),
	('980300', '', '0', '2'),
	('985492', '', '0', '2'),
	('987845', '', '0', '2'),
	('988433', '', '0', '2'),
	('994557', '', '0', '2');
/*!40000 ALTER TABLE `money` ENABLE KEYS */;

-- Дамп структуры для таблица iteffa.nicknames
CREATE TABLE IF NOT EXISTS `nicknames` (
  `srv` varchar(155) NOT NULL,
  `name` varchar(155) NOT NULL
) ENGINE=InnoDB DEFAULT CHARSET=utf8;

-- Дамп данных таблицы iteffa.nicknames: ~0 rows (приблизительно)
/*!40000 ALTER TABLE `nicknames` DISABLE KEYS */;
/*!40000 ALTER TABLE `nicknames` ENABLE KEYS */;

-- Дамп структуры для таблица iteffa.othervehicles
CREATE TABLE IF NOT EXISTS `othervehicles` (
  `idkey` int(155) NOT NULL AUTO_INCREMENT,
  `type` varchar(155) NOT NULL,
  `number` text NOT NULL,
  `model` text NOT NULL,
  `position` text NOT NULL,
  `rotation` text NOT NULL,
  `color1` int(155) NOT NULL,
  `color2` int(155) NOT NULL,
  `price` int(155) NOT NULL,
  PRIMARY KEY (`idkey`)
) ENGINE=InnoDB AUTO_INCREMENT=272 DEFAULT CHARSET=utf8;

-- Дамп данных таблицы iteffa.othervehicles: ~148 rows (приблизительно)
/*!40000 ALTER TABLE `othervehicles` DISABLE KEYS */;
INSERT INTO `othervehicles` (`idkey`, `type`, `number`, `model`, `position`, `rotation`, `color1`, `color2`, `price`) VALUES
	(1, '100', 'School1', 'issi2', '{"x":214.1345,"y":389.48468,"z":110.834816}', '{"x":0.0,"y":0.0,"z":178.16737}', 80, 80, 0),
	(124, '0', 'rent01', 'blista', '{"x":-383.1046,"y":1219.28174,"z":326.4666}', '{"x":0.0473760255,"y":-0.0741925538,"z":94.57135}', 12, 0, 1000),
	(125, '0', 'rent02', 'blista', '{"x":-412.16687,"y":1231.4491,"z":326.46582}', '{"x":0.0126935327,"y":0.03982935,"z":233.8624}', 12, 0, 1000),
	(126, '0', 'rent03', 'blista', '{"x":-413.18512,"y":1227.2666,"z":326.465729}', '{"x":0.0154575668,"y":0.05567778,"z":234.966583}', 12, 0, 1000),
	(127, '0', 'rent04', 'blista', '{"x":-414.226959,"y":1222.94617,"z":326.465729}', '{"x":0.0183194447,"y":0.04576494,"z":233.537689}', 12, 0, 1000),
	(128, '0', 'rent05', 'blista', '{"x":-384.302673,"y":1215.09729,"z":326.466}', '{"x":0.0248500369,"y":-0.0583277568,"z":97.31305}', 12, 0, 1000),
	(129, '0', 'rent06', 'blista2', '{"x":-385.3606,"y":1210.92651,"z":326.145142}', '{"x":0.0206682235,"y":-0.0518578,"z":99.5444}', 12, 0, 1000),
	(130, '0', 'rent07', 'blista2', '{"x":-386.456543,"y":1206.52832,"z":326.145935}', '{"x":0.0823452845,"y":-0.06515774,"z":99.69583}', 12, 0, 1000),
	(131, '0', 'rent08', 'blista2', '{"x":-415.52533,"y":1219.08948,"z":326.144867}', '{"x":0.0227961969,"y":0.0400858261,"z":226.129089}', 12, 0, 1000),
	(132, '0', 'rent09', 'blista2', '{"x":-387.6545,"y":1202.04126,"z":326.144867}', '{"x":0.0161496531,"y":-0.0614213832,"z":96.11493}', 12, 0, 1000),
	(133, '0', 'rent10', 'blista2', '{"x":-416.635864,"y":1215.0697,"z":326.144867}', '{"x":0.0211778414,"y":0.03558887,"z":227.825226}', 12, 0, 1000),
	(134, '0', 'rent11', 'blista2', '{"x":-417.8614,"y":1210.78357,"z":326.144775}', '{"x":0.0160206929,"y":0.0494649149,"z":228.41}', 12, 0, 1000),
	(135, '0', 'rent12', 'blista3', '{"x":-388.766052,"y":1197.95593,"z":326.144958}', '{"x":0.0233863853,"y":-0.0483320467,"z":98.75812}', 12, 0, 1000),
	(136, '0', 'rent13', 'blista3', '{"x":-389.795532,"y":1193.74939,"z":326.147247}', '{"x":0.295164138,"y":-0.08928785,"z":99.57968}', 12, 0, 1000),
	(137, '0', 'rent14', 'blista3', '{"x":-419.003021,"y":1206.52808,"z":326.144745}', '{"x":0.004553302,"y":0.0145863527,"z":231.807968}', 12, 0, 1000),
	(138, '0', 'rent15', 'blista3', '{"x":-390.8335,"y":1189.41357,"z":326.147369}', '{"x":0.311581,"y":-0.101267979,"z":97.82425}', 12, 0, 1000),
	(139, '0', 'rent16', 'blista3', '{"x":-421.5599,"y":1197.87427,"z":326.147125}', '{"x":-0.109366521,"y":0.241420746,"z":232.830643}', 12, 0, 1000),
	(140, '0', 'rent17', 'blista3', '{"x":-420.33905,"y":1202.42065,"z":326.144745}', '{"x":0.0192781016,"y":0.03619819,"z":233.062592}', 12, 0, 1000),
	(141, '0', 'rent18', 'CarbonRS', '{"x":-406.150238,"y":1238.09436,"z":326.148743}', '{"x":6.12033367,"y":-13.7384624,"z":200.860931}', 12, 0, 800),
	(142, '0', 'rent19', 'CarbonRS', '{"x":-404.307648,"y":1237.57153,"z":326.148438}', '{"x":6.54819059,"y":-13.542654,"z":202.625046}', 12, 0, 800),
	(143, '0', 'rent20', 'CarbonRS', '{"x":-402.591949,"y":1237.13989,"z":326.148346}', '{"x":7.821355,"y":-12.8587723,"z":208.066208}', 12, 0, 800),
	(144, '0', 'rent21', 'CarbonRS', '{"x":-399.756226,"y":1236.13171,"z":326.151}', '{"x":-12.0355444,"y":-9.04027,"z":124.956848}', 12, 0, 800),
	(145, '0', 'rent22', 'CarbonRS', '{"x":-397.9791,"y":1235.5614,"z":326.151184}', '{"x":-11.3138723,"y":-9.931607,"z":129.3977}', 12, 0, 800),
	(146, '0', 'rent23', 'CarbonRS', '{"x":-395.960236,"y":1234.99487,"z":326.1443}', '{"x":-11.4358406,"y":-9.804629,"z":127.9874}', 12, 0, 800),
	(147, '0', 'rent24', 'Faggio', '{"x":-402.9568,"y":1220.45142,"z":326.110626}', '{"x":-14.8356695,"y":2.76067042,"z":73.30112}', 12, 0, 500),
	(148, '0', 'rent25', 'Faggio', '{"x":-403.452362,"y":1218.74377,"z":326.1174}', '{"x":-14.7522526,"y":2.99578428,"z":73.7619}', 12, 0, 500),
	(149, '0', 'rent26', 'Faggio', '{"x":-404.0161,"y":1216.88062,"z":326.116638}', '{"x":-14.44696,"y":4.14619732,"z":70.8609}', 12, 0, 500),
	(150, '0', 'rent27', 'Faggio', '{"x":-404.410461,"y":1215.27612,"z":326.117279}', '{"x":-14.7023783,"y":3.25534368,"z":72.56238}', 12, 0, 500),
	(151, '0', 'rent28', 'Faggio', '{"x":-406.2685,"y":1207.94214,"z":326.114532}', '{"x":-14.8919916,"y":2.0298872,"z":78.48288}', 12, 0, 500),
	(152, '0', 'rent29', 'Faggio', '{"x":-406.676,"y":1206.13062,"z":326.11676}', '{"x":-14.6716976,"y":3.31984377,"z":73.81357}', 12, 0, 500),
	(153, '0', 'rent30', 'Faggio', '{"x":-407.071625,"y":1204.70654,"z":326.116821}', '{"x":-14.7943439,"y":2.654123,"z":76.31958}', 12, 0, 500),
	(154, '0', 'rent31', 'Faggio', '{"x":-407.493,"y":1203.22363,"z":326.117065}', '{"x":-14.7170382,"y":3.159412,"z":73.19769}', 12, 0, 500),
	(155, '0', 'rent32', 'Faggio', '{"x":-399.44693,"y":1201.04663,"z":326.116547}', '{"x":14.7350731,"y":-2.98372936,"z":255.5975}', 12, 0, 500),
	(156, '6', 'TR01', 'packer', '{"x":-2206.13184,"y":4248.96729,"z":48.69468}', '{"x":2.73388314,"y":2.56137514,"z":37.09619}', 1, 0, 500),
	(157, '6', 'TR02', 'packer', '{"x":-2211.93,"y":4245.835,"z":48.55291}', '{"x":2.60302281,"y":2.86598849,"z":37.5311279}', 1, 0, 500),
	(158, '6', 'TR03', 'packer', '{"x":-2215.522,"y":4240.326,"z":48.4876671}', '{"x":0.9943446,"y":4.043248,"z":37.9543152}', 1, 0, 500),
	(159, '6', 'TR04', 'packer', '{"x":-2219.29175,"y":4235.101,"z":48.3120155}', '{"x":1.06524134,"y":4.22451162,"z":38.17737}', 1, 0, 500),
	(160, '6', 'TR05', 'packer', '{"x":-2195.734,"y":4246.43945,"z":48.96384}', '{"x":2.0192647,"y":1.254198,"z":38.0774841}', 1, 0, 500),
	(161, '6', 'TR06', 'packer', '{"x":-2192.78442,"y":4265.13867,"z":49.5903358}', '{"x":-1.57339871,"y":3.70714164,"z":149.557922}', 1, 0, 500),
	(162, '6', 'TR07', 'packer', '{"x":-2197.82422,"y":4268.2417,"z":49.47546}', '{"x":-2.46920061,"y":2.673291,"z":149.293854}', 1, 0, 500),
	(163, '6', 'TR08', 'packer', '{"x":326.021362,"y":3423.10742,"z":37.6104355}', '{"x":1.03810632,"y":-1.09995353,"z":258.761658}', 1, 0, 500),
	(164, '6', 'TR09', 'packer', '{"x":324.423248,"y":3418.85449,"z":37.695816}', '{"x":0.753980935,"y":-0.847635031,"z":254.9464}', 1, 0, 500),
	(165, '6', 'TR010', 'packer', '{"x":322.649963,"y":3414.52832,"z":37.76032}', '{"x":0.461085,"y":-0.658453465,"z":255.206757}', 1, 0, 500),
	(166, '6', 'TR011', 'packer', '{"x":321.511963,"y":3409.901,"z":37.803627}', '{"x":0.309344351,"y":-0.5162935,"z":253.211273}', 1, 0, 500),
	(167, '6', 'TR012', 'packer', '{"x":320.25827,"y":3405.43237,"z":37.83022}', '{"x":0.143255115,"y":-0.4009944,"z":256.454285}', 1, 0, 500),
	(168, '6', 'TR013', 'packer', '{"x":588.418945,"y":-3038.01074,"z":7.152807}', '{"x":0.322407067,"y":-0.0004707617,"z":1.16134644}', 1, 0, 500),
	(169, '6', 'TR014', 'packer', '{"x":581.6494,"y":-3038.165,"z":7.15282965}', '{"x":0.323999882,"y":-0.004437913,"z":0.504425049}', 1, 0, 500),
	(170, '6', 'TR015', 'packer', '{"x":575.0388,"y":-3038.55664,"z":7.135493}', '{"x":0.317926764,"y":0.124539778,"z":0.3312683}', 1, 0, 500),
	(171, '6', 'TR016', 'packer', '{"x":567.94696,"y":-3038.22168,"z":7.12171459}', '{"x":0.179344848,"y":-0.213046938,"z":359.750183}', 1, 0, 500),
	(172, '6', 'TR017', 'packer', '{"x":555.0056,"y":-3038.51953,"z":7.15323}', '{"x":0.324585319,"y":-0.00728093926,"z":359.92453}', 1, 0, 500),
	(173, '6', 'TR018', 'packer', '{"x":564.289,"y":-3022.64136,"z":7.10187149}', '{"x":0.0622235835,"y":-0.349722624,"z":304.4901}', 1, 0, 500),
	(174, '6', 'TR019', 'packer', '{"x":554.804749,"y":-3022.6582,"z":7.107256}', '{"x":0.0159405954,"y":-0.368972123,"z":309.2117}', 1, 0, 500),
	(175, '6', 'TR020', 'packer', '{"x":545.6922,"y":-3022.811,"z":7.12627363}', '{"x":0.519928157,"y":-0.192532,"z":313.91217}', 1, 0, 500),
	(176, '6', 'TR021', 'packer', '{"x":537.735535,"y":-3022.67334,"z":7.10613728}', '{"x":0.136230066,"y":-0.0937201455,"z":313.275879}', 1, 0, 500),
	(177, '6', 'TR022', 'packer', '{"x":528.355469,"y":-3022.392,"z":7.09767151}', '{"x":-0.07244792,"y":-0.1692598,"z":317.70874}', 1, 0, 500),
	(178, '4', 'AB01', 'airbus', '{"x":458.1302,"y":-647.890259,"z":29.2122765}', '{"x":-2.92642117,"y":-0.268661857,"z":32.9152832}', 1, 0, 100),
	(179, '4', 'AB02', 'airbus', '{"x":459.138824,"y":-641.739868,"z":29.42082}', '{"x":-1.08647406,"y":-0.0813936144,"z":33.54196}', 1, 0, 100),
	(180, '4', 'AB03', 'bus', '{"x":395.608582,"y":-649.63446,"z":29.4963531}', '{"x":-1.33702288E-05,"y":0.0268052761,"z":90.41998}', 1, 0, 100),
	(181, '4', 'AB04', 'bus', '{"x":395.650879,"y":-644.267456,"z":29.4961815}', '{"x":0.0005845498,"y":0.0398493148,"z":89.96979}', 1, 0, 100),
	(182, '4', 'AB05', 'bus', '{"x":396.86972,"y":-638.8962,"z":29.49626}', '{"x":-0.000295910955,"y":0.0205426738,"z":89.72421}', 1, 0, 100),
	(183, '4', 'AB06', 'bus', '{"x":396.795319,"y":-655.0951,"z":29.4963379}', '{"x":0.0007032835,"y":0.01722737,"z":91.00137}', 1, 0, 100),
	(184, '4', 'AB07', 'coach', '{"x":433.2195,"y":-602.9907,"z":30.32997}', '{"x":0.05653116,"y":0.49139443,"z":85.1412354}', 1, 0, 100),
	(185, '4', 'AB08', 'coach', '{"x":433.014557,"y":-608.2864,"z":30.3300915}', '{"x":0.06690341,"y":0.489657432,"z":83.73053}', 1, 0, 100),
	(186, '4', 'AB09', 'coach', '{"x":432.493042,"y":-613.584961,"z":30.330162}', '{"x":0.0432988927,"y":0.491594017,"z":85.90564}', 1, 0, 100),
	(187, '4', 'AB10', 'coach', '{"x":432.154877,"y":-618.9939,"z":30.3305}', '{"x":0.103662372,"y":0.501824558,"z":85.87848}', 1, 0, 100),
	(188, '4', 'AB11', 'coach', '{"x":431.922882,"y":-624.347534,"z":30.3437252}', '{"x":0.562941134,"y":0.7388771,"z":86.88446}', 1, 0, 100),
	(189, '3', 'TAX01', 'taxi', '{"x":911.3861,"y":-163.55806,"z":74.96563}', '{"x":-3.46154332,"y":4.644617,"z":195.023743}', 88, 88, 500),
	(190, '3', 'TAX02', 'taxi', '{"x":913.7169,"y":-159.5372,"z":75.39953}', '{"x":-4.07420254,"y":2.10240841,"z":196.26149}', 88, 88, 500),
	(191, '3', 'TAX03', 'taxi', '{"x":916.2251,"y":-157.17485,"z":75.80468}', '{"x":-7.834387,"y":1.4806875,"z":196.577515}', 88, 88, 500),
	(192, '3', 'TAX04', 'taxi', '{"x":921.651733,"y":-160.387482,"z":75.51164}', '{"x":-1.807731,"y":0.2815428,"z":96.1889648}', 88, 88, 500),
	(193, '3', 'TAX05', 'taxi', '{"x":921.2434,"y":-163.443008,"z":75.4470444}', '{"x":-1.10551918,"y":1.54204476,"z":105.041046}', 88, 88, 500),
	(194, '3', 'TAX06', 'taxi', '{"x":918.9917,"y":-166.870987,"z":75.27535}', '{"x":-1.61262083,"y":3.15578127,"z":103.941467}', 88, 88, 500),
	(195, '3', 'TAX07', 'taxi', '{"x":916.8375,"y":-170.462067,"z":75.0754242}', '{"x":-0.7690415,"y":3.81116271,"z":101.52002}', 88, 88, 500),
	(196, '3', 'TAX08', 'taxi', '{"x":899.664856,"y":-180.587769,"z":74.45779}', '{"x":0.386937857,"y":2.62136817,"z":240.431763}', 88, 88, 500),
	(197, '3', 'TAX09', 'taxi', '{"x":897.746765,"y":-183.774231,"z":74.3808}', '{"x":-0.06507608,"y":1.55410326,"z":236.438232}', 88, 88, 500),
	(198, '3', 'TAX10', 'taxi', '{"x":903.434631,"y":-191.742233,"z":74.4063644}', '{"x":0.144270614,"y":0.238111287,"z":58.8624573}', 88, 88, 500),
	(199, '3', 'TAX11', 'taxi', '{"x":905.126831,"y":-188.856949,"z":74.44771}', '{"x":-2.00640917,"y":2.044616,"z":57.85898}', 88, 88, 500),
	(200, '3', 'TAX12', 'taxi', '{"x":906.7461,"y":-186.1975,"z":74.62696}', '{"x":-2.379927,"y":2.37464023,"z":59.6705322}', 88, 88, 500),
	(201, '3', 'TAX13', 'taxi', '{"x":908.633667,"y":-183.2114,"z":74.773735}', '{"x":-0.7372633,"y":0.470454484,"z":59.882843}', 88, 88, 500),
	(202, '3', 'TAX14', 'taxi', '{"x":1963.50647,"y":3766.12817,"z":32.8039}', '{"x":-0.07087844,"y":0.00353700877,"z":31.5192871}', 88, 88, 500),
	(203, '3', 'TAX15', 'taxi', '{"x":1959.97546,"y":3763.8667,"z":32.80618}', '{"x":-0.0700146258,"y":-0.0018386381,"z":31.2350464}', 88, 88, 500),
	(204, '3', 'TAX16', 'taxi', '{"x":1956.74158,"y":3761.87964,"z":32.80827}', '{"x":-0.06598202,"y":0.00266076229,"z":28.4536133}', 88, 88, 500),
	(205, '3', 'TAX17', 'taxi', '{"x":1953.51257,"y":3760.24072,"z":32.81115}', '{"x":-0.0690131,"y":-0.0287938435,"z":30.7680359}', 88, 88, 500),
	(206, '3', 'TAX18', 'taxi', '{"x":1950.10754,"y":3758.0835,"z":32.81276}', '{"x":-0.07293287,"y":0.00212032348,"z":32.52832}', 88, 88, 500),
	(207, '3', 'TAX19', 'taxi', '{"x":1785.01135,"y":4584.633,"z":38.109333}', '{"x":-3.58048558,"y":-1.75228214,"z":184.736847}', 88, 88, 500),
	(208, '3', 'TAX20', 'taxi', '{"x":1789.38525,"y":4585.11133,"z":37.9858055}', '{"x":-4.159824,"y":-3.02974725,"z":184.550125}', 88, 88, 500),
	(209, '3', 'TAX21', 'taxi', '{"x":1793.58252,"y":4585.61133,"z":37.8272133}', '{"x":-5.068772,"y":-2.25832176,"z":185.113922}', 88, 88, 500),
	(210, '3', 'TAX22', 'taxi', '{"x":1797.26843,"y":4585.92,"z":37.7508659}', '{"x":-7.855726,"y":-2.300118,"z":184.197479}', 88, 88, 500),
	(211, '3', 'TAX23', 'taxi', '{"x":1801.24133,"y":4586.354,"z":37.63805}', '{"x":-9.881439,"y":-3.747482,"z":186.0474}', 88, 88, 500),
	(212, '7', 'INK1', 'stockade', '{"x":-154.6466,"y":6356.716,"z":32.095932}', '{"x":-0.0993806943,"y":0.115407251,"z":226.290009}', 53, 53, 100),
	(213, '7', 'INK2', 'stockade', '{"x":-152.175537,"y":6359.229,"z":32.0960846}', '{"x":-0.09100005,"y":0.103019521,"z":225.562912}', 53, 53, 100),
	(214, '7', 'INK3', 'stockade', '{"x":-149.5354,"y":6361.984,"z":32.09763}', '{"x":-0.0554389171,"y":0.007835708,"z":225.554916}', 53, 53, 100),
	(215, '7', 'INK4', 'stockade', '{"x":-132.068436,"y":6351.96045,"z":32.094223}', '{"x":-0.0125807263,"y":-0.06357884,"z":46.36151}', 53, 53, 100),
	(216, '7', 'INK5', 'stockade', '{"x":-134.50705,"y":6349.58057,"z":32.09429}', '{"x":-0.00682968227,"y":-0.07029326,"z":46.77365}', 53, 53, 100),
	(217, '7', 'INK6', 'stockade', '{"x":-137.581726,"y":6346.82568,"z":32.09428}', '{"x":-0.0155531242,"y":-0.0677130148,"z":45.6331177}', 53, 53, 100),
	(218, '7', 'INK7', 'stockade', '{"x":873.935852,"y":-1255.32483,"z":27.0535221}', '{"x":0.863304555,"y":-1.30242574,"z":306.615448}', 53, 53, 100),
	(219, '7', 'INK8', 'stockade', '{"x":871.4682,"y":-1252.06836,"z":27.0616627}', '{"x":0.7615197,"y":-1.27908981,"z":308.662842}', 53, 53, 100),
	(220, '7', 'INK9', 'stockade', '{"x":868.662354,"y":-1248.66528,"z":27.0710926}', '{"x":0.8272464,"y":-1.20697463,"z":310.998169}', 53, 53, 100),
	(221, '7', 'INK10', 'stockade', '{"x":865.404541,"y":-1245.5542,"z":27.0911121}', '{"x":0.9127306,"y":-1.2174468,"z":312.004883}', 53, 53, 100),
	(222, '7', 'INK11', 'stockade', '{"x":861.795837,"y":-1243.03015,"z":27.0940666}', '{"x":1.000648,"y":-0.328953981,"z":310.796143}', 53, 53, 100),
	(223, '7', 'INK12', 'stockade', '{"x":858.6557,"y":-1240.11475,"z":27.0396862}', '{"x":0.905405641,"y":0.566338,"z":310.897125}', 53, 53, 100),
	(224, '7', 'INK13', 'stockade', '{"x":854.991943,"y":-1237.62878,"z":26.9910374}', '{"x":0.355626345,"y":0.376740217,"z":308.505585}', 53, 53, 100),
	(225, '5', 'GAZ01', 'mower', '{"x":-1357.805,"y":130.085617,"z":56.6742477}', '{"x":-0.1164269,"y":0.121615827,"z":273.015625}', 1, 1, 100),
	(226, '5', 'GAZ02', 'mower', '{"x":-1357.82031,"y":133.727524,"z":56.68427}', '{"x":0.0208278354,"y":0.495804,"z":272.0495}', 1, 1, 100),
	(227, '5', 'GAZ03', 'mower', '{"x":-1358.2594,"y":137.058578,"z":56.68343}', '{"x":-0.0554131232,"y":0.6302744,"z":274.563049}', 43, 0, 100),
	(228, '5', 'GAZ04', 'mower', '{"x":-1358.6377,"y":140.48941,"z":56.68284}', '{"x":-0.0470667072,"y":0.6465371,"z":274.2261}', 43, 0, 100),
	(229, '5', 'GAZ05', 'mower', '{"x":-1343.90955,"y":139.237,"z":56.6815262}', '{"x":0.129226774,"y":-0.559241235,"z":93.25952}', 39, 0, 100),
	(230, '5', 'GAZ06', 'mower', '{"x":-1343.69617,"y":135.679123,"z":56.68146}', '{"x":-0.239567414,"y":-0.61730963,"z":95.0296}', 39, 0, 100),
	(231, '5', 'GAZ07', 'mower', '{"x":-1343.25171,"y":131.737518,"z":56.67501}', '{"x":0.0551014133,"y":-0.265569955,"z":92.26462}', 131, 0, 100),
	(232, '5', 'GAZ08', 'mower', '{"x":-1342.99817,"y":127.272041,"z":56.67593}', '{"x":0.006375648,"y":-0.184658453,"z":91.43756}', 131, 0, 100),
	(233, '5', 'GAZ09', 'mower', '{"x":-1343.02673,"y":105.977791,"z":56.57476}', '{"x":-2.56347322,"y":0.6609318,"z":276.062775}', 131, 0, 100),
	(234, '5', 'GAZ10', 'mower', '{"x":-1342.60522,"y":102.962105,"z":56.44743}', '{"x":-1.175489,"y":0.0113552846,"z":275.647644}', 43, 0, 100),
	(235, '5', 'GAZ11', 'mower', '{"x":-1342.333,"y":99.87406,"z":56.3436661}', '{"x":-4.98571,"y":-0.125623688,"z":274.150665}', 99, 0, 100),
	(236, '5', 'GAZ12', 'mower', '{"x":-1342.15637,"y":96.88628,"z":56.0971336}', '{"x":-5.06430674,"y":-0.174276888,"z":274.481445}', 100, 0, 100),
	(237, '5', 'GAZ13', 'mower', '{"x":-1341.925,"y":93.77123,"z":55.8395348}', '{"x":-4.997401,"y":-0.208105281,"z":275.7525}', 9, 0, 100),
	(238, '5', 'GAZ14', 'mower', '{"x":-1341.61719,"y":91.17782,"z":55.608448}', '{"x":-5.799922,"y":-0.371354759,"z":270.696075}', 1, 0, 100),
	(239, '5', 'GAZ15', 'mower', '{"x":-1341.35291,"y":88.44381,"z":55.3458481}', '{"x":-5.77961874,"y":-0.154441267,"z":273.797424}', 120, 0, 100),
	(240, '5', 'GAZ16', 'mower', '{"x":-1341.38965,"y":84.76546,"z":54.9961128}', '{"x":-5.76370573,"y":-0.173462853,"z":277.918152}', 126, 0, 100),
	(241, '0', 'AR01', 'prairie', '{"x":-472.943481,"y":-222.503418,"z":36.84289}', '{"x":-1.25100791,"y":-0.6552962,"z":246.27594}', 43, 0, 2000),
	(242, '0', 'AR02', 'surge', '{"x":-474.970032,"y":-219.239761,"z":37.07988}', '{"x":-1.27434564,"y":-0.65513736,"z":259.4229}', 1, 0, 2000),
	(243, '0', 'AR03', 'stratum', '{"x":-476.400024,"y":-216.228485,"z":36.8603554}', '{"x":-1.29191732,"y":-0.719520748,"z":264.755829}', 1, 0, 2000),
	(244, '0', 'AR04', 'stanier', '{"x":-478.273651,"y":-213.238968,"z":37.1546974}', '{"x":-1.28511631,"y":-0.71497196,"z":263.4848}', 1, 0, 2000),
	(246, '0', 'AR05', 'stanier', '{"x":-505.0467,"y":44.0886955,"z":57.185482}', '{"x":0.0440711044,"y":1.12672853,"z":267.766418}', 1, 0, 2000),
	(247, '0', 'AR06', 'stanier', '{"x":-504.7915,"y":47.73199,"z":57.1851463}', '{"x":-0.0688355938,"y":0.952471256,"z":270.293365}', 1, 0, 2000),
	(248, '0', 'AR07', 'premier', '{"x":-504.544556,"y":51.12071,"z":57.0090256}', '{"x":-0.0058325245,"y":-0.0751192,"z":265.412048}', 1, 0, 2000),
	(249, '0', 'AR08', 'premier', '{"x":-504.044,"y":54.4398842,"z":57.008934}', '{"x":0.008619568,"y":0.101619996,"z":265.197327}', 1, 0, 2000),
	(250, '0', 'AR09', 'ingot', '{"x":-503.355774,"y":57.9301567,"z":57.16537}', '{"x":0.000466795755,"y":0.0196843818,"z":265.654572}', 1, 0, 2000),
	(251, '0', 'AR10', 'ingot', '{"x":-503.153961,"y":61.3303223,"z":57.1658363}', '{"x":-0.000102362348,"y":-0.0003713056,"z":265.2063}', 1, 0, 2000),
	(252, '0', 'AR11', 'asea', '{"x":-502.894928,"y":64.74527,"z":57.06241}', '{"x":-0.0192428883,"y":-0.0418625958,"z":265.6438}', 1, 0, 2000),
	(253, '0', 'AR12', 'blista2', '{"x":-502.6176,"y":68.22436,"z":56.9995766}', '{"x":-0.0137555823,"y":0.04753043,"z":263.421722}', 1, 0, 2000),
	(254, '0', 'AR13', 'enduro', '{"x":-530.4197,"y":30.2521648,"z":53.0464668}', '{"x":1.33957374,"y":14.9427195,"z":354.2739}', 1, 0, 2000),
	(255, '0', 'AR14', 'manchez', '{"x":-526.5997,"y":29.7867336,"z":53.0415077}', '{"x":0.915688038,"y":14.9972239,"z":353.236755}', 1, 0, 2000),
	(256, '0', 'AR15', 'akuma', '{"x":-522.836548,"y":29.5372734,"z":53.08862}', '{"x":0.3379635,"y":15.005868,"z":356.6411}', 111, 0, 2000),
	(257, '0', 'AR16', 'hakuchou', '{"x":-519.295,"y":29.4459324,"z":53.0941238}', '{"x":0.169871658,"y":10.8522272,"z":357.63147}', 111, 0, 2000),
	(258, '0', 'AR17', 'buffalo', '{"x":-537.1652,"y":37.43016,"z":53.20078}', '{"x":-0.0637904555,"y":0.009926629,"z":266.2094}', 1, 0, 2000),
	(259, '0', 'AR18', 'tailgate', '{"x":-536.760254,"y":40.8085747,"z":53.22186}', '{"x":0.0127755934,"y":0.0440006144,"z":265.517517}', 1, 0, 2000),
	(260, '0', 'AR18', 'oracle2', '{"x":-536.472839,"y":44.14129,"z":53.371273}', '{"x":0.107052989,"y":-0.336726427,"z":268.086029}', 1, 0, 2000),
	(261, '0', 'AR19', 'stanier', '{"x":-534.6788,"y":61.42742,"z":53.1839447}', '{"x":0.0278947316,"y":0.021724008,"z":266.261169}', 1, 0, 2000),
	(262, '0', 'AR20', 'felon', '{"x":-534.99646,"y":58.10639,"z":53.27198}', '{"x":-0.0523566,"y":0.0319954343,"z":264.395325}', 1, 0, 2000),
	(263, '0', 'AR21', 'zion', '{"x":-535.3155,"y":54.542366,"z":52.9711761}', '{"x":-0.088592425,"y":0.000940005935,"z":269.3785}', 1, 0, 2000),
	(264, '0', 'AR23', 'sentinel', '{"x":-535.359436,"y":51.21199,"z":52.96037}', '{"x":-0.16625452,"y":0.137573689,"z":264.075043}', 1, 0, 2000),
	(265, '0', 'AR24', 'rancherx', '{"x":-521.849365,"y":52.5781136,"z":53.21533}', '{"x":0.09834869,"y":-0.06175883,"z":85.313324}', 111, 0, 2000),
	(266, '0', 'AR25', 'radi', '{"x":-522.278137,"y":45.9810562,"z":53.1128426}', '{"x":0.115162991,"y":-0.127247378,"z":86.54205}', 111, 0, 2000),
	(267, '0', 'AR26', 'stratum', '{"x":-520.6373,"y":66.37899,"z":52.9971924}', '{"x":-0.2596603,"y":-0.422002256,"z":84.20569}', 111, 0, 2000),
	(268, '0', 'AR27', 'premier', '{"x":-509.949127,"y":62.14061,"z":53.0946045}', '{"x":0.0443752557,"y":-0.06328908,"z":84.558075}', 111, 0, 2000),
	(269, '0', 'AR28', 'seminole', '{"x":-510.7933,"y":55.3500862,"z":53.0471878}', '{"x":0.0853127,"y":-0.11123462,"z":82.7007751}', 111, 0, 2000),
	(270, '0', 'AR29', 'primo', '{"x":-494.960419,"y":50.7454834,"z":53.11169}', '{"x":0.07470807,"y":-0.0724209,"z":85.92438}', 111, 0, 2000),
	(271, '0', 'AR30', 'asea', '{"x":-494.5276,"y":57.5900421,"z":53.148674}', '{"x":0.107126758,"y":-0.03246011,"z":85.73117}', 111, 0, 2000);
/*!40000 ALTER TABLE `othervehicles` ENABLE KEYS */;

-- Дамп структуры для таблица iteffa.promocodes
CREATE TABLE IF NOT EXISTS `promocodes` (
  `name` text NOT NULL,
  `type` int(155) NOT NULL,
  `count` int(155) NOT NULL,
  `owner` int(155) NOT NULL,
  `idkey` int(11) NOT NULL AUTO_INCREMENT,
  PRIMARY KEY (`idkey`)
) ENGINE=InnoDB DEFAULT CHARSET=utf8;

-- Дамп данных таблицы iteffa.promocodes: ~0 rows (приблизительно)
/*!40000 ALTER TABLE `promocodes` DISABLE KEYS */;
/*!40000 ALTER TABLE `promocodes` ENABLE KEYS */;

-- Дамп структуры для таблица iteffa.questions
CREATE TABLE IF NOT EXISTS `questions` (
  `ID` int(12) unsigned NOT NULL AUTO_INCREMENT,
  `Author` text NOT NULL,
  `Question` text CHARACTER SET utf8 COLLATE utf8_bin NOT NULL,
  `Respondent` text,
  `Response` text CHARACTER SET utf8 COLLATE utf8_bin,
  `Opened` datetime NOT NULL,
  `Closed` datetime DEFAULT NULL,
  `Status` tinyint(4) DEFAULT '0',
  PRIMARY KEY (`ID`)
) ENGINE=InnoDB DEFAULT CHARSET=latin1;

-- Дамп данных таблицы iteffa.questions: ~0 rows (приблизительно)
/*!40000 ALTER TABLE `questions` DISABLE KEYS */;
/*!40000 ALTER TABLE `questions` ENABLE KEYS */;

-- Дамп структуры для таблица iteffa.rodings
CREATE TABLE IF NOT EXISTS `rodings` (
  `id` int(11) NOT NULL,
  `radius` varchar(255) DEFAULT NULL,
  `pos` varchar(255) NOT NULL,
  PRIMARY KEY (`id`) USING BTREE
) ENGINE=InnoDB DEFAULT CHARSET=utf8 ROW_FORMAT=DYNAMIC;

-- Дамп данных таблицы iteffa.rodings: ~0 rows (приблизительно)
/*!40000 ALTER TABLE `rodings` DISABLE KEYS */;
/*!40000 ALTER TABLE `rodings` ENABLE KEYS */;

-- Дамп структуры для таблица iteffa.safes
CREATE TABLE IF NOT EXISTS `safes` (
  `minamount` int(155) NOT NULL,
  `maxamount` int(155) NOT NULL,
  `pos` text NOT NULL,
  `address` text NOT NULL,
  `rotation` int(11) NOT NULL,
  `idkey` int(11) NOT NULL AUTO_INCREMENT,
  PRIMARY KEY (`idkey`)
) ENGINE=InnoDB DEFAULT CHARSET=utf8;

-- Дамп данных таблицы iteffa.safes: ~0 rows (приблизительно)
/*!40000 ALTER TABLE `safes` DISABLE KEYS */;
/*!40000 ALTER TABLE `safes` ENABLE KEYS */;

-- Дамп структуры для таблица iteffa.vehicles
CREATE TABLE IF NOT EXISTS `vehicles` (
  `holder` varchar(155) NOT NULL,
  `model` varchar(155) NOT NULL,
  `health` int(155) NOT NULL,
  `fuel` int(155) NOT NULL,
  `components` text NOT NULL,
  `items` text NOT NULL,
  `position` varchar(255) DEFAULT '0',
  `rotation` varchar(255) DEFAULT '0',
  `keynum` int(155) NOT NULL DEFAULT '0',
  `dirt` float NOT NULL DEFAULT '0',
  `price` int(155) NOT NULL,
  `idkey` int(155) NOT NULL AUTO_INCREMENT,
  `number` varchar(155) NOT NULL,
  PRIMARY KEY (`idkey`)
) ENGINE=InnoDB DEFAULT CHARSET=utf8;

-- Дамп данных таблицы iteffa.vehicles: ~0 rows (приблизительно)
/*!40000 ALTER TABLE `vehicles` DISABLE KEYS */;
/*!40000 ALTER TABLE `vehicles` ENABLE KEYS */;

-- Дамп структуры для таблица iteffa.weapons
CREATE TABLE IF NOT EXISTS `weapons` (
  `id` varchar(155) NOT NULL,
  `lastserial` varchar(155) NOT NULL,
  PRIMARY KEY (`id`)
) ENGINE=InnoDB DEFAULT CHARSET=utf8;

-- Дамп данных таблицы iteffa.weapons: ~0 rows (приблизительно)
/*!40000 ALTER TABLE `weapons` DISABLE KEYS */;
/*!40000 ALTER TABLE `weapons` ENABLE KEYS */;

-- Дамп структуры для таблица iteffa.whitelist
CREATE TABLE IF NOT EXISTS `whitelist` (
  `id` int(11) NOT NULL AUTO_INCREMENT,
  `socialclub` text NOT NULL,
  PRIMARY KEY (`id`)
) ENGINE=InnoDB DEFAULT CHARSET=utf8mb4;

-- Дамп данных таблицы iteffa.whitelist: ~0 rows (приблизительно)
/*!40000 ALTER TABLE `whitelist` DISABLE KEYS */;
/*!40000 ALTER TABLE `whitelist` ENABLE KEYS */;

/*!40101 SET SQL_MODE=IFNULL(@OLD_SQL_MODE, '') */;
/*!40014 SET FOREIGN_KEY_CHECKS=IF(@OLD_FOREIGN_KEY_CHECKS IS NULL, 1, @OLD_FOREIGN_KEY_CHECKS) */;
/*!40101 SET CHARACTER_SET_CLIENT=@OLD_CHARACTER_SET_CLIENT */;
