-- --------------------------------------------------------
-- Хост:                         62.109.3.40
-- Версия сервера:               10.3.25-MariaDB-0+deb10u1 - Debian 10
-- Операционная система:         debian-linux-gnu
-- HeidiSQL Версия:              11.0.0.5919
-- --------------------------------------------------------

/*!40101 SET @OLD_CHARACTER_SET_CLIENT=@@CHARACTER_SET_CLIENT */;
/*!40101 SET NAMES utf8 */;
/*!50503 SET NAMES utf8mb4 */;
/*!40014 SET @OLD_FOREIGN_KEY_CHECKS=@@FOREIGN_KEY_CHECKS, FOREIGN_KEY_CHECKS=0 */;
/*!40101 SET @OLD_SQL_MODE=@@SQL_MODE, SQL_MODE='NO_AUTO_VALUE_ON_ZERO' */;


-- Дамп структуры базы данных iteffa
CREATE DATABASE IF NOT EXISTS `iteffa` /*!40100 DEFAULT CHARACTER SET utf8 */;
USE `iteffa`;

-- Дамп структуры для таблица iteffa.accounts
CREATE TABLE IF NOT EXISTS `accounts` (
  `socialclub` text NOT NULL,
  `login` varchar(155) NOT NULL,
  `hwid` varchar(155) NOT NULL,
  `coins` varchar(155) NOT NULL,
  `ip` varchar(155) NOT NULL,
  `character1` varchar(155) NOT NULL,
  `character2` varchar(155) NOT NULL,
  `character3` varchar(155) NOT NULL,
  `email` varchar(155) NOT NULL,
  `password` varchar(155) NOT NULL,
  `viplvl` varchar(155) NOT NULL,
  `vipdate` datetime NOT NULL,
  `promocodes` varchar(155) NOT NULL,
  `present` tinyint(1) NOT NULL DEFAULT 0,
  `idkey` int(11) NOT NULL AUTO_INCREMENT,
  PRIMARY KEY (`idkey`)
) ENGINE=InnoDB AUTO_INCREMENT=3 DEFAULT CHARSET=utf8;

-- Дамп данных таблицы iteffa.accounts: ~1 rows (приблизительно)
/*!40000 ALTER TABLE `accounts` DISABLE KEYS */;
INSERT INTO `accounts` (`socialclub`, `login`, `hwid`, `coins`, `ip`, `character1`, `character2`, `character3`, `email`, `password`, `viplvl`, `vipdate`, `promocodes`, `present`, `idkey`) VALUES
	('Jack_Brawn', 'iteffa', 'D8903A045B0CF9583F6A16A8B6C0D010B9185770C6F4563889F018C8DD223EE06BEEF3480614E080D9BA64BCBC4472E07D1208A056B6E970C77E9D7C7A7C9280', '0', '194.28.4.19', '333333', '-1', '-2', 'w-earnings@hotmail.com', '69e9e1e1c72d179485296e250982e9cb9e8318e81089cb0812d9caed5a0c89c1', '0', '2020-11-26 09:04:29', '["noref"]', 0, 1);
/*!40000 ALTER TABLE `accounts` ENABLE KEYS */;

-- Дамп структуры для таблица iteffa.adminaccess
CREATE TABLE IF NOT EXISTS `adminaccess` (
  `minrank` int(11) NOT NULL,
  `command` varchar(155) NOT NULL,
  `isadmin` tinyint(1) NOT NULL,
  `idkey` int(11) NOT NULL AUTO_INCREMENT,
  PRIMARY KEY (`idkey`)
) ENGINE=InnoDB AUTO_INCREMENT=10 DEFAULT CHARSET=utf8;

-- Дамп данных таблицы iteffa.adminaccess: ~9 rows (приблизительно)
/*!40000 ALTER TABLE `adminaccess` DISABLE KEYS */;
INSERT INTO `adminaccess` (`minrank`, `command`, `isadmin`, `idkey`) VALUES
	(7, 'vehc', 1, 1),
	(7, 'kill', 1, 2),
	(7, 'hp', 1, 3),
	(7, 'newjobveh', 1, 4),
	(7, 'tpc', 1, 5),
	(7, 'save', 1, 6),
	(7, 'delacar', 1, 7),
	(7, 'delacars', 1, 8),
	(7, 'createbusiness', 1, 9);
/*!40000 ALTER TABLE `adminaccess` ENABLE KEYS */;

-- Дамп структуры для таблица iteffa.advertised
CREATE TABLE IF NOT EXISTS `advertised` (
  `ID` int(12) unsigned NOT NULL AUTO_INCREMENT,
  `Author` varchar(40) NOT NULL,
  `AuthorSIM` int(11) NOT NULL,
  `AD` varchar(150) CHARACTER SET utf8 COLLATE utf8_bin NOT NULL,
  `Editor` varchar(40) DEFAULT NULL,
  `EditedAD` varchar(150) CHARACTER SET utf8 COLLATE utf8_bin DEFAULT NULL,
  `Opened` datetime NOT NULL,
  `Closed` datetime DEFAULT NULL,
  `Status` tinyint(4) DEFAULT 0,
  PRIMARY KEY (`ID`)
) ENGINE=InnoDB DEFAULT CHARSET=latin1;

-- Дамп данных таблицы iteffa.advertised: ~0 rows (приблизительно)
/*!40000 ALTER TABLE `advertised` DISABLE KEYS */;
/*!40000 ALTER TABLE `advertised` ENABLE KEYS */;

-- Дамп структуры для таблица iteffa.alcoclubs
CREATE TABLE IF NOT EXISTS `alcoclubs` (
  `id` int(155) NOT NULL,
  `alco1` int(155) NOT NULL,
  `alco2` int(155) NOT NULL,
  `alco3` int(155) NOT NULL,
  `pricemod` varchar(155) NOT NULL,
  `mats` int(155) NOT NULL,
  PRIMARY KEY (`id`)
) ENGINE=InnoDB DEFAULT CHARSET=utf8;

-- Дамп данных таблицы iteffa.alcoclubs: ~4 rows (приблизительно)
/*!40000 ALTER TABLE `alcoclubs` DISABLE KEYS */;
INSERT INTO `alcoclubs` (`id`, `alco1`, `alco2`, `alco3`, `pricemod`, `mats`) VALUES
	(10, 1000, 3000, 5000, '100', 100000),
	(11, 1000, 3000, 5000, '100', 100000),
	(12, 1000, 3000, 5000, '100', 100000),
	(13, 1000, 3000, 5000, '100', 100000);
/*!40000 ALTER TABLE `alcoclubs` ENABLE KEYS */;

-- Дамп структуры для таблица iteffa.banned
CREATE TABLE IF NOT EXISTS `banned` (
  `uuid` int(155) NOT NULL,
  `name` text NOT NULL,
  `account` text NOT NULL,
  `time` varchar(155) NOT NULL,
  `until` varchar(155) NOT NULL,
  `ishard` bigint(155) NOT NULL,
  `ip` varchar(155) NOT NULL,
  `socialclub` text NOT NULL,
  `hwid` varchar(155) NOT NULL,
  `reason` text NOT NULL,
  `byadmin` text NOT NULL,
  PRIMARY KEY (`uuid`)
) ENGINE=InnoDB DEFAULT CHARSET=utf8;

-- Дамп данных таблицы iteffa.banned: ~0 rows (приблизительно)
/*!40000 ALTER TABLE `banned` DISABLE KEYS */;
/*!40000 ALTER TABLE `banned` ENABLE KEYS */;

-- Дамп структуры для таблица iteffa.businesses
CREATE TABLE IF NOT EXISTS `businesses` (
  `id` int(255) NOT NULL,
  `owner` text NOT NULL,
  `sellprice` text NOT NULL,
  `type` text NOT NULL,
  `products` text NOT NULL,
  `enterpoint` text NOT NULL,
  `unloadpoint` text NOT NULL,
  `money` text NOT NULL,
  `mafia` text NOT NULL,
  `orders` text NOT NULL,
  PRIMARY KEY (`id`)
) ENGINE=InnoDB DEFAULT CHARSET=utf8mb4;

-- Дамп данных таблицы iteffa.businesses: ~77 rows (приблизительно)
/*!40000 ALTER TABLE `businesses` DISABLE KEYS */;
INSERT INTO `businesses` (`id`, `owner`, `sellprice`, `type`, `products`, `enterpoint`, `unloadpoint`, `money`, `mafia`, `orders`) VALUES
	(0, 'Государство', '1000000', '0', '[{"Price":100,"Lefts":0,"Autosell":1,"Name":"Бургер","Ordered":true},{"Price":60,"Lefts":0,"Autosell":1,"Name":"Хот-Дог","Ordered":true},{"Price":30,"Lefts":0,"Autosell":1,"Name":"Сэндвич","Ordered":true},{"Price":20,"Lefts":0,"Autosell":1,"Name":"eCola","Ordered":true},{"Price":30,"Lefts":0,"Autosell":1,"Name":"Sprunk","Ordered":true},{"Price":200,"Lefts":0,"Autosell":1,"Name":"Монтировка","Ordered":true},{"Price":240,"Lefts":0,"Autosell":1,"Name":"Фонарик","Ordered":true},{"Price":200,"Lefts":0,"Autosell":1,"Name":"Молоток","Ordered":true},{"Price":200,"Lefts":0,"Autosell":1,"Name":"Гаечный ключ","Ordered":true},{"Price":120,"Lefts":0,"Autosell":1,"Name":"Канистра бензина","Ordered":true},{"Price":60,"Lefts":0,"Autosell":1,"Name":"Чипсы","Ordered":true},{"Price":100,"Lefts":0,"Autosell":1,"Name":"Пицца","Ordered":true},{"Price":200,"Lefts":0,"Autosell":1,"Name":"Сим-карта","Ordered":true},{"Price":200,"Lefts":0,"Autosell":1,"Name":"Связка ключей","Ordered":true}]', '{"x":1163.3069,"y":-324.0096,"z":68.08507}', '{"x":0.0,"y":0.0,"z":0.0}', '898416', '-1', '[{"Name":"Бургер","Amount":25},{"Name":"Хот-Дог","Amount":10},{"Name":"Сэндвич","Amount":10},{"Name":"eCola","Amount":10},{"Name":"Sprunk","Amount":10},{"Name":"Монтировка","Amount":5},{"Name":"Фонарик","Amount":5},{"Name":"Молоток","Amount":5},{"Name":"Гаечный ключ","Amount":5},{"Name":"Канистра бензина","Amount":5},{"Name":"Чипсы","Amount":5},{"Name":"Пицца","Amount":5},{"Name":"Сим-карта","Amount":5},{"Name":"Связка ключей","Amount":5}]'),
	(1, 'Государство', '1000000', '0', '[{"Price":100,"Lefts":0,"Autosell":1,"Name":"Бургер","Ordered":true},{"Price":60,"Lefts":0,"Autosell":1,"Name":"Хот-Дог","Ordered":true},{"Price":30,"Lefts":0,"Autosell":1,"Name":"Сэндвич","Ordered":true},{"Price":20,"Lefts":0,"Autosell":1,"Name":"eCola","Ordered":true},{"Price":30,"Lefts":0,"Autosell":1,"Name":"Sprunk","Ordered":true},{"Price":200,"Lefts":0,"Autosell":1,"Name":"Монтировка","Ordered":true},{"Price":240,"Lefts":0,"Autosell":1,"Name":"Фонарик","Ordered":true},{"Price":200,"Lefts":0,"Autosell":1,"Name":"Молоток","Ordered":true},{"Price":200,"Lefts":0,"Autosell":1,"Name":"Гаечный ключ","Ordered":true},{"Price":120,"Lefts":0,"Autosell":1,"Name":"Канистра бензина","Ordered":true},{"Price":60,"Lefts":0,"Autosell":1,"Name":"Чипсы","Ordered":true},{"Price":100,"Lefts":0,"Autosell":1,"Name":"Пицца","Ordered":true},{"Price":200,"Lefts":0,"Autosell":1,"Name":"Сим-карта","Ordered":true},{"Price":200,"Lefts":0,"Autosell":1,"Name":"Связка ключей","Ordered":true}]', '{"x":1136.2753,"y":-982.7283,"z":45.29585}', '{"x":0.0,"y":0.0,"z":0.0}', '843370', '-1', '[{"Name":"Бургер","Amount":25},{"Name":"Хот-Дог","Amount":10},{"Name":"Сэндвич","Amount":10},{"Name":"eCola","Amount":10},{"Name":"Sprunk","Amount":10},{"Name":"Монтировка","Amount":5},{"Name":"Фонарик","Amount":5},{"Name":"Молоток","Amount":5},{"Name":"Гаечный ключ","Amount":5},{"Name":"Канистра бензина","Amount":5},{"Name":"Чипсы","Amount":5},{"Name":"Пицца","Amount":5},{"Name":"Сим-карта","Amount":5},{"Name":"Связка ключей","Amount":5}]'),
	(2, 'Государство', '1000000', '0', '[{"Price":100,"Lefts":0,"Autosell":1,"Name":"Бургер","Ordered":true},{"Price":60,"Lefts":0,"Autosell":1,"Name":"Хот-Дог","Ordered":true},{"Price":30,"Lefts":0,"Autosell":1,"Name":"Сэндвич","Ordered":true},{"Price":20,"Lefts":0,"Autosell":1,"Name":"eCola","Ordered":true},{"Price":30,"Lefts":0,"Autosell":1,"Name":"Sprunk","Ordered":true},{"Price":200,"Lefts":0,"Autosell":1,"Name":"Монтировка","Ordered":true},{"Price":240,"Lefts":0,"Autosell":1,"Name":"Фонарик","Ordered":true},{"Price":200,"Lefts":0,"Autosell":1,"Name":"Молоток","Ordered":true},{"Price":200,"Lefts":0,"Autosell":1,"Name":"Гаечный ключ","Ordered":true},{"Price":120,"Lefts":0,"Autosell":1,"Name":"Канистра бензина","Ordered":true},{"Price":60,"Lefts":0,"Autosell":1,"Name":"Чипсы","Ordered":true},{"Price":100,"Lefts":0,"Autosell":1,"Name":"Пицца","Ordered":true},{"Price":200,"Lefts":0,"Autosell":1,"Name":"Сим-карта","Ordered":true},{"Price":200,"Lefts":0,"Autosell":1,"Name":"Связка ключей","Ordered":true}]', '{"x":-3041.2058,"y":585.60535,"z":6.7889295}', '{"x":0.0,"y":0.0,"z":0.0}', '489322', '-1', '[{"Name":"Бургер","Amount":25},{"Name":"Хот-Дог","Amount":10},{"Name":"Сэндвич","Amount":10},{"Name":"eCola","Amount":10},{"Name":"Sprunk","Amount":10},{"Name":"Монтировка","Amount":5},{"Name":"Фонарик","Amount":5},{"Name":"Молоток","Amount":5},{"Name":"Гаечный ключ","Amount":5},{"Name":"Канистра бензина","Amount":5},{"Name":"Чипсы","Amount":5},{"Name":"Пицца","Amount":5},{"Name":"Сим-карта","Amount":5},{"Name":"Связка ключей","Amount":5}]'),
	(3, 'Государство', '1000000', '0', '[{"Price":100,"Lefts":0,"Autosell":1,"Name":"Бургер","Ordered":true},{"Price":60,"Lefts":0,"Autosell":1,"Name":"Хот-Дог","Ordered":true},{"Price":30,"Lefts":0,"Autosell":1,"Name":"Сэндвич","Ordered":true},{"Price":20,"Lefts":0,"Autosell":1,"Name":"eCola","Ordered":true},{"Price":30,"Lefts":0,"Autosell":1,"Name":"Sprunk","Ordered":true},{"Price":200,"Lefts":0,"Autosell":1,"Name":"Монтировка","Ordered":true},{"Price":240,"Lefts":0,"Autosell":1,"Name":"Фонарик","Ordered":true},{"Price":200,"Lefts":0,"Autosell":1,"Name":"Молоток","Ordered":true},{"Price":200,"Lefts":0,"Autosell":1,"Name":"Гаечный ключ","Ordered":true},{"Price":120,"Lefts":0,"Autosell":1,"Name":"Канистра бензина","Ordered":true},{"Price":60,"Lefts":0,"Autosell":1,"Name":"Чипсы","Ordered":true},{"Price":100,"Lefts":0,"Autosell":1,"Name":"Пицца","Ordered":true},{"Price":200,"Lefts":0,"Autosell":1,"Name":"Сим-карта","Ordered":true},{"Price":200,"Lefts":0,"Autosell":1,"Name":"Связка ключей","Ordered":true}]', '{"x":-3243.9524,"y":1001.71875,"z":11.710706}', '{"x":0.0,"y":0.0,"z":0.0}', '462259', '-1', '[{"Name":"Бургер","Amount":25},{"Name":"Хот-Дог","Amount":10},{"Name":"Сэндвич","Amount":10},{"Name":"eCola","Amount":10},{"Name":"Sprunk","Amount":10},{"Name":"Монтировка","Amount":5},{"Name":"Фонарик","Amount":5},{"Name":"Молоток","Amount":5},{"Name":"Гаечный ключ","Amount":5},{"Name":"Канистра бензина","Amount":5},{"Name":"Чипсы","Amount":5},{"Name":"Пицца","Amount":5},{"Name":"Сим-карта","Amount":5},{"Name":"Связка ключей","Amount":5}]'),
	(4, 'Государство', '1000000', '0', '[{"Price":100,"Lefts":0,"Autosell":1,"Name":"Бургер","Ordered":true},{"Price":60,"Lefts":0,"Autosell":1,"Name":"Хот-Дог","Ordered":true},{"Price":30,"Lefts":0,"Autosell":1,"Name":"Сэндвич","Ordered":true},{"Price":20,"Lefts":0,"Autosell":1,"Name":"eCola","Ordered":true},{"Price":30,"Lefts":0,"Autosell":1,"Name":"Sprunk","Ordered":true},{"Price":200,"Lefts":0,"Autosell":1,"Name":"Монтировка","Ordered":true},{"Price":240,"Lefts":0,"Autosell":1,"Name":"Фонарик","Ordered":true},{"Price":200,"Lefts":0,"Autosell":1,"Name":"Молоток","Ordered":true},{"Price":200,"Lefts":0,"Autosell":1,"Name":"Гаечный ключ","Ordered":true},{"Price":120,"Lefts":0,"Autosell":1,"Name":"Канистра бензина","Ordered":true},{"Price":60,"Lefts":0,"Autosell":1,"Name":"Чипсы","Ordered":true},{"Price":100,"Lefts":0,"Autosell":1,"Name":"Пицца","Ordered":true},{"Price":200,"Lefts":0,"Autosell":1,"Name":"Сим-карта","Ordered":true},{"Price":200,"Lefts":0,"Autosell":1,"Name":"Связка ключей","Ordered":true}]', '{"x":1730.0553,"y":6416.07,"z":33.917225}', '{"x":0.0,"y":0.0,"z":0.0}', '431857', '-1', '[{"Name":"Бургер","Amount":25},{"Name":"Хот-Дог","Amount":10},{"Name":"Сэндвич","Amount":10},{"Name":"eCola","Amount":10},{"Name":"Sprunk","Amount":10},{"Name":"Монтировка","Amount":5},{"Name":"Фонарик","Amount":5},{"Name":"Молоток","Amount":5},{"Name":"Гаечный ключ","Amount":5},{"Name":"Канистра бензина","Amount":5},{"Name":"Чипсы","Amount":5},{"Name":"Пицца","Amount":5},{"Name":"Сим-карта","Amount":5},{"Name":"Связка ключей","Amount":5}]'),
	(5, 'Государство', '1000000', '0', '[{"Price":100,"Lefts":0,"Autosell":1,"Name":"Бургер","Ordered":true},{"Price":60,"Lefts":0,"Autosell":1,"Name":"Хот-Дог","Ordered":true},{"Price":30,"Lefts":0,"Autosell":1,"Name":"Сэндвич","Ordered":true},{"Price":20,"Lefts":0,"Autosell":1,"Name":"eCola","Ordered":true},{"Price":30,"Lefts":0,"Autosell":1,"Name":"Sprunk","Ordered":true},{"Price":200,"Lefts":0,"Autosell":1,"Name":"Монтировка","Ordered":true},{"Price":240,"Lefts":0,"Autosell":1,"Name":"Фонарик","Ordered":true},{"Price":200,"Lefts":0,"Autosell":1,"Name":"Молоток","Ordered":true},{"Price":200,"Lefts":0,"Autosell":1,"Name":"Гаечный ключ","Ordered":true},{"Price":120,"Lefts":0,"Autosell":1,"Name":"Канистра бензина","Ordered":true},{"Price":60,"Lefts":0,"Autosell":1,"Name":"Чипсы","Ordered":true},{"Price":100,"Lefts":0,"Autosell":1,"Name":"Пицца","Ordered":true},{"Price":200,"Lefts":0,"Autosell":1,"Name":"Сим-карта","Ordered":true},{"Price":200,"Lefts":0,"Autosell":1,"Name":"Связка ключей","Ordered":true}]', '{"x":1393.9901,"y":3605.1226,"z":33.86089}', '{"x":0.0,"y":0.0,"z":0.0}', '958055', '-1', '[{"Name":"Бургер","Amount":25},{"Name":"Хот-Дог","Amount":10},{"Name":"Сэндвич","Amount":10},{"Name":"eCola","Amount":10},{"Name":"Sprunk","Amount":10},{"Name":"Монтировка","Amount":5},{"Name":"Фонарик","Amount":5},{"Name":"Молоток","Amount":5},{"Name":"Гаечный ключ","Amount":5},{"Name":"Канистра бензина","Amount":5},{"Name":"Чипсы","Amount":5},{"Name":"Пицца","Amount":5},{"Name":"Сим-карта","Amount":5},{"Name":"Связка ключей","Amount":5}]'),
	(6, 'Государство', '1000000', '0', '[{"Price":100,"Lefts":0,"Autosell":1,"Name":"Бургер","Ordered":true},{"Price":60,"Lefts":0,"Autosell":1,"Name":"Хот-Дог","Ordered":true},{"Price":30,"Lefts":0,"Autosell":1,"Name":"Сэндвич","Ordered":true},{"Price":20,"Lefts":0,"Autosell":1,"Name":"eCola","Ordered":true},{"Price":30,"Lefts":0,"Autosell":1,"Name":"Sprunk","Ordered":true},{"Price":200,"Lefts":0,"Autosell":1,"Name":"Монтировка","Ordered":true},{"Price":240,"Lefts":0,"Autosell":1,"Name":"Фонарик","Ordered":true},{"Price":200,"Lefts":0,"Autosell":1,"Name":"Молоток","Ordered":true},{"Price":200,"Lefts":0,"Autosell":1,"Name":"Гаечный ключ","Ordered":true},{"Price":120,"Lefts":0,"Autosell":1,"Name":"Канистра бензина","Ordered":true},{"Price":60,"Lefts":0,"Autosell":1,"Name":"Чипсы","Ordered":true},{"Price":100,"Lefts":0,"Autosell":1,"Name":"Пицца","Ordered":true},{"Price":200,"Lefts":0,"Autosell":1,"Name":"Сим-карта","Ordered":true},{"Price":200,"Lefts":0,"Autosell":1,"Name":"Связка ключей","Ordered":true}]', '{"x":547.721,"y":2669.3342,"z":41.0365}', '{"x":0.0,"y":0.0,"z":0.0}', '153477', '-1', '[{"Name":"Бургер","Amount":25},{"Name":"Хот-Дог","Amount":10},{"Name":"Сэндвич","Amount":10},{"Name":"eCola","Amount":10},{"Name":"Sprunk","Amount":10},{"Name":"Монтировка","Amount":5},{"Name":"Фонарик","Amount":5},{"Name":"Молоток","Amount":5},{"Name":"Гаечный ключ","Amount":5},{"Name":"Канистра бензина","Amount":5},{"Name":"Чипсы","Amount":5},{"Name":"Пицца","Amount":5},{"Name":"Сим-карта","Amount":5},{"Name":"Связка ключей","Amount":5}]'),
	(7, 'Государство', '1000000', '0', '[{"Price":100,"Lefts":0,"Autosell":1,"Name":"Бургер","Ordered":true},{"Price":60,"Lefts":0,"Autosell":1,"Name":"Хот-Дог","Ordered":true},{"Price":30,"Lefts":0,"Autosell":1,"Name":"Сэндвич","Ordered":true},{"Price":20,"Lefts":0,"Autosell":1,"Name":"eCola","Ordered":true},{"Price":30,"Lefts":0,"Autosell":1,"Name":"Sprunk","Ordered":true},{"Price":200,"Lefts":0,"Autosell":1,"Name":"Монтировка","Ordered":true},{"Price":240,"Lefts":0,"Autosell":1,"Name":"Фонарик","Ordered":true},{"Price":200,"Lefts":0,"Autosell":1,"Name":"Молоток","Ordered":true},{"Price":200,"Lefts":0,"Autosell":1,"Name":"Гаечный ключ","Ordered":true},{"Price":120,"Lefts":0,"Autosell":1,"Name":"Канистра бензина","Ordered":true},{"Price":60,"Lefts":0,"Autosell":1,"Name":"Чипсы","Ordered":true},{"Price":100,"Lefts":0,"Autosell":1,"Name":"Пицца","Ordered":true},{"Price":200,"Lefts":0,"Autosell":1,"Name":"Сим-карта","Ordered":true},{"Price":200,"Lefts":0,"Autosell":1,"Name":"Связка ключей","Ordered":true}]', '{"x":1165.2925,"y":2708.8962,"z":37.03771}', '{"x":0.0,"y":0.0,"z":0.0}', '285192', '-1', '[{"Name":"Бургер","Amount":25},{"Name":"Хот-Дог","Amount":10},{"Name":"Сэндвич","Amount":10},{"Name":"eCola","Amount":10},{"Name":"Sprunk","Amount":10},{"Name":"Монтировка","Amount":5},{"Name":"Фонарик","Amount":5},{"Name":"Молоток","Amount":5},{"Name":"Гаечный ключ","Amount":5},{"Name":"Канистра бензина","Amount":5},{"Name":"Чипсы","Amount":5},{"Name":"Пицца","Amount":5},{"Name":"Сим-карта","Amount":5},{"Name":"Связка ключей","Amount":5}]'),
	(8, 'Государство', '1000000', '0', '[{"Price":100,"Lefts":0,"Autosell":1,"Name":"Бургер","Ordered":true},{"Price":60,"Lefts":0,"Autosell":1,"Name":"Хот-Дог","Ordered":true},{"Price":30,"Lefts":0,"Autosell":1,"Name":"Сэндвич","Ordered":true},{"Price":20,"Lefts":0,"Autosell":1,"Name":"eCola","Ordered":true},{"Price":30,"Lefts":0,"Autosell":1,"Name":"Sprunk","Ordered":true},{"Price":200,"Lefts":0,"Autosell":1,"Name":"Монтировка","Ordered":true},{"Price":240,"Lefts":0,"Autosell":1,"Name":"Фонарик","Ordered":true},{"Price":200,"Lefts":0,"Autosell":1,"Name":"Молоток","Ordered":true},{"Price":200,"Lefts":0,"Autosell":1,"Name":"Гаечный ключ","Ordered":true},{"Price":120,"Lefts":0,"Autosell":1,"Name":"Канистра бензина","Ordered":true},{"Price":60,"Lefts":0,"Autosell":1,"Name":"Чипсы","Ordered":true},{"Price":100,"Lefts":0,"Autosell":1,"Name":"Пицца","Ordered":true},{"Price":200,"Lefts":0,"Autosell":1,"Name":"Сим-карта","Ordered":true},{"Price":200,"Lefts":0,"Autosell":1,"Name":"Связка ключей","Ordered":true}]', '{"x":374.49094,"y":327.78528,"z":102.44644}', '{"x":0.0,"y":0.0,"z":0.0}', '584531', '-1', '[{"Name":"Бургер","Amount":25},{"Name":"Хот-Дог","Amount":10},{"Name":"Сэндвич","Amount":10},{"Name":"eCola","Amount":10},{"Name":"Sprunk","Amount":10},{"Name":"Монтировка","Amount":5},{"Name":"Фонарик","Amount":5},{"Name":"Молоток","Amount":5},{"Name":"Гаечный ключ","Amount":5},{"Name":"Канистра бензина","Amount":5},{"Name":"Чипсы","Amount":5},{"Name":"Пицца","Amount":5},{"Name":"Сим-карта","Amount":5},{"Name":"Связка ключей","Amount":5}]'),
	(9, 'Государство', '1000000', '0', '[{"Price":100,"Lefts":0,"Autosell":1,"Name":"Бургер","Ordered":true},{"Price":60,"Lefts":0,"Autosell":1,"Name":"Хот-Дог","Ordered":true},{"Price":30,"Lefts":0,"Autosell":1,"Name":"Сэндвич","Ordered":true},{"Price":20,"Lefts":0,"Autosell":1,"Name":"eCola","Ordered":true},{"Price":30,"Lefts":0,"Autosell":1,"Name":"Sprunk","Ordered":true},{"Price":200,"Lefts":0,"Autosell":1,"Name":"Монтировка","Ordered":true},{"Price":240,"Lefts":0,"Autosell":1,"Name":"Фонарик","Ordered":true},{"Price":200,"Lefts":0,"Autosell":1,"Name":"Молоток","Ordered":true},{"Price":200,"Lefts":0,"Autosell":1,"Name":"Гаечный ключ","Ordered":true},{"Price":120,"Lefts":0,"Autosell":1,"Name":"Канистра бензина","Ordered":true},{"Price":60,"Lefts":0,"Autosell":1,"Name":"Чипсы","Ordered":true},{"Price":100,"Lefts":0,"Autosell":1,"Name":"Пицца","Ordered":true},{"Price":200,"Lefts":0,"Autosell":1,"Name":"Сим-карта","Ordered":true},{"Price":200,"Lefts":0,"Autosell":1,"Name":"Связка ключей","Ordered":true}]', '{"x":2555.482,"y":382.5728,"z":107.50301}', '{"x":0.0,"y":0.0,"z":0.0}', '580520', '-1', '[{"Name":"Бургер","Amount":25},{"Name":"Хот-Дог","Amount":10},{"Name":"Сэндвич","Amount":10},{"Name":"eCola","Amount":10},{"Name":"Sprunk","Amount":10},{"Name":"Монтировка","Amount":5},{"Name":"Фонарик","Amount":5},{"Name":"Молоток","Amount":5},{"Name":"Гаечный ключ","Amount":5},{"Name":"Канистра бензина","Amount":5},{"Name":"Чипсы","Amount":5},{"Name":"Пицца","Amount":5},{"Name":"Сим-карта","Amount":5},{"Name":"Связка ключей","Amount":5}]'),
	(10, 'Государство', '1000000', '0', '[{"Price":100,"Lefts":0,"Autosell":1,"Name":"Бургер","Ordered":true},{"Price":60,"Lefts":0,"Autosell":1,"Name":"Хот-Дог","Ordered":true},{"Price":30,"Lefts":0,"Autosell":1,"Name":"Сэндвич","Ordered":true},{"Price":20,"Lefts":0,"Autosell":1,"Name":"eCola","Ordered":true},{"Price":30,"Lefts":0,"Autosell":1,"Name":"Sprunk","Ordered":true},{"Price":200,"Lefts":0,"Autosell":1,"Name":"Монтировка","Ordered":true},{"Price":240,"Lefts":0,"Autosell":1,"Name":"Фонарик","Ordered":true},{"Price":200,"Lefts":0,"Autosell":1,"Name":"Молоток","Ordered":true},{"Price":200,"Lefts":0,"Autosell":1,"Name":"Гаечный ключ","Ordered":true},{"Price":120,"Lefts":0,"Autosell":1,"Name":"Канистра бензина","Ordered":true},{"Price":60,"Lefts":0,"Autosell":1,"Name":"Чипсы","Ordered":true},{"Price":100,"Lefts":0,"Autosell":1,"Name":"Пицца","Ordered":true},{"Price":200,"Lefts":0,"Autosell":1,"Name":"Сим-карта","Ordered":true},{"Price":200,"Lefts":0,"Autosell":1,"Name":"Связка ключей","Ordered":true}]', '{"x":-1820.6458,"y":792.3319,"z":136.99622}', '{"x":0.0,"y":0.0,"z":0.0}', '352562', '-1', '[{"Name":"Бургер","Amount":25},{"Name":"Хот-Дог","Amount":10},{"Name":"Сэндвич","Amount":10},{"Name":"eCola","Amount":10},{"Name":"Sprunk","Amount":10},{"Name":"Монтировка","Amount":5},{"Name":"Фонарик","Amount":5},{"Name":"Молоток","Amount":5},{"Name":"Гаечный ключ","Amount":5},{"Name":"Канистра бензина","Amount":5},{"Name":"Чипсы","Amount":5},{"Name":"Пицца","Amount":5},{"Name":"Сим-карта","Amount":5},{"Name":"Связка ключей","Amount":5}]'),
	(11, 'Государство', '1000000', '0', '[{"Price":100,"Lefts":0,"Autosell":1,"Name":"Бургер","Ordered":true},{"Price":60,"Lefts":0,"Autosell":1,"Name":"Хот-Дог","Ordered":true},{"Price":30,"Lefts":0,"Autosell":1,"Name":"Сэндвич","Ordered":true},{"Price":20,"Lefts":0,"Autosell":1,"Name":"eCola","Ordered":true},{"Price":30,"Lefts":0,"Autosell":1,"Name":"Sprunk","Ordered":true},{"Price":200,"Lefts":0,"Autosell":1,"Name":"Монтировка","Ordered":true},{"Price":240,"Lefts":0,"Autosell":1,"Name":"Фонарик","Ordered":true},{"Price":200,"Lefts":0,"Autosell":1,"Name":"Молоток","Ordered":true},{"Price":200,"Lefts":0,"Autosell":1,"Name":"Гаечный ключ","Ordered":true},{"Price":120,"Lefts":0,"Autosell":1,"Name":"Канистра бензина","Ordered":true},{"Price":60,"Lefts":0,"Autosell":1,"Name":"Чипсы","Ordered":true},{"Price":100,"Lefts":0,"Autosell":1,"Name":"Пицца","Ordered":true},{"Price":200,"Lefts":0,"Autosell":1,"Name":"Сим-карта","Ordered":true},{"Price":200,"Lefts":0,"Autosell":1,"Name":"Связка ключей","Ordered":true}]', '{"x":-1222.5944,"y":-906.403,"z":11.206347}', '{"x":0.0,"y":0.0,"z":0.0}', '740992', '-1', '[{"Name":"Бургер","Amount":25},{"Name":"Хот-Дог","Amount":10},{"Name":"Сэндвич","Amount":10},{"Name":"eCola","Amount":10},{"Name":"Sprunk","Amount":10},{"Name":"Монтировка","Amount":5},{"Name":"Фонарик","Amount":5},{"Name":"Молоток","Amount":5},{"Name":"Гаечный ключ","Amount":5},{"Name":"Канистра бензина","Amount":5},{"Name":"Чипсы","Amount":5},{"Name":"Пицца","Amount":5},{"Name":"Сим-карта","Amount":5},{"Name":"Связка ключей","Amount":5}]'),
	(12, 'Государство', '1000000', '0', '[{"Price":100,"Lefts":0,"Autosell":1,"Name":"Бургер","Ordered":true},{"Price":60,"Lefts":0,"Autosell":1,"Name":"Хот-Дог","Ordered":true},{"Price":30,"Lefts":0,"Autosell":1,"Name":"Сэндвич","Ordered":true},{"Price":20,"Lefts":0,"Autosell":1,"Name":"eCola","Ordered":true},{"Price":30,"Lefts":0,"Autosell":1,"Name":"Sprunk","Ordered":true},{"Price":200,"Lefts":0,"Autosell":1,"Name":"Монтировка","Ordered":true},{"Price":240,"Lefts":0,"Autosell":1,"Name":"Фонарик","Ordered":true},{"Price":200,"Lefts":0,"Autosell":1,"Name":"Молоток","Ordered":true},{"Price":200,"Lefts":0,"Autosell":1,"Name":"Гаечный ключ","Ordered":true},{"Price":120,"Lefts":0,"Autosell":1,"Name":"Канистра бензина","Ordered":true},{"Price":60,"Lefts":0,"Autosell":1,"Name":"Чипсы","Ordered":true},{"Price":100,"Lefts":0,"Autosell":1,"Name":"Пицца","Ordered":true},{"Price":200,"Lefts":0,"Autosell":1,"Name":"Сим-карта","Ordered":true},{"Price":200,"Lefts":0,"Autosell":1,"Name":"Связка ключей","Ordered":true}]', '{"x":-48.840996,"y":-1757.6532,"z":28.301}', '{"x":0.0,"y":0.0,"z":0.0}', '152681', '-1', '[{"Name":"Бургер","Amount":25},{"Name":"Хот-Дог","Amount":10},{"Name":"Сэндвич","Amount":10},{"Name":"eCola","Amount":10},{"Name":"Sprunk","Amount":10},{"Name":"Монтировка","Amount":5},{"Name":"Фонарик","Amount":5},{"Name":"Молоток","Amount":5},{"Name":"Гаечный ключ","Amount":5},{"Name":"Канистра бензина","Amount":5},{"Name":"Чипсы","Amount":5},{"Name":"Пицца","Amount":5},{"Name":"Сим-карта","Amount":5},{"Name":"Связка ключей","Amount":5}]'),
	(13, 'Государство', '1000000', '1', '[{"Price":1,"Lefts":0,"Autosell":0,"Name":"Бензин","Ordered":true}]', '{"x":823.2544,"y":-1029.623,"z":25.143}', '{"x":0.0,"y":0.0,"z":0.0}', '536220', '-1', '[{"Name":"Бензин","Amount":2000}]'),
	(14, 'Государство', '1000000', '1', '[{"Price":1,"Lefts":0,"Autosell":0,"Name":"Бензин","Ordered":true}]', '{"x":1182.5579,"y":-334.52112,"z":68.052895}', '{"x":0.0,"y":0.0,"z":0.0}', '340159', '-1', '[{"Name":"Бензин","Amount":2000}]'),
	(15, 'Государство', '1000000', '1', '[{"Price":1,"Lefts":0,"Autosell":0,"Name":"Бензин","Ordered":true}]', '{"x":616.5016,"y":268.19626,"z":101.96939}', '{"x":0.0,"y":0.0,"z":0.0}', '158412', '-1', '[{"Name":"Бензин","Amount":2000}]'),
	(16, 'Государство', '1000000', '1', '[{"Price":1,"Lefts":0,"Autosell":0,"Name":"Бензин","Ordered":true}]', '{"x":2006.1039,"y":3770.2114,"z":31.01692}', '{"x":0.0,"y":0.0,"z":0.0}', '932996', '-1', '[{"Name":"Бензин","Amount":2000}]'),
	(17, 'Государство', '1000000', '1', '[{"Price":1,"Lefts":0,"Autosell":0,"Name":"Бензин","Ordered":true}]', '{"x":1209.7025,"y":2662.515,"z":36.689938}', '{"x":0.0,"y":0.0,"z":0.0}', '819110', '-1', '[{"Name":"Бензин","Amount":2000}]'),
	(18, 'Государство', '1000000', '1', '[{"Price":1,"Lefts":0,"Autosell":0,"Name":"Бензин","Ordered":true}]', '{"x":2577.5786,"y":362.40564,"z":107.33727}', '{"x":0.0,"y":0.0,"z":0.0}', '360485', '-1', '[{"Name":"Бензин","Amount":2000}]'),
	(19, 'Государство', '1000000', '1', '[{"Price":1,"Lefts":0,"Autosell":0,"Name":"Бензин","Ordered":true}]', '{"x":176.14188,"y":6602.005,"z":30.728842}', '{"x":0.0,"y":0.0,"z":0.0}', '600631', '-1', '[{"Name":"Бензин","Amount":2000}]'),
	(20, 'Государство', '1000000', '1', '[{"Price":1,"Lefts":0,"Autosell":0,"Name":"Бензин","Ordered":true}]', '{"x":1700.4988,"y":6412.9443,"z":31.701612}', '{"x":0.0,"y":0.0,"z":0.0}', '705991', '-1', '[{"Name":"Бензин","Amount":2000}]'),
	(21, 'Государство', '1000000', '1', '[{"Price":1,"Lefts":0,"Autosell":0,"Name":"Бензин","Ordered":true}]', '{"x":-2555.167,"y":2330.7617,"z":31.93577}', '{"x":0.0,"y":0.0,"z":0.0}', '733845', '-1', '[{"Name":"Бензин","Amount":2000}]'),
	(22, 'Государство', '1000000', '1', '[{"Price":1,"Lefts":0,"Autosell":0,"Name":"Бензин","Ordered":true}]', '{"x":-2101.2036,"y":-319.75327,"z":11.908096}', '{"x":0.0,"y":0.0,"z":0.0}', '87251', '-1', '[{"Name":"Бензин","Amount":2000}]'),
	(23, 'Государство', '1000000', '2', '[{"Price":100000,"Lefts":0,"Autosell":0,"Name":"Sultan","Ordered":true},{"Price":100000,"Lefts":0,"Autosell":0,"Name":"Kuruma","Ordered":true},{"Price":100000,"Lefts":0,"Autosell":0,"Name":"Jackal","Ordered":true},{"Price":100000,"Lefts":0,"Autosell":0,"Name":"Surano","Ordered":true},{"Price":100000,"Lefts":0,"Autosell":0,"Name":"Dubsta","Ordered":true},{"Price":100000,"Lefts":0,"Autosell":0,"Name":"Rocoto","Ordered":true}]', '{"x":-32.603783,"y":-1111.3293,"z":25.302336}', '{"x":0.0,"y":0.0,"z":0.0}', '176568', '-1', '[{"Name":"Sultan","Amount":10},{"Name":"Kuruma","Amount":10},{"Name":"Jackal","Amount":10},{"Name":"Surano","Amount":10},{"Name":"Dubsta","Amount":10},{"Name":"Rocoto","Amount":10}]'),
	(24, 'Государство', '1000000', '3', '[{"Price":100000,"Lefts":0,"Autosell":0,"Name":"Sultan","Ordered":true},{"Price":100000,"Lefts":0,"Autosell":0,"Name":"Kuruma","Ordered":true},{"Price":100000,"Lefts":0,"Autosell":0,"Name":"Jackal","Ordered":true},{"Price":100000,"Lefts":0,"Autosell":0,"Name":"Surano","Ordered":true},{"Price":100000,"Lefts":0,"Autosell":0,"Name":"Dubsta","Ordered":true},{"Price":100000,"Lefts":0,"Autosell":0,"Name":"Rocoto","Ordered":true}]', '{"x":-41.673275,"y":-1676.1267,"z":28.3052}', '{"x":0.0,"y":0.0,"z":0.0}', '929736', '-1', '[{"Name":"Sultan","Amount":10},{"Name":"Kuruma","Amount":10},{"Name":"Jackal","Amount":10},{"Name":"Surano","Amount":10},{"Name":"Dubsta","Amount":10},{"Name":"Rocoto","Amount":10}]'),
	(25, 'Государство', '1000000', '4', '[{"Price":100000,"Lefts":0,"Autosell":0,"Name":"Sultan","Ordered":true},{"Price":100000,"Lefts":0,"Autosell":0,"Name":"Kuruma","Ordered":true},{"Price":100000,"Lefts":0,"Autosell":0,"Name":"Jackal","Ordered":true},{"Price":100000,"Lefts":0,"Autosell":0,"Name":"Surano","Ordered":true},{"Price":100000,"Lefts":0,"Autosell":0,"Name":"Dubsta","Ordered":true},{"Price":100000,"Lefts":0,"Autosell":0,"Name":"Rocoto","Ordered":true}]', '{"x":-804.4001,"y":-224.77362,"z":36.10452}', '{"x":0.0,"y":0.0,"z":0.0}', '976418', '-1', '[{"Name":"Sultan","Amount":10},{"Name":"Kuruma","Amount":10},{"Name":"Jackal","Amount":10},{"Name":"Surano","Amount":10},{"Name":"Dubsta","Amount":10},{"Name":"Rocoto","Amount":10}]'),
	(26, 'Государство', '1000000', '5', '[{"Price":100000,"Lefts":0,"Autosell":0,"Name":"Sultan","Ordered":true},{"Price":100000,"Lefts":0,"Autosell":0,"Name":"Kuruma","Ordered":true},{"Price":100000,"Lefts":0,"Autosell":0,"Name":"Jackal","Ordered":true},{"Price":100000,"Lefts":0,"Autosell":0,"Name":"Surano","Ordered":true},{"Price":100000,"Lefts":0,"Autosell":0,"Name":"Dubsta","Ordered":true},{"Price":100000,"Lefts":0,"Autosell":0,"Name":"Rocoto","Ordered":true}]', '{"x":-177.15984,"y":-1155.8358,"z":21.992376}', '{"x":0.0,"y":0.0,"z":0.0}', '956499', '-1', '[{"Name":"Sultan","Amount":10},{"Name":"Kuruma","Amount":10},{"Name":"Jackal","Amount":10},{"Name":"Surano","Amount":10},{"Name":"Dubsta","Amount":10},{"Name":"Rocoto","Amount":10}]'),
	(27, 'Государство', '1000000', '6', '[{"Price":100000,"Lefts":0,"Autosell":0,"Name":"Sultan","Ordered":true},{"Price":100000,"Lefts":0,"Autosell":0,"Name":"Kuruma","Ordered":true},{"Price":100000,"Lefts":0,"Autosell":0,"Name":"Jackal","Ordered":true},{"Price":100000,"Lefts":0,"Autosell":0,"Name":"Surano","Ordered":true},{"Price":100000,"Lefts":0,"Autosell":0,"Name":"Dubsta","Ordered":true},{"Price":100000,"Lefts":0,"Autosell":0,"Name":"Rocoto","Ordered":true}]', '{"x":-640.11194,"y":296.92105,"z":81.336105}', '{"x":0.0,"y":0.0,"z":0.0}', '282673', '-1', '[{"Name":"Sultan","Amount":10},{"Name":"Kuruma","Amount":10},{"Name":"Jackal","Amount":10},{"Name":"Surano","Amount":10},{"Name":"Dubsta","Amount":10},{"Name":"Rocoto","Amount":10}]'),
	(28, 'Государство', '1000000', '7', '[{"Price":720,"Lefts":0,"Autosell":5,"Name":"Pistol","Ordered":true},{"Price":900,"Lefts":0,"Autosell":5,"Name":"CombatPistol","Ordered":true},{"Price":12800,"Lefts":0,"Autosell":5,"Name":"Revolver","Ordered":true},{"Price":1440,"Lefts":0,"Autosell":5,"Name":"HeavyPistol","Ordered":true},{"Price":2880,"Lefts":0,"Autosell":5,"Name":"BullpupShotgun","Ordered":true},{"Price":3600,"Lefts":0,"Autosell":5,"Name":"CombatPDW","Ordered":true},{"Price":2160,"Lefts":0,"Autosell":5,"Name":"MachinePistol","Ordered":true},{"Price":4,"Lefts":0,"Autosell":5,"Name":"Патроны","Ordered":true}]', '{"x":810.3036,"y":-2156.8503,"z":28.498997}', '{"x":0.0,"y":0.0,"z":0.0}', '910783', '-1', '[{"Name":"Pistol","Amount":2},{"Name":"CombatPistol","Amount":2},{"Name":"Revolver","Amount":2},{"Name":"HeavyPistol","Amount":2},{"Name":"BullpupShotgun","Amount":2},{"Name":"CombatPDW","Amount":2},{"Name":"MachinePistol","Amount":2},{"Name":"Патроны","Amount":500}]'),
	(29, 'Государство', '1000000', '7', '[{"Price":720,"Lefts":0,"Autosell":5,"Name":"Pistol","Ordered":true},{"Price":900,"Lefts":0,"Autosell":5,"Name":"CombatPistol","Ordered":true},{"Price":12800,"Lefts":0,"Autosell":5,"Name":"Revolver","Ordered":true},{"Price":1440,"Lefts":0,"Autosell":5,"Name":"HeavyPistol","Ordered":true},{"Price":2880,"Lefts":0,"Autosell":5,"Name":"BullpupShotgun","Ordered":true},{"Price":3600,"Lefts":0,"Autosell":5,"Name":"CombatPDW","Ordered":true},{"Price":2160,"Lefts":0,"Autosell":5,"Name":"MachinePistol","Ordered":true},{"Price":4,"Lefts":0,"Autosell":5,"Name":"Патроны","Ordered":true}]', '{"x":-1306.2894,"y":-394.21494,"z":35.57577}', '{"x":0.0,"y":0.0,"z":0.0}', '581563', '-1', '[{"Name":"Pistol","Amount":2},{"Name":"CombatPistol","Amount":2},{"Name":"Revolver","Amount":2},{"Name":"HeavyPistol","Amount":2},{"Name":"BullpupShotgun","Amount":2},{"Name":"CombatPDW","Amount":2},{"Name":"MachinePistol","Amount":2},{"Name":"Патроны","Amount":500}]'),
	(30, 'Государство', '1000000', '7', '[{"Price":720,"Lefts":0,"Autosell":5,"Name":"Pistol","Ordered":true},{"Price":900,"Lefts":0,"Autosell":5,"Name":"CombatPistol","Ordered":true},{"Price":12800,"Lefts":0,"Autosell":5,"Name":"Revolver","Ordered":true},{"Price":1440,"Lefts":0,"Autosell":5,"Name":"HeavyPistol","Ordered":true},{"Price":2880,"Lefts":0,"Autosell":5,"Name":"BullpupShotgun","Ordered":true},{"Price":3600,"Lefts":0,"Autosell":5,"Name":"CombatPDW","Ordered":true},{"Price":2160,"Lefts":0,"Autosell":5,"Name":"MachinePistol","Ordered":true},{"Price":4,"Lefts":0,"Autosell":5,"Name":"Патроны","Ordered":true}]', '{"x":22.472319,"y":-1107.1295,"z":28.677008}', '{"x":0.0,"y":0.0,"z":0.0}', '392828', '-1', '[{"Name":"Pistol","Amount":2},{"Name":"CombatPistol","Amount":2},{"Name":"Revolver","Amount":2},{"Name":"HeavyPistol","Amount":2},{"Name":"BullpupShotgun","Amount":2},{"Name":"CombatPDW","Amount":2},{"Name":"MachinePistol","Amount":2},{"Name":"Патроны","Amount":500}]'),
	(31, 'Государство', '1000000', '7', '[{"Price":720,"Lefts":0,"Autosell":5,"Name":"Pistol","Ordered":true},{"Price":900,"Lefts":0,"Autosell":5,"Name":"CombatPistol","Ordered":true},{"Price":12800,"Lefts":0,"Autosell":5,"Name":"Revolver","Ordered":true},{"Price":1440,"Lefts":0,"Autosell":5,"Name":"HeavyPistol","Ordered":true},{"Price":2880,"Lefts":0,"Autosell":5,"Name":"BullpupShotgun","Ordered":true},{"Price":3600,"Lefts":0,"Autosell":5,"Name":"CombatPDW","Ordered":true},{"Price":2160,"Lefts":0,"Autosell":5,"Name":"MachinePistol","Ordered":true},{"Price":4,"Lefts":0,"Autosell":5,"Name":"Патроны","Ordered":true}]', '{"x":252.00327,"y":-50.306744,"z":68.82106}', '{"x":0.0,"y":0.0,"z":0.0}', '656573', '-1', '[{"Name":"Pistol","Amount":2},{"Name":"CombatPistol","Amount":2},{"Name":"Revolver","Amount":2},{"Name":"HeavyPistol","Amount":2},{"Name":"BullpupShotgun","Amount":2},{"Name":"CombatPDW","Amount":2},{"Name":"MachinePistol","Amount":2},{"Name":"Патроны","Amount":500}]'),
	(32, 'Государство', '1000000', '7', '[{"Price":720,"Lefts":0,"Autosell":5,"Name":"Pistol","Ordered":true},{"Price":900,"Lefts":0,"Autosell":5,"Name":"CombatPistol","Ordered":true},{"Price":12800,"Lefts":0,"Autosell":5,"Name":"Revolver","Ordered":true},{"Price":1440,"Lefts":0,"Autosell":5,"Name":"HeavyPistol","Ordered":true},{"Price":2880,"Lefts":0,"Autosell":5,"Name":"BullpupShotgun","Ordered":true},{"Price":3600,"Lefts":0,"Autosell":5,"Name":"CombatPDW","Ordered":true},{"Price":2160,"Lefts":0,"Autosell":5,"Name":"MachinePistol","Ordered":true},{"Price":4,"Lefts":0,"Autosell":5,"Name":"Патроны","Ordered":true}]', '{"x":-661.9717,"y":-935.3562,"z":20.646553}', '{"x":0.0,"y":0.0,"z":0.0}', '364580', '-1', '[{"Name":"Pistol","Amount":2},{"Name":"CombatPistol","Amount":2},{"Name":"Revolver","Amount":2},{"Name":"HeavyPistol","Amount":2},{"Name":"BullpupShotgun","Amount":2},{"Name":"CombatPDW","Amount":2},{"Name":"MachinePistol","Amount":2},{"Name":"Патроны","Amount":500}]'),
	(33, 'Государство', '1000000', '7', '[{"Price":720,"Lefts":0,"Autosell":5,"Name":"Pistol","Ordered":true},{"Price":900,"Lefts":0,"Autosell":5,"Name":"CombatPistol","Ordered":true},{"Price":12800,"Lefts":0,"Autosell":5,"Name":"Revolver","Ordered":true},{"Price":1440,"Lefts":0,"Autosell":5,"Name":"HeavyPistol","Ordered":true},{"Price":2880,"Lefts":0,"Autosell":5,"Name":"BullpupShotgun","Ordered":true},{"Price":3600,"Lefts":0,"Autosell":5,"Name":"CombatPDW","Ordered":true},{"Price":2160,"Lefts":0,"Autosell":5,"Name":"MachinePistol","Ordered":true},{"Price":4,"Lefts":0,"Autosell":5,"Name":"Патроны","Ordered":true}]', '{"x":842.03375,"y":-1033.6594,"z":27.064833}', '{"x":0.0,"y":0.0,"z":0.0}', '818596', '-1', '[{"Name":"Pistol","Amount":2},{"Name":"CombatPistol","Amount":2},{"Name":"Revolver","Amount":2},{"Name":"HeavyPistol","Amount":2},{"Name":"BullpupShotgun","Amount":2},{"Name":"CombatPDW","Amount":2},{"Name":"MachinePistol","Amount":2},{"Name":"Патроны","Amount":500}]'),
	(34, 'Государство', '1000000', '7', '[{"Price":720,"Lefts":0,"Autosell":5,"Name":"Pistol","Ordered":true},{"Price":900,"Lefts":0,"Autosell":5,"Name":"CombatPistol","Ordered":true},{"Price":12800,"Lefts":0,"Autosell":5,"Name":"Revolver","Ordered":true},{"Price":1440,"Lefts":0,"Autosell":5,"Name":"HeavyPistol","Ordered":true},{"Price":2880,"Lefts":0,"Autosell":5,"Name":"BullpupShotgun","Ordered":true},{"Price":3600,"Lefts":0,"Autosell":5,"Name":"CombatPDW","Ordered":true},{"Price":2160,"Lefts":0,"Autosell":5,"Name":"MachinePistol","Ordered":true},{"Price":4,"Lefts":0,"Autosell":5,"Name":"Патроны","Ordered":true}]', '{"x":2567.6233,"y":294.3413,"z":107.57335}', '{"x":0.0,"y":0.0,"z":0.0}', '798066', '-1', '[{"Name":"Pistol","Amount":2},{"Name":"CombatPistol","Amount":2},{"Name":"Revolver","Amount":2},{"Name":"HeavyPistol","Amount":2},{"Name":"BullpupShotgun","Amount":2},{"Name":"CombatPDW","Amount":2},{"Name":"MachinePistol","Amount":2},{"Name":"Патроны","Amount":500}]'),
	(35, 'Государство', '1000000', '7', '[{"Price":720,"Lefts":0,"Autosell":5,"Name":"Pistol","Ordered":true},{"Price":900,"Lefts":0,"Autosell":5,"Name":"CombatPistol","Ordered":true},{"Price":12800,"Lefts":0,"Autosell":5,"Name":"Revolver","Ordered":true},{"Price":1440,"Lefts":0,"Autosell":5,"Name":"HeavyPistol","Ordered":true},{"Price":2880,"Lefts":0,"Autosell":5,"Name":"BullpupShotgun","Ordered":true},{"Price":3600,"Lefts":0,"Autosell":5,"Name":"CombatPDW","Ordered":true},{"Price":2160,"Lefts":0,"Autosell":5,"Name":"MachinePistol","Ordered":true},{"Price":4,"Lefts":0,"Autosell":5,"Name":"Патроны","Ordered":true}]', '{"x":1693.6873,"y":3759.9563,"z":33.577457}', '{"x":0.0,"y":0.0,"z":0.0}', '618117', '-1', '[{"Name":"Pistol","Amount":2},{"Name":"CombatPistol","Amount":2},{"Name":"Revolver","Amount":2},{"Name":"HeavyPistol","Amount":2},{"Name":"BullpupShotgun","Amount":2},{"Name":"CombatPDW","Amount":2},{"Name":"MachinePistol","Amount":2},{"Name":"Патроны","Amount":500}]'),
	(36, 'Государство', '1000000', '7', '[{"Price":720,"Lefts":0,"Autosell":5,"Name":"Pistol","Ordered":true},{"Price":900,"Lefts":0,"Autosell":5,"Name":"CombatPistol","Ordered":true},{"Price":12800,"Lefts":0,"Autosell":5,"Name":"Revolver","Ordered":true},{"Price":1440,"Lefts":0,"Autosell":5,"Name":"HeavyPistol","Ordered":true},{"Price":2880,"Lefts":0,"Autosell":5,"Name":"BullpupShotgun","Ordered":true},{"Price":3600,"Lefts":0,"Autosell":5,"Name":"CombatPDW","Ordered":true},{"Price":2160,"Lefts":0,"Autosell":5,"Name":"MachinePistol","Ordered":true},{"Price":4,"Lefts":0,"Autosell":5,"Name":"Патроны","Ordered":true}]', '{"x":-330.25186,"y":6084.1396,"z":30.329874}', '{"x":0.0,"y":0.0,"z":0.0}', '468451', '-1', '[{"Name":"Pistol","Amount":2},{"Name":"CombatPistol","Amount":2},{"Name":"Revolver","Amount":2},{"Name":"HeavyPistol","Amount":2},{"Name":"BullpupShotgun","Amount":2},{"Name":"CombatPDW","Amount":2},{"Name":"MachinePistol","Amount":2},{"Name":"Патроны","Amount":500}]'),
	(37, 'Государство', '1000000', '7', '[{"Price":720,"Lefts":0,"Autosell":5,"Name":"Pistol","Ordered":true},{"Price":900,"Lefts":0,"Autosell":5,"Name":"CombatPistol","Ordered":true},{"Price":12800,"Lefts":0,"Autosell":5,"Name":"Revolver","Ordered":true},{"Price":1440,"Lefts":0,"Autosell":5,"Name":"HeavyPistol","Ordered":true},{"Price":2880,"Lefts":0,"Autosell":5,"Name":"BullpupShotgun","Ordered":true},{"Price":3600,"Lefts":0,"Autosell":5,"Name":"CombatPDW","Ordered":true},{"Price":2160,"Lefts":0,"Autosell":5,"Name":"MachinePistol","Ordered":true},{"Price":4,"Lefts":0,"Autosell":5,"Name":"Патроны","Ordered":true}]', '{"x":-1117.5782,"y":2698.7317,"z":17.42636}', '{"x":0.0,"y":0.0,"z":0.0}', '544357', '-1', '[{"Name":"Pistol","Amount":2},{"Name":"CombatPistol","Amount":2},{"Name":"Revolver","Amount":2},{"Name":"HeavyPistol","Amount":2},{"Name":"BullpupShotgun","Amount":2},{"Name":"CombatPDW","Amount":2},{"Name":"MachinePistol","Amount":2},{"Name":"Патроны","Amount":500}]'),
	(38, 'Государство', '1000000', '8', '[{"Price":100,"Lefts":200,"Autosell":10,"Name":"Одежда","Ordered":true}]', '{"x":1.6025553,"y":6512.7974,"z":30.757832}', '{"x":0.0,"y":0.0,"z":0.0}', '642128', '-1', '[{"Name":"Одежда","Amount":700}]'),
	(39, 'Государство', '1000000', '8', '[{"Price":100,"Lefts":200,"Autosell":10,"Name":"Одежда","Ordered":true}]', '{"x":424.14194,"y":-808.3738,"z":28.371128}', '{"x":0.0,"y":0.0,"z":0.0}', '231812', '-1', '[{"Name":"Одежда","Amount":700}]'),
	(40, 'Государство', '1000000', '8', '[{"Price":100,"Lefts":200,"Autosell":10,"Name":"Одежда","Ordered":true}]', '{"x":1692.393,"y":4820.497,"z":40.94309}', '{"x":0.0,"y":0.0,"z":0.0}', '240509', '-1', '[{"Name":"Одежда","Amount":700}]'),
	(41, 'Государство', '1000000', '8', '[{"Price":100,"Lefts":200,"Autosell":10,"Name":"Одежда","Ordered":true}]', '{"x":77.27322,"y":-1390.6669,"z":28.256124}', '{"x":0.0,"y":0.0,"z":0.0}', '7130', '-1', '[{"Name":"Одежда","Amount":700}]'),
	(42, 'Государство', '1000000', '8', '[{"Price":100,"Lefts":200,"Autosell":10,"Name":"Одежда","Ordered":true}]', '{"x":1198.9249,"y":2708.4778,"z":37.102604}', '{"x":0.0,"y":0.0,"z":0.0}', '389391', '-1', '[{"Name":"Одежда","Amount":700}]'),
	(43, 'Государство', '1000000', '8', '[{"Price":100,"Lefts":200,"Autosell":10,"Name":"Одежда","Ordered":true}]', '{"x":123.10568,"y":-219.58577,"z":53.437836}', '{"x":0.0,"y":0.0,"z":0.0}', '332012', '-1', '[{"Name":"Одежда","Amount":700}]'),
	(44, 'Государство', '1000000', '8', '[{"Price":100,"Lefts":200,"Autosell":10,"Name":"Одежда","Ordered":true}]', '{"x":-710.95026,"y":-154.94116,"z":36.295143}', '{"x":0.0,"y":0.0,"z":0.0}', '911580', '-1', '[{"Name":"Одежда","Amount":700}]'),
	(45, 'Государство', '1000000', '8', '[{"Price":100,"Lefts":200,"Autosell":10,"Name":"Одежда","Ordered":true}]', '{"x":-819.6235,"y":-1073.8915,"z":10.208104}', '{"x":0.0,"y":0.0,"z":0.0}', '586475', '-1', '[{"Name":"Одежда","Amount":700}]'),
	(46, 'Государство', '1000000', '8', '[{"Price":100,"Lefts":200,"Autosell":10,"Name":"Одежда","Ordered":true}]', '{"x":-1452.6461,"y":-237.27968,"z":48.686974}', '{"x":0.0,"y":0.0,"z":0.0}', '616553', '-1', '[{"Name":"Одежда","Amount":700}]'),
	(47, 'Государство', '1000000', '8', '[{"Price":100,"Lefts":200,"Autosell":10,"Name":"Одежда","Ordered":true}]', '{"x":-3172.865,"y":1047.958,"z":19.743214}', '{"x":0.0,"y":0.0,"z":0.0}', '581373', '-1', '[{"Name":"Одежда","Amount":700}]'),
	(48, 'Государство', '1000000', '8', '[{"Price":100,"Lefts":200,"Autosell":10,"Name":"Одежда","Ordered":true}]', '{"x":-1098.6719,"y":2710.9182,"z":17.987848}', '{"x":0.0,"y":0.0,"z":0.0}', '449771', '-1', '[{"Name":"Одежда","Amount":700}]'),
	(49, 'Государство', '1000000', '8', '[{"Price":100,"Lefts":200,"Autosell":10,"Name":"Одежда","Ordered":true}]', '{"x":-161.37373,"y":-302.5042,"z":38.61328}', '{"x":0.0,"y":0.0,"z":0.0}', '848373', '-1', '[{"Name":"Одежда","Amount":700}]'),
	(50, 'Государство', '1000000', '9', '[{"Price":100,"Lefts":100,"Autosell":0,"Name":"Расходники","Ordered":false},{"Price":100,"Lefts":0,"Autosell":0,"Name":"Татуировки","Ordered":false}]', '{"x":1322.8092,"y":-1651.4475,"z":51.15503}', '{"x":0.0,"y":0.0,"z":0.0}', '931549', '-1', '[]'),
	(51, 'Государство', '1000000', '9', '[{"Price":100,"Lefts":100,"Autosell":0,"Name":"Расходники","Ordered":false},{"Price":100,"Lefts":0,"Autosell":0,"Name":"Татуировки","Ordered":false}]', '{"x":-1154.1127,"y":-1424.9858,"z":3.8344603}', '{"x":0.0,"y":0.0,"z":0.0}', '429085', '-1', '[]'),
	(52, 'Государство', '1000000', '9', '[{"Price":100,"Lefts":100,"Autosell":0,"Name":"Расходники","Ordered":false},{"Price":100,"Lefts":0,"Autosell":0,"Name":"Татуировки","Ordered":false}]', '{"x":-3169.4172,"y":1074.9395,"z":19.709166}', '{"x":0.0,"y":0.0,"z":0.0}', '200439', '-1', '[]'),
	(53, 'Государство', '1000000', '9', '[{"Price":100,"Lefts":100,"Autosell":0,"Name":"Расходники","Ordered":false},{"Price":100,"Lefts":0,"Autosell":0,"Name":"Татуировки","Ordered":false}]', '{"x":-290.71692,"y":6198.947,"z":30.380701}', '{"x":0.0,"y":0.0,"z":0.0}', '687230', '-1', '[]'),
	(54, 'Государство', '1000000', '9', '[{"Price":100,"Lefts":100,"Autosell":0,"Name":"Расходники","Ordered":false},{"Price":100,"Lefts":0,"Autosell":0,"Name":"Татуировки","Ordered":false}]', '{"x":1861.3877,"y":3749.9675,"z":31.911852}', '{"x":0.0,"y":0.0,"z":0.0}', '548520', '-1', '[]'),
	(55, 'Государство', '1000000', '9', '[{"Price":100,"Lefts":100,"Autosell":0,"Name":"Расходники","Ordered":false},{"Price":100,"Lefts":0,"Autosell":0,"Name":"Татуировки","Ordered":false}]', '{"x":321.64026,"y":180.12173,"z":102.46651}', '{"x":0.0,"y":0.0,"z":0.0}', '164572', '-1', '[]'),
	(56, 'Государство', '1000000', '10', '[{"Price":100,"Lefts":100,"Autosell":0,"Name":"Расходники","Ordered":false},{"Price":100,"Lefts":0,"Autosell":0,"Name":"Парики","Ordered":false}]', '{"x":-280.19598,"y":6231.3335,"z":30.575535}', '{"x":0.0,"y":0.0,"z":0.0}', '756120', '-1', '[]'),
	(57, 'Государство', '1000000', '10', '[{"Price":100,"Lefts":100,"Autosell":0,"Name":"Расходники","Ordered":false},{"Price":100,"Lefts":0,"Autosell":0,"Name":"Парики","Ordered":false}]', '{"x":1932.6637,"y":3726.9563,"z":31.724459}', '{"x":0.0,"y":0.0,"z":0.0}', '312755', '-1', '[]'),
	(58, 'Государство', '1000000', '10', '[{"Price":100,"Lefts":100,"Autosell":0,"Name":"Расходники","Ordered":false},{"Price":100,"Lefts":0,"Autosell":0,"Name":"Парики","Ordered":false}]', '{"x":-821.532,"y":-185.91083,"z":36.4489}', '{"x":0.0,"y":0.0,"z":0.0}', '532522', '-1', '[]'),
	(59, 'Государство', '1000000', '10', '[{"Price":100,"Lefts":100,"Autosell":0,"Name":"Расходники","Ordered":false},{"Price":100,"Lefts":0,"Autosell":0,"Name":"Парики","Ordered":false}]', '{"x":-30.667208,"y":-149.32063,"z":55.956535}', '{"x":0.0,"y":0.0,"z":0.0}', '455437', '-1', '[]'),
	(60, 'Государство', '1000000', '10', '[{"Price":100,"Lefts":100,"Autosell":0,"Name":"Расходники","Ordered":false},{"Price":100,"Lefts":0,"Autosell":0,"Name":"Парики","Ordered":false}]', '{"x":134.06442,"y":-1710.2292,"z":28.171621}', '{"x":0.0,"y":0.0,"z":0.0}', '1556', '-1', '[]'),
	(61, 'Государство', '1000000', '10', '[{"Price":100,"Lefts":100,"Autosell":0,"Name":"Расходники","Ordered":false},{"Price":100,"Lefts":0,"Autosell":0,"Name":"Парики","Ordered":false}]', '{"x":1209.2006,"y":-470.92422,"z":65.08807}', '{"x":0.0,"y":0.0,"z":0.0}', '870802', '-1', '[]'),
	(62, 'Государство', '1000000', '0', '[{"Price":100,"Lefts":0,"Autosell":1,"Name":"Бургер","Ordered":true},{"Price":60,"Lefts":0,"Autosell":1,"Name":"Хот-Дог","Ordered":true},{"Price":30,"Lefts":0,"Autosell":1,"Name":"Сэндвич","Ordered":true},{"Price":20,"Lefts":0,"Autosell":1,"Name":"eCola","Ordered":true},{"Price":30,"Lefts":0,"Autosell":1,"Name":"Sprunk","Ordered":true},{"Price":200,"Lefts":0,"Autosell":1,"Name":"Монтировка","Ordered":true},{"Price":240,"Lefts":0,"Autosell":1,"Name":"Фонарик","Ordered":true},{"Price":200,"Lefts":0,"Autosell":1,"Name":"Молоток","Ordered":true},{"Price":200,"Lefts":0,"Autosell":1,"Name":"Гаечный ключ","Ordered":true},{"Price":120,"Lefts":0,"Autosell":1,"Name":"Канистра бензина","Ordered":true},{"Price":60,"Lefts":0,"Autosell":1,"Name":"Чипсы","Ordered":true},{"Price":100,"Lefts":0,"Autosell":1,"Name":"Пицца","Ordered":true},{"Price":200,"Lefts":0,"Autosell":1,"Name":"Сим-карта","Ordered":true},{"Price":200,"Lefts":0,"Autosell":1,"Name":"Связка ключей","Ordered":true}]', '{"x":-707.8546,"y":-914.6407,"z":18.092188}', '{"x":0.0,"y":0.0,"z":0.0}', '374407', '-1', '[{"Name":"Бургер","Amount":25},{"Name":"Хот-Дог","Amount":10},{"Name":"Сэндвич","Amount":10},{"Name":"eCola","Amount":10},{"Name":"Sprunk","Amount":10},{"Name":"Монтировка","Amount":5},{"Name":"Фонарик","Amount":5},{"Name":"Молоток","Amount":5},{"Name":"Гаечный ключ","Amount":5},{"Name":"Канистра бензина","Amount":5},{"Name":"Чипсы","Amount":5},{"Name":"Пицца","Amount":5},{"Name":"Сим-карта","Amount":5},{"Name":"Связка ключей","Amount":5}]'),
	(63, 'Государство', '1000000', '11', '[{"Price":100,"Lefts":50,"Autosell":0,"Name":"Маски","Ordered":false}]', '{"x":-1337.4766,"y":-1277.096,"z":3.7645254}', '{"x":0.0,"y":0.0,"z":0.0}', '2968', '-1', '[]'),
	(64, 'Государство', '1000000', '11', '[{"Price":100,"Lefts":50,"Autosell":0,"Name":"Маски","Ordered":false}]', '{"x":-133.49252,"y":-69.72331,"z":54.271324}', '{"x":0.0,"y":0.0,"z":0.0}', '187693', '-1', '[]'),
	(65, 'Государство', '1000000', '11', '[{"Price":100,"Lefts":50,"Autosell":0,"Name":"Маски","Ordered":false}]', '{"x":-2964.129,"y":454.91132,"z":14.196334}', '{"x":0.0,"y":0.0,"z":0.0}', '695987', '-1', '[]'),
	(66, 'Государство', '1000000', '12', '[{"Price":100,"Lefts":1000,"Autosell":0,"Name":"Запчасти","Ordered":false}]', '{"x":110.07346,"y":6627.6436,"z":30.66313}', '{"x":0.0,"y":0.0,"z":0.0}', '376413', '-1', '[]'),
	(67, 'Государство', '1000000', '12', '[{"Price":100,"Lefts":1000,"Autosell":0,"Name":"Запчасти","Ordered":false}]', '{"x":731.6122,"y":-1088.752,"z":21.04199}', '{"x":0.0,"y":0.0,"z":0.0}', '334084', '-1', '[]'),
	(68, 'Государство', '1000000', '12', '[{"Price":100,"Lefts":1000,"Autosell":0,"Name":"Запчасти","Ordered":false}]', '{"x":-212.0688,"y":-1323.9668,"z":29.764202}', '{"x":0.0,"y":0.0,"z":0.0}', '738152', '-1', '[]'),
	(69, 'Государство', '1000000', '12', '[{"Price":100,"Lefts":1000,"Autosell":0,"Name":"Запчасти","Ordered":false}]', '{"x":-338.42566,"y":-136.95743,"z":37.846767}', '{"x":0.0,"y":0.0,"z":0.0}', '722040', '-1', '[]'),
	(70, 'Государство', '1000000', '12', '[{"Price":100,"Lefts":1000,"Autosell":0,"Name":"Запчасти","Ordered":false}]', '{"x":-1154.646,"y":-2006.5746,"z":12.054245}', '{"x":0.0,"y":0.0,"z":0.0}', '689959', '-1', '[]'),
	(71, 'Государство', '1000000', '1', '[{"Price":1,"Lefts":0,"Autosell":0,"Name":"Бензин","Ordered":false}]', '{"x":-1795.8801,"y":805.5701,"z":137.38937}', '{"x":0.0,"y":0.0,"z":0.0}', '388639', '-1', '[]'),
	(72, 'Государство', '1000000', '1', '[{"Price":1,"Lefts":0,"Autosell":0,"Name":"Бензин","Ordered":false}]', '{"x":-728.68555,"y":-935.2557,"z":17.893677}', '{"x":0.0,"y":0.0,"z":0.0}', '176982', '-1', '[]'),
	(73, 'Государство', '1000000', '1', '[{"Price":1,"Lefts":0,"Autosell":0,"Name":"Бензин","Ordered":false}]', '{"x":-1335.7427,"y":-2676.1006,"z":12.77391}', '{"x":0.0,"y":0.0,"z":0.0}', '128674', '-1', '[]'),
	(74, 'Государство', '1000000', '13', '[{"Price":200,"Lefts":200,"Autosell":0,"Name":"Средство для мытья","Ordered":false}]', '{"x":-699.7934,"y":-934.8837,"z":17.893864}', '{"x":0.0,"y":0.0,"z":0.0}', '360123', '-1', '[]'),
	(75, 'Государство', '1000000', '13', '[{"Price":200,"Lefts":200,"Autosell":0,"Name":"Средство для мытья","Ordered":false}]', '{"x":30.187027,"y":-1391.8145,"z":28.241102}', '{"x":0.0,"y":0.0,"z":0.0}', '698861', '-1', '[]'),
	(76, 'Государство', '1000000', '13', '[{"Price":200,"Lefts":200,"Autosell":0,"Name":"Средство для мытья","Ordered":false}]', '{"x":170.96251,"y":-1718.0438,"z":28.171608}', '{"x":0.0,"y":0.0,"z":0.0}', '344454', '-1', '[]');
/*!40000 ALTER TABLE `businesses` ENABLE KEYS */;

-- Дамп структуры для таблица iteffa.characters
CREATE TABLE IF NOT EXISTS `characters` (
  `uuid` bigint(255) NOT NULL,
  `adminlvl` int(255) NOT NULL,
  `money` int(255) NOT NULL,
  `firstname` text NOT NULL,
  `lastname` text NOT NULL,
  `fraction` int(255) NOT NULL,
  `fractionlvl` int(255) NOT NULL,
  `warns` int(255) NOT NULL,
  `biz` mediumtext NOT NULL,
  `hotel` int(255) NOT NULL,
  `hotelleft` int(255) NOT NULL,
  `sim` int(255) NOT NULL,
  `eat` int(255) NOT NULL,
  `water` int(255) NOT NULL,
  `demorgan` int(255) NOT NULL,
  `arrest` int(255) NOT NULL,
  `unwarn` datetime NOT NULL,
  `unmute` int(255) NOT NULL,
  `bank` int(255) NOT NULL,
  `wanted` text DEFAULT NULL,
  `lvl` int(255) NOT NULL,
  `exp` int(255) NOT NULL,
  `gender` tinyint(1) NOT NULL,
  `health` int(255) NOT NULL,
  `armor` int(255) NOT NULL,
  `licenses` text NOT NULL,
  `lastveh` text NOT NULL,
  `onduty` tinyint(1) NOT NULL,
  `lasthour` int(255) NOT NULL,
  `contacts` text NOT NULL,
  `achiev` text NOT NULL,
  `createdate` datetime NOT NULL,
  `pos` text NOT NULL,
  `work` int(255) NOT NULL,
  `idkey` int(11) NOT NULL AUTO_INCREMENT,
  PRIMARY KEY (`idkey`)
) ENGINE=InnoDB AUTO_INCREMENT=2 DEFAULT CHARSET=utf8;

-- Дамп данных таблицы iteffa.characters: ~0 rows (приблизительно)
/*!40000 ALTER TABLE `characters` DISABLE KEYS */;
INSERT INTO `characters` (`uuid`, `adminlvl`, `money`, `firstname`, `lastname`, `fraction`, `fractionlvl`, `warns`, `biz`, `hotel`, `hotelleft`, `sim`, `eat`, `water`, `demorgan`, `arrest`, `unwarn`, `unmute`, `bank`, `wanted`, `lvl`, `exp`, `gender`, `health`, `armor`, `licenses`, `lastveh`, `onduty`, `lasthour`, `contacts`, `achiev`, `createdate`, `pos`, `work`, `idkey`) VALUES
	(333333, 8, 534600, 'Jack', 'Brown', 0, 0, 0, '[18]', -1, 0, -1, 0, 2, 0, 0, '2020-11-26 09:04:39', 0, 808474, 'null', 1, 4, 1, 70, 0, '[false,false,false,false,false,false,false,false]', '', 0, 17, '{}', '[false,false,false,false,false,false,false,false,false,false,false,false,false,false,false,false,false,false,false,false,false,false,false,false,false,false,false,false,false,false,false,false,false,false,false,false,false,false,false,false,false,false,false,false,false,false,false,false,false,false,false,false,false,false,false,false,false,false,false,false,false,false,false,false,false,false,false,false,false,false,false,false,false,false,false,false,false,false,false,false,false,false,false,false,false,false,false,false,false,false,false,false,false,false,false,false,false,false,false,false,false,false,false,false,false,false,false,false,false,false,false,false,false,false,false,false,false,false,false,false,false,false,false,false,false,false,false,false,false,false,false,false,false,false,false,false,false,false,false,false,false,false,false,false,false,false,false,false,false,false,false,false,false,false,false,false,false,false,false,false,false,false,false,false,false,false,false,false,false,false,false,false,false,false,false,false,false,false,false,false,false,false,false,false,false,false,false,false,false,false,false,false,false,false,false,false,false,false,false,false,false,false,false,false,false,false,false,false,false,false,false,false,false,false,false,false,false,false,false,false,false,false,false,false,false,false,false,false,false,false,false,false,false,false,false,false,false,false,false,false,false,false,false,false,false,false,false,false,false,false,false,false,false,false,false,false,false,false,false,false,false,false,false,false,false,false,false,false,false,false,false,false,false,false,false,false,false,false,false,false,false,false,false,false,false,false,false,false,false,false,false,false,false,false,false,false,false,false,false,false,false,false,false,false,false,false,false,false,false,false,false,false,false,false,false,false,false,false,false,false,false,false,false,false,false,false,false,false,false,false,false,false,false,false,false,false,false,false,false,false,false,false,false,false,false,false,false,false,false,false,false,false,false,false,false,false,false,false,false,false,false,false,false,false,false,false,false,false,false,false,false,false,false,false,false,false,false,false,false,false,false,false,false,false,false,false,false,false,false,false,false,false,false,false,false,false,false,false,false,false,false]', '2020-11-26 09:04:39', '{"x":170.96243,"y":-1718.043,"z":29.29165}', 0, 1);
/*!40000 ALTER TABLE `characters` ENABLE KEYS */;

-- Дамп структуры для таблица iteffa.customization
CREATE TABLE IF NOT EXISTS `customization` (
  `uuid` bigint(255) NOT NULL,
  `gender` text NOT NULL,
  `parents` text NOT NULL,
  `features` text NOT NULL,
  `appearance` text NOT NULL,
  `hair` text NOT NULL,
  `clothes` text NOT NULL,
  `accessory` text NOT NULL,
  `tattoos` text NOT NULL,
  `eyebrowc` text NOT NULL,
  `beardc` text NOT NULL,
  `eyec` text NOT NULL,
  `blushc` text NOT NULL,
  `lipstickc` text NOT NULL,
  `chesthairc` text NOT NULL,
  `iscreated` tinyint(1) NOT NULL,
  `idkey` int(11) NOT NULL AUTO_INCREMENT,
  PRIMARY KEY (`idkey`)
) ENGINE=InnoDB AUTO_INCREMENT=2 DEFAULT CHARSET=utf8;

-- Дамп данных таблицы iteffa.customization: ~0 rows (приблизительно)
/*!40000 ALTER TABLE `customization` DISABLE KEYS */;
INSERT INTO `customization` (`uuid`, `gender`, `parents`, `features`, `appearance`, `hair`, `clothes`, `accessory`, `tattoos`, `eyebrowc`, `beardc`, `eyec`, `blushc`, `lipstickc`, `chesthairc`, `iscreated`, `idkey`) VALUES
	(333333, '0', '{"Father":0,"Mother":21,"Similarity":0.5,"SkinSimilarity":0.5}', '[0.0,0.0,0.0,0.0,0.0,0.0,0.0,0.0,0.0,0.0,0.0,0.0,0.0,0.0,0.0,0.0,0.0,0.0,0.0,0.0]', '[{"Value":255,"Opacity":100.0},{"Value":0,"Opacity":100.0},{"Value":1,"Opacity":100.0},{"Value":255,"Opacity":100.0},{"Value":255,"Opacity":100.0},{"Value":255,"Opacity":100.0},{"Value":255,"Opacity":100.0},{"Value":255,"Opacity":100.0},{"Value":255,"Opacity":100.0},{"Value":255,"Opacity":100.0},{"Value":255,"Opacity":100.0}]', '{"Hair":2,"Color":0,"HighlightColor":0}', '{"Mask":{"Variation":0,"Texture":0},"Gloves":{"Variation":0,"Texture":0},"Torso":{"Variation":15,"Texture":0},"Leg":{"Variation":103,"Texture":0},"Bag":{"Variation":0,"Texture":0},"Feet":{"Variation":5,"Texture":3},"Accessory":{"Variation":0,"Texture":0},"Undershit":{"Variation":15,"Texture":0},"Bodyarmor":{"Variation":0,"Texture":0},"Decals":{"Variation":0,"Texture":0},"Top":{"Variation":26,"Texture":2}}', '{"Hat":{"Variation":-1,"Texture":0},"Glasses":{"Variation":-1,"Texture":0},"Ear":{"Variation":-1,"Texture":0},"Watches":{"Variation":-1,"Texture":0},"Bracelets":{"Variation":-1,"Texture":0}}', '{"0":[],"1":[],"2":[],"3":[],"4":[],"5":[]}', '0', '0', '1', '0', '0', '0', 1, 1);
/*!40000 ALTER TABLE `customization` ENABLE KEYS */;

-- Дамп структуры для таблица iteffa.eventcfg
CREATE TABLE IF NOT EXISTS `eventcfg` (
  `RewardLimit` int(155) NOT NULL
) ENGINE=InnoDB DEFAULT CHARSET=utf8;

-- Дамп данных таблицы iteffa.eventcfg: ~0 rows (приблизительно)
/*!40000 ALTER TABLE `eventcfg` DISABLE KEYS */;
/*!40000 ALTER TABLE `eventcfg` ENABLE KEYS */;

-- Дамп структуры для таблица iteffa.e_candidates
CREATE TABLE IF NOT EXISTS `e_candidates` (
  `ID` int(11) NOT NULL AUTO_INCREMENT,
  `Votes` text NOT NULL,
  `Election` text NOT NULL,
  `Name` text NOT NULL,
  PRIMARY KEY (`ID`)
) ENGINE=InnoDB DEFAULT CHARSET=utf8;

-- Дамп данных таблицы iteffa.e_candidates: ~0 rows (приблизительно)
/*!40000 ALTER TABLE `e_candidates` DISABLE KEYS */;
/*!40000 ALTER TABLE `e_candidates` ENABLE KEYS */;

-- Дамп структуры для таблица iteffa.e_points
CREATE TABLE IF NOT EXISTS `e_points` (
  `Election` int(155) NOT NULL AUTO_INCREMENT,
  `X` varchar(11) NOT NULL,
  `Y` varchar(11) NOT NULL,
  `Z` varchar(11) NOT NULL,
  `Dimension` int(11) NOT NULL,
  `Opened` text NOT NULL,
  PRIMARY KEY (`Election`)
) ENGINE=InnoDB DEFAULT CHARSET=utf8;

-- Дамп данных таблицы iteffa.e_points: ~0 rows (приблизительно)
/*!40000 ALTER TABLE `e_points` DISABLE KEYS */;
/*!40000 ALTER TABLE `e_points` ENABLE KEYS */;

-- Дамп структуры для таблица iteffa.e_voters
CREATE TABLE IF NOT EXISTS `e_voters` (
  `Election` int(155) NOT NULL,
  `Login` text NOT NULL,
  `TimeVoted` text NOT NULL,
  `VotedFor` text NOT NULL
) ENGINE=InnoDB DEFAULT CHARSET=utf8;

-- Дамп данных таблицы iteffa.e_voters: ~0 rows (приблизительно)
/*!40000 ALTER TABLE `e_voters` DISABLE KEYS */;
/*!40000 ALTER TABLE `e_voters` ENABLE KEYS */;

-- Дамп структуры для таблица iteffa.fractionaccess
CREATE TABLE IF NOT EXISTS `fractionaccess` (
  `idkey` int(11) NOT NULL AUTO_INCREMENT,
  `fraction` int(155) NOT NULL,
  `commands` text NOT NULL,
  `weapons` text NOT NULL,
  PRIMARY KEY (`idkey`)
) ENGINE=InnoDB AUTO_INCREMENT=19 DEFAULT CHARSET=utf8mb4;

-- Дамп данных таблицы iteffa.fractionaccess: ~15 rows (приблизительно)
/*!40000 ALTER TABLE `fractionaccess` DISABLE KEYS */;
INSERT INTO `fractionaccess` (`idkey`, `fraction`, `commands`, `weapons`) VALUES
	(1, 1, '{"takedrugs":6,"takemedkits":8,"takestock":10,"openweaponstock":10,"takemats":10,"capture":10,"takemoney":11,"invite":10,"setrank":11,"openstock":10,"closestock":10,"respawn":12,"uninvite":10,"buydrugs":8}', '{"Medkits":8}'),
	(2, 2, '{"takedrugs":6,"takemedkits":8,"takestock":10,"openweaponstock":10,"takemats":10,"capture":10,"takemoney":11,"invite":10,"setrank":11,"openstock":10,"closestock":10,"respawn":12,"uninvite":10,"buydrugs":8}', '{"Medkits":8}'),
	(3, 3, '{"takedrugs":6,"takemedkits":8,"takestock":10,"openweaponstock":10,"takemats":10,"capture":10,"takemoney":11,"invite":10,"setrank":11,"openstock":10,"closestock":10,"respawn":12,"uninvite":10,"buydrugs":8}', '{"Medkits":8}'),
	(4, 4, '{"takedrugs":6,"takemedkits":8,"takestock":10,"openweaponstock":10,"takemats":10,"capture":10,"takemoney":11,"invite":10,"setrank":11,"openstock":10,"closestock":10,"respawn":12,"uninvite":10,"buydrugs":8}', '{"Medkits":8}'),
	(5, 5, '{"takedrugs":6,"takemedkits":8,"takestock":10,"openweaponstock":10,"takemats":10,"capture":10,"takemoney":11,"invite":10,"setrank":11,"openstock":10,"closestock":10,"respawn":12,"uninvite":10,"buydrugs":8}', '{"Medkits":8}'),
	(6, 6, '{"openweaponstock":4,"follow":4,"cuff":4,"uncuff":4,"dep":6,"gov":7,"invite":7,"uninvite":7,"setrank":7,"openstock":7,"closestock":7,"respawn":8,"opensafedoor":8,"takemedkits":4}', '{"stungun":3,"pistol":4,"PistolAmmo":4,"armor":4,"MedKits":4,"AdvancedRifle":5,"RiflesAmmo":5,"gusenberg":20,"SMGAmmo":6,"Medkits":4}'),
	(7, 7, '{"dep":12,"gov":12,"pd":1,"takeguns":2,"openweaponstock":2,"cuff":2,"uncuff":2,"ticket":2,"pull":2,"incar":2,"su":2,"arrest":2,"rfp":2,"follow":2,"takegunlic":5,"warg":9,"givegunlic":9,"invite":13,"uninvite":13,"setrank":13,"openstock":13,"closestock":13,"respawn":14}', '{"Nightstick":1,"Pistol":2,"PistolAmmo":2,"armor":2,"Medkits":2,"StunGun":2,"PumpShotgun":4,"ShotgunsAmmo":4,"SMG":5,"SMGAmmo":5,"HeavyShotgun":13,"RiflesAmmo":5,"CarabineRifle":5}'),
	(8, 8, '{"dep":9,"gov":9,"heal":1,"ems":2,"givemedlic":4,"setrank":9,"invite":9,"uninvite":9,"openstock":11,"closestock":11,"respawn":11}', '{"Medkits":2,"StunGun":3}'),
	(9, 9, '{"dep":11,"gov":12,"pd":1,"takeguns":2,"cuff":2,"uncuff":2,"ticket":2,"pull":2,"incar":2,"su":2,"arrest":2,"rfp":2,"follow":2,"openweaponstock":3,"takegunlic":6,"warg":10,"invite":13,"uninvite":13,"setrank":13,"openstock":13,"closestock":13,"respawn":14}', '{"StunGun":1,"Pistol":2,"PistolAmmo":2,"armor":2,"CombatPDW":3,"SMGAmmo":3,"AdvancedRifle":4,"RiflesAmmo":4,"HeavySniper":13,"SniperAmmo":13,"Medkits":2}'),
	(10, 10, '{"buydrugs":8,"cuff":2,"uncuff":2,"pocket":2,"follow":2,"incar":2,"pull":2,"takedrugs":3,"takemedkits":4,"openweaponstock":5,"takemats":5,"bizwar":7,"takemoney":8,"takestock":8,"setrank":9,"invite":9,"uninvite":9,"openstock":9,"closestock":9,"respawn":10,"takebiz":8}', '{"Medkits":4}'),
	(11, 11, '{"buydrugs":8,"cuff":2,"uncuff":2,"pocket":2,"takebiz":8,"follow":2,"incar":2,"pull":2,"takedrugs":3,"takemedkits":4,"openweaponstock":5,"takemats":5,"bizwar":7,"takemoney":8,"takestock":8,"setrank":9,"invite":9,"uninvite":9,"openstock":9,"closestock":9,"respawn":10}', '{"Medkits":4}'),
	(12, 12, '{"buydrugs":8,"cuff":2,"uncuff":2,"pocket":2,"follow":2,"incar":2,"pull":2,"takedrugs":3,"takemedkits":4,"openweaponstock":5,"takemats":5,"bizwar":7,"takemoney":8,"takestock":8,"setrank":9,"invite":9,"uninvite":9,"openstock":9,"closestock":9,"respawn":10,"takebiz":8}', '{"Medkits":4}'),
	(13, 13, '{"buydrugs":8,"cuff":2,"uncuff":2,"pocket":2,"follow":2,"incar":2,"pull":2,"takedrugs":3,"takemedkits":4,"openweaponstock":5,"takemats":5,"bizwar":7,"takemoney":8,"takestock":8,"setrank":9,"invite":9,"uninvite":9,"openstock":9,"closestock":9,"respawn":10,"takebiz":8}', '{"Medkits":4}'),
	(14, 14, '{"dep":12,"gov":13,"openweaponstock":5,"cuff":8,"follow":8,"incar":8,"pull":8,"invite":14,"uninvite":14,"setrank":14,"openstock":14,"closestock":14,"respawn":15,"givearmylic":14}', '{"pistol":2,"PistolAmmo":2,"carabine":3,"RiflesAmmo":3,"Medkits":3,"armor":3,"SMGAmmo":13,"CombatMG":14}'),
	(18, 18, '{"invite": "13",  "uninvite": "13",  "setrank": "13",  "ticket": "1",  "arrest": "1",  "rfp": "1",  "follow": "1",  "su": "1",  "incar": "1",  "pull": "1",  "warg": "12",  "openweaponstock": "12",  "openstock": "12",  "givegunlic": "5",  "takegunlic": "5",  "cuff": "1",  "dep": "1",  "gov": "1"}', '{"sheriffgun":"1", "armor":"1", "Medkits":"1", "PistolAmmo":"1", "SMGAmmo":"1", "ShotgunsAmmo":"1", "RiflesAmmo":"1"}');
/*!40000 ALTER TABLE `fractionaccess` ENABLE KEYS */;

-- Дамп структуры для таблица iteffa.fractionranks
CREATE TABLE IF NOT EXISTS `fractionranks` (
  `fraction` int(155) NOT NULL,
  `rank` int(155) NOT NULL,
  `payday` int(155) NOT NULL,
  `name` text NOT NULL,
  `clothesm` text NOT NULL,
  `clothesf` mediumtext NOT NULL
) ENGINE=InnoDB DEFAULT CHARSET=utf8mb4;

-- Дамп данных таблицы iteffa.fractionranks: ~242 rows (приблизительно)
/*!40000 ALTER TABLE `fractionranks` DISABLE KEYS */;
INSERT INTO `fractionranks` (`fraction`, `rank`, `payday`, `name`, `clothesm`, `clothesf`) VALUES
	(1, 1, 100, 'Outsider', '', ''),
	(1, 2, 200, 'Playa', '', ''),
	(1, 3, 300, 'Killa', '', ''),
	(1, 4, 400, 'B.A.D', '', ''),
	(1, 5, 500, 'Gangster', '', ''),
	(1, 6, 600, 'De King', '', ''),
	(1, 7, 700, 'O.G', '', ''),
	(1, 8, 800, 'Hommie', '', ''),
	(1, 9, 900, 'Sweet', '', ''),
	(1, 10, 1000, 'Legend', '', ''),
	(1, 11, 1100, 'Mad Dog', '', ''),
	(1, 12, 1200, 'Big Daddy', '', ''),
	(2, 1, 100, 'Freak', '', ''),
	(2, 2, 200, 'Little Nigga', '', ''),
	(2, 3, 300, 'Homeboy', '', ''),
	(2, 4, 400, 'Mature', '', ''),
	(2, 5, 500, 'Gun Bro', '', ''),
	(2, 6, 600, 'Gunsta', '', ''),
	(2, 7, 700, 'Hustle', '', ''),
	(2, 8, 800, 'Young Gangsta', '', ''),
	(2, 9, 900, 'Wiseman', '', ''),
	(2, 10, 1000, 'Beast', '', ''),
	(2, 11, 1100, 'O.G', '', ''),
	(2, 12, 1200, 'Daddy', '', ''),
	(3, 1, 100, 'Novito', '', ''),
	(3, 2, 200, 'Ordinario', '', ''),
	(3, 3, 300, 'Locale', '', ''),
	(3, 4, 400, 'Verification', '', ''),
	(3, 5, 500, 'Sangre Joven', '', ''),
	(3, 6, 600, 'Murda', '', ''),
	(3, 7, 700, 'Assessino', '', ''),
	(3, 8, 800, 'Latino King', '', ''),
	(3, 9, 900, 'Bandito', '', ''),
	(3, 10, 1000, 'Definido', '', ''),
	(3, 11, 1100, 'De Confianza', '', ''),
	(3, 12, 1200, 'Padrino', '', ''),
	(4, 1, 100, 'Nadie', '', ''),
	(4, 2, 200, 'Seguro', '', ''),
	(4, 3, 300, 'Artesano', '', ''),
	(4, 4, 400, 'Allegado', '', ''),
	(4, 5, 500, 'Caza', '', ''),
	(4, 6, 600, 'Soldado', '', ''),
	(4, 7, 700, 'J.', '', ''),
	(4, 8, 800, 'Ayudante', '', ''),
	(4, 9, 900, 'Mentor', '', ''),
	(4, 10, 1000, 'Explosion', '', ''),
	(4, 11, 1100, 'Maestro', '', ''),
	(4, 12, 1200, 'El Padre', '', ''),
	(5, 1, 100, 'Fresh Meat', '', ''),
	(5, 2, 200, 'Young Blood', '', ''),
	(5, 3, 300, 'Mature Blood', '', ''),
	(5, 4, 400, 'Gangster Blood', '', ''),
	(5, 5, 500, 'Kill Blood', '', ''),
	(5, 6, 600, 'Beef', '', ''),
	(5, 7, 700, 'Looker Blood', '', ''),
	(5, 8, 800, 'Confirmed ', '', ''),
	(5, 9, 900, 'Little Bos', '', ''),
	(5, 10, 1000, 'Big Blood Boss', '', ''),
	(5, 11, 1100, 'Rex', '', ''),
	(5, 12, 1200, 'King of Blood', '', ''),
	(6, 1, 350, 'Trainee', 'city_1', 'city_1'),
	(6, 2, 450, 'Jurist', 'city_1', 'city_1'),
	(6, 3, 600, 'Secretary', 'city_1', 'city_1'),
	(6, 4, 750, 'Officer', 'city_4', 'city_4'),
	(6, 5, 1000, 'Junior Lawyer', 'city_2', 'city_2'),
	(6, 6, 1200, 'Secretary Assistant', 'city_2', 'city_2'),
	(6, 7, 1300, 'Agent', 'city_5', 'city_5'),
	(6, 8, 1450, 'Lawyer', 'city_3', 'city_3'),
	(6, 9, 1550, 'HR Manager', 'city_7', 'city_7'),
	(6, 10, 1750, 'Special Agent', 'city_5', 'city_5'),
	(6, 11, 1900, 'Prosecutor', 'city_7', 'city_7'),
	(6, 12, 2100, 'Event Manager', 'city_3', 'city_3'),
	(6, 13, 2250, 'Head', 'city_6', 'city_6'),
	(6, 14, 2500, 'Judge', 'city_5', 'city_5'),
	(6, 15, 2800, 'Supreme Judge', 'city_6', 'city_6'),
	(6, 16, 3100, 'Chief of Staff', 'city_7', 'city_7'),
	(6, 17, 3450, 'Director', 'city_6', 'city_6'),
	(6, 18, 3650, 'Advisor', 'city_8', 'city_8'),
	(6, 19, 3800, 'Mayor', 'city_8', 'city_8'),
	(6, 20, 4000, 'Minister', 'city_9', 'city_9'),
	(6, 21, 4500, 'Governor', 'city_9', 'city_9'),
	(7, 1, 100, 'Cadet', 'police_1', 'police_1'),
	(7, 2, 200, 'Officer I', 'police_1', 'police_1'),
	(7, 3, 500, 'Officer II', 'police_2', 'police_2'),
	(7, 4, 700, 'Senior Officer', 'police_2', 'police_2'),
	(7, 5, 850, 'Corporal', 'police_3', 'police_3'),
	(7, 6, 900, 'Sergeant I', 'police_4', 'police_4'),
	(7, 7, 1150, 'Sergeant II', 'police_5', 'police_5'),
	(7, 8, 1350, 'Lieutenant', 'police_6', 'police_6'),
	(7, 9, 1500, 'Captain', 'police_6', 'police_6'),
	(7, 10, 1650, 'Major', 'police_7', 'police_7'),
	(7, 11, 1850, 'Colonel', 'police_7', 'police_7'),
	(7, 12, 2000, 'Commander', 'police_8', 'police_8'),
	(7, 13, 2250, 'Deputy Chief', 'police_8', 'police_8'),
	(7, 14, 2500, 'Chief', 'police_8', 'police_8'),
	(8, 1, 300, 'Intern', 'ems_1', 'ems_1'),
	(8, 2, 650, 'Medical Worker', 'ems_1', 'ems_1'),
	(8, 3, 850, 'Assistant of Doctor', 'ems_1', 'ems_1'),
	(8, 4, 1100, 'Doctor', 'ems_2', 'ems_2'),
	(8, 5, 1350, 'Narcology', 'ems_2', 'ems_2'),
	(8, 6, 1450, 'Superintendent', 'ems_3', 'ems_3'),
	(8, 7, 1600, 'Specialist', 'ems_3', 'ems_3'),
	(8, 8, 1750, 'Deputy Chief of Department', 'ems_3', 'ems_3'),
	(8, 9, 1850, 'Chief Department', 'ems_4', 'ems_4'),
	(8, 10, 2000, 'Deputy Head Physician', 'ems_4', 'ems_4'),
	(8, 11, 2250, 'Head Physician', 'ems_4', 'ems_4'),
	(9, 1, 350, 'Trainee', 'city_6', 'city_6'),
	(9, 2, 500, 'Bureau Security', 'city_6', 'city_6'),
	(9, 3, 650, 'Junior Agent', 'city_6', 'city_6'),
	(9, 4, 750, 'Agent', 'city_6', 'city_6'),
	(9, 5, 900, 'Secret Agent', 'city_6', 'city_6'),
	(9, 6, 1200, 'Special Agent', 'city_6', 'city_6'),
	(9, 7, 1350, 'Head of Agency', 'city_6', 'city_6'),
	(9, 8, 1550, 'Agent NATs. Securities', 'city_6', 'city_6'),
	(9, 9, 1700, 'Deputy Chief of Department', 'city_6', 'city_6'),
	(9, 10, 1950, 'Chief of the Department', 'city_5', 'city_5'),
	(9, 11, 2350, 'Head of Department', 'city_5', 'city_5'),
	(9, 12, 2550, 'Inspector', 'city_5', 'city_5'),
	(9, 13, 2850, 'Deputy of Director', 'city_5', 'city_5'),
	(9, 14, 3100, 'Director', 'city_5', 'city_5'),
	(10, 1, 100, 'Novicio', '', ''),
	(10, 2, 200, 'Assosiato', '', ''),
	(10, 3, 300, 'Combattente', '', ''),
	(10, 4, 400, 'Soldato', '', ''),
	(10, 5, 500, 'Man-O-War', '', ''),
	(10, 6, 600, 'Sotto-Kapo', '', ''),
	(10, 7, 700, 'Kapo', '', ''),
	(10, 8, 800, 'Little Boss', '', ''),
	(10, 9, 900, 'Consigliere', '', ''),
	(10, 10, 1000, 'Don', '', ''),
	(11, 1, 100, 'Шнырь', '', ''),
	(11, 2, 200, 'Босяк', '', ''),
	(11, 3, 300, 'Бык', '', ''),
	(11, 4, 400, 'Барыга', '', ''),
	(11, 5, 500, 'Блатной', '', ''),
	(11, 6, 600, 'Фраер', '', ''),
	(11, 7, 700, 'Браток', '', ''),
	(11, 8, 800, 'Пахан', '', ''),
	(11, 9, 900, 'Авторитет', '', ''),
	(11, 10, 1000, 'Вор в законе', '', ''),
	(12, 1, 100, 'Cyatay', '', ''),
	(12, 2, 200, 'Kodai', '', ''),
	(12, 3, 300, 'Syatai', '', ''),
	(12, 4, 400, 'Fuku-Hombute', '', ''),
	(12, 5, 500, 'Wakagasira', '', ''),
	(12, 6, 600, 'So-Hombute', '', ''),
	(12, 7, 700, 'Kambu', '', ''),
	(12, 8, 800, 'Saiko-Komon', '', ''),
	(12, 9, 900, 'Kumite', '', ''),
	(12, 10, 1000, 'Oyadzi', '', ''),
	(13, 1, 100, 'Ержан', '', ''),
	(13, 2, 200, 'Лав Тха', '', ''),
	(13, 3, 300, 'Хардах', '', ''),
	(13, 4, 400, 'Анцагорц', '', ''),
	(13, 5, 500, 'Джепкир', '', ''),
	(13, 6, 600, 'Ехпайр', '', ''),
	(13, 7, 700, 'Найох', '', ''),
	(13, 8, 800, 'Гох', '', ''),
	(13, 9, 900, 'Кероп', '', ''),
	(13, 10, 1000, 'Баир', '', ''),
	(14, 1, 350, 'Recruit', 'army_1', 'army_1'),
	(14, 2, 450, 'Private', 'army_2', 'army_2'),
	(14, 3, 650, 'Specialist', 'army_3', 'army_3'),
	(14, 4, 800, 'Corporal', 'army_4', 'army_4'),
	(14, 5, 900, 'Sergeant', 'army_5', 'army_5'),
	(14, 6, 600, 'Staff Sergeant', 'army_6', 'army_6'),
	(14, 7, 700, 'Master Segeant', 'army_7', 'army_7'),
	(14, 8, 800, 'Sergeant Major', 'army_8', 'army_8'),
	(14, 9, 900, 'Warrant Officer', 'army_9', 'army_9'),
	(14, 10, 1050, 'Lieutenant', 'army_10', 'army_10'),
	(14, 11, 1350, 'Captain', 'army_11', 'army_11'),
	(14, 12, 1550, 'Major', 'army_12', 'army_12'),
	(14, 13, 1750, 'Colonel', 'army_13', 'army_13'),
	(14, 14, 2200, 'General lieutenant', 'army_14', 'army_14'),
	(14, 15, 2600, 'General', 'army_15', 'army_15'),
	(15, 1, 300, 'Trainee', '', ''),
	(15, 2, 500, 'Journalist', '', ''),
	(15, 3, 700, 'Specialist', ' ', ''),
	(15, 4, 900, 'Mentor', ' ', ' '),
	(15, 5, 1100, 'Photographer', ' ', ' '),
	(15, 6, 1250, 'Rewriter', ' ', ' '),
	(15, 7, 1350, 'Assistant Editor', ' ', ' '),
	(15, 8, 1500, 'Operator', ' ', ' '),
	(15, 9, 1600, 'Personnel Manager', ' ', ' '),
	(15, 10, 1750, 'Chief Editor', ' ', ' '),
	(15, 11, 1850, 'Producer', ' ', ' '),
	(15, 12, 1900, 'Chief Manager', ' ', ' '),
	(15, 13, 2100, 'Head Editor', ' ', ' '),
	(15, 14, 2200, 'Head Presenter', ' ', ' '),
	(15, 15, 2250, 'Head Manager', ' ', ' '),
	(15, 16, 2400, 'Deputy General Director', ' ', ' '),
	(15, 17, 2600, 'General Director', ' ', ' '),
	(16, 0, 0, 'rank_0', 'police_1', 'police_1'),
	(16, 1, 100, 'rank_1', 'police_1', 'police_1'),
	(16, 2, 200, 'rank_2', 'police_1', 'police_1'),
	(16, 3, 300, 'rank_3', 'police_1', 'police_1'),
	(16, 4, 400, 'rank_4', 'police_1', 'police_1'),
	(16, 5, 500, 'rank_5', 'police_1', 'police_1'),
	(16, 6, 600, 'rank_6', 'police_1', 'police_1'),
	(16, 7, 700, 'rank_7', 'police_1', 'police_1'),
	(16, 8, 800, 'rank_8', 'police_1', 'police_1'),
	(16, 9, 900, 'rank_9', 'police_1', 'police_1'),
	(16, 10, 1000, 'rank_10', 'police_1', 'police_1'),
	(16, 11, 1100, 'rank_11', 'police_1', 'police_1'),
	(16, 12, 1200, 'rank_12', 'police_1', 'police_1'),
	(16, 13, 1300, 'rank_13', 'police_1', 'police_1'),
	(16, 14, 1400, 'rank_14', 'police_1', 'police_1'),
	(16, 15, 1500, 'rank_15', 'police_1', 'police_1'),
	(16, 16, 1600, 'rank_16', 'police_1', 'police_1'),
	(16, 17, 1700, 'rank_17', 'police_1', 'police_1'),
	(17, 0, 0, 'rank_0', 'police_1', 'police_1'),
	(17, 1, 100, 'rank_1', 'police_1', 'police_1'),
	(17, 2, 200, 'rank_2', 'police_1', 'police_1'),
	(17, 3, 300, 'rank_3', 'police_1', 'police_1'),
	(17, 4, 400, 'rank_4', 'police_1', 'police_1'),
	(17, 5, 500, 'rank_5', 'police_1', 'police_1'),
	(17, 6, 600, 'rank_6', 'police_1', 'police_1'),
	(17, 7, 700, 'rank_7', 'police_1', 'police_1'),
	(17, 8, 800, 'rank_8', 'police_1', 'police_1'),
	(17, 9, 900, 'rank_9', 'police_1', 'police_1'),
	(17, 10, 1000, 'rank_10', 'police_1', 'police_1'),
	(17, 11, 1100, 'rank_11', 'police_1', 'police_1'),
	(17, 12, 1200, 'rank_12', 'police_1', 'police_1'),
	(17, 13, 1300, 'rank_13', 'police_1', 'police_1'),
	(17, 14, 1400, 'rank_14', 'police_1', 'police_1'),
	(17, 15, 1500, 'rank_15', 'police_1', 'police_1'),
	(17, 16, 1600, 'rank_16', 'police_1', 'police_1'),
	(17, 17, 1700, 'rank_17', 'police_1', 'police_1'),
	(18, 1, 300, 'Кадет', 'sheriff_1', 'sheriff_1'),
	(18, 2, 400, 'Стёпка 2 уровня', 'sheriff_1', 'sheriff_1'),
	(18, 3, 500, 'Стёпка 3 уровня', 'sheriff_2', 'sheriff_2'),
	(18, 4, 600, 'Стёпка 4 уровня', 'sheriff_2', 'sheriff_2'),
	(18, 5, 700, 'Стёпка 5 уровня', 'sheriff_3', 'sheriff_3'),
	(18, 6, 800, 'Стёпка 6 уровня', 'sheriff_4', 'sheriff_4'),
	(18, 7, 900, 'Стёпка 7 уровня', 'sheriff_4', 'sheriff_4'),
	(18, 8, 1000, 'Стёпка 8 уровня', 'sheriff_4', 'sheriff_4'),
	(18, 9, 1100, 'Стёпка 9 уровня', 'sheriff_5', 'sheriff_5'),
	(18, 10, 1200, 'Стёпка 10 уровня', 'sheriff_6', 'sheriff_6'),
	(18, 11, 1300, 'Стёпка 11 уровня', 'sheriff_7', 'sheriff_7'),
	(18, 12, 1500, 'Стёпка 12 уровня', 'sheriff_8', 'sheriff_8'),
	(18, 13, 3000, 'Стёпка 13 уровня', 'sheriff_8', 'sheriff_8'),
	(18, 14, 6600, 'Стёпка 14 уровня', 'sheriff_8', 'sheriff_8');
/*!40000 ALTER TABLE `fractionranks` ENABLE KEYS */;

-- Дамп структуры для таблица iteffa.fractions
CREATE TABLE IF NOT EXISTS `fractions` (
  `id` int(155) NOT NULL,
  `drugs` int(155) NOT NULL,
  `money` int(155) NOT NULL,
  `mats` int(155) NOT NULL,
  `medkits` int(155) NOT NULL,
  `lastserial` text NOT NULL,
  `weapons` text NOT NULL,
  `isopen` tinyint(1) NOT NULL,
  `fuellimit` int(155) NOT NULL,
  `fuelleft` int(155) NOT NULL,
  PRIMARY KEY (`id`)
) ENGINE=InnoDB DEFAULT CHARSET=utf8;

-- Дамп данных таблицы iteffa.fractions: ~18 rows (приблизительно)
/*!40000 ALTER TABLE `fractions` DISABLE KEYS */;
INSERT INTO `fractions` (`id`, `drugs`, `money`, `mats`, `medkits`, `lastserial`, `weapons`, `isopen`, `fuellimit`, `fuelleft`) VALUES
	(1, 0, 100000, 10000, 50, '1', '[]', 1, 200, 150),
	(2, 0, 100000, 10000, 50, '1', '[]', 1, 200, 150),
	(3, 0, 100000, 10000, 50, '1', '[]', 1, 200, 150),
	(4, 0, 100000, 10000, 50, '1', '[]', 1, 200, 150),
	(5, 0, 100000, 10000, 50, '1', '[]', 1, 200, 150),
	(6, 0, 133013, 10000, 50, '1', '[]', 1, 200, 150),
	(7, 0, 100000, 10000, 48, '1', '[]', 1, 200, 150),
	(8, 0, 100000, 10000, 50, '1', '[]', 1, 200, 150),
	(9, 0, 100000, 10000, 46, '1', '[]', 1, 200, 150),
	(10, 0, 100000, 10000, 50, '1', '[]', 1, 200, 150),
	(11, 0, 100000, 10000, 50, '1', '[]', 0, 200, 150),
	(12, 0, 100000, 10000, 50, '1', '[]', 1, 200, 150),
	(13, 0, 100000, 10000, 50, '1', '[]', 1, 200, 150),
	(14, 0, 100000, 10000, 50, '1', '[]', 1, 200, 150),
	(15, 0, 100000, 10000, 50, '1', '[]', 1, 200, 150),
	(16, 0, 100000, 10000, 50, '1', '[]', 1, 200, 150),
	(17, 0, 100000, 10000, 50, '1', '[]', 1, 200, 150),
	(18, 0, 100000, 10000, 50, '1', '[]', 1, 200, 150);
/*!40000 ALTER TABLE `fractions` ENABLE KEYS */;

-- Дамп структуры для таблица iteffa.fractionvehicles
CREATE TABLE IF NOT EXISTS `fractionvehicles` (
  `fraction` int(155) NOT NULL,
  `number` text NOT NULL,
  `components` text NOT NULL,
  `model` text NOT NULL,
  `position` text NOT NULL,
  `rotation` text NOT NULL,
  `rank` int(155) NOT NULL,
  `colorprim` int(11) NOT NULL,
  `colorsec` int(11) NOT NULL
) ENGINE=InnoDB DEFAULT CHARSET=utf8;

-- Дамп данных таблицы iteffa.fractionvehicles: ~15 rows (приблизительно)
/*!40000 ALTER TABLE `fractionvehicles` DISABLE KEYS */;
INSERT INTO `fractionvehicles` (`fraction`, `number`, `components`, `model`, `position`, `rotation`, `rank`, `colorprim`, `colorsec`) VALUES
	(3, 'VAGOS', '{"PrimColor":{"Red":0,"Green":0,"Blue":0,"Alpha":255},"SecColor":{"Red":0,"Green":0,"Blue":0,"Alpha":255},"PrimModColor":-1,"SecModColor":-1,"Muffler":-1,"SideSkirt":-1,"Hood":-1,"Spoiler":-1,"Lattice":-1,"Wings":-1,"Roof":-1,"Vinyls":-1,"FrontBumper":-1,"RearBumper":-1,"Engine":-1,"Turbo":-1,"Horn":-1,"Transmission":-1,"WindowTint":0,"Suspension":-1,"Brakes":-1,"Headlights":-1,"NumberPlate":0,"Wheels":-1,"WheelsType":0,"WheelsColor":0,"NeonColor":{"Red":0,"Green":0,"Blue":0,"Alpha":0},"Armor":-1}', 'speedo4', '{"x":480.659058,"y":-1897.94,"z":26.3010216}', '{"x":-2.14845753,"y":-0.149998382,"z":294.1523}', 1, 89, 89),
	(5, 'BLOOD', '{"PrimColor":{"Red":0,"Green":0,"Blue":0,"Alpha":255},"SecColor":{"Red":0,"Green":0,"Blue":0,"Alpha":255},"PrimModColor":-1,"SecModColor":-1,"Muffler":-1,"SideSkirt":-1,"Hood":-1,"Spoiler":-1,"Lattice":-1,"Wings":-1,"Roof":-1,"Vinyls":-1,"FrontBumper":-1,"RearBumper":-1,"Engine":-1,"Turbo":-1,"Horn":-1,"Transmission":-1,"WindowTint":0,"Suspension":-1,"Brakes":-1,"Headlights":-1,"NumberPlate":0,"Wheels":-1,"WheelsType":0,"WheelsColor":0,"NeonColor":{"Red":0,"Green":0,"Blue":0,"Alpha":0},"Armor":-1}', 'speedo4', '{"x":964.527161,"y":-1822.9989,"z":31.8066444}', '{"x":-0.150949568,"y":-0.30840224,"z":356.3136}', 1, 27, 40),
	(4, 'MARA', '{"PrimColor":{"Red":0,"Green":0,"Blue":0,"Alpha":255},"SecColor":{"Red":0,"Green":0,"Blue":0,"Alpha":255},"PrimModColor":-1,"SecModColor":-1,"Muffler":-1,"SideSkirt":-1,"Hood":-1,"Spoiler":-1,"Lattice":-1,"Wings":-1,"Roof":-1,"Vinyls":-1,"FrontBumper":-1,"RearBumper":-1,"Engine":-1,"Turbo":-1,"Horn":-1,"Transmission":-1,"WindowTint":0,"Suspension":-1,"Brakes":-1,"Headlights":-1,"NumberPlate":0,"Wheels":-1,"WheelsType":0,"WheelsColor":0,"NeonColor":{"Red":0,"Green":0,"Blue":0,"Alpha":0},"Armor":-1}', 'speedo4', '{"x":1422.415,"y":-1504.24561,"z":61.6569328}', '{"x":3.0280447,"y":6.04306936,"z":160.6023}', 1, 70, 70),
	(1, 'FAMILY', '{"PrimColor":{"Red":0,"Green":0,"Blue":0,"Alpha":255},"SecColor":{"Red":0,"Green":0,"Blue":0,"Alpha":255},"PrimModColor":-1,"SecModColor":-1,"Muffler":-1,"SideSkirt":-1,"Hood":-1,"Spoiler":-1,"Lattice":-1,"Wings":-1,"Roof":-1,"Vinyls":-1,"FrontBumper":-1,"RearBumper":-1,"Engine":-1,"Turbo":-1,"Horn":-1,"Transmission":-1,"WindowTint":0,"Suspension":-1,"Brakes":-1,"Headlights":-1,"NumberPlate":0,"Wheels":-1,"WheelsType":0,"WheelsColor":0,"NeonColor":{"Red":0,"Green":0,"Blue":0,"Alpha":0},"Armor":-1}', 'speedo4', '{"x":-17.9508553,"y":-1405.06165,"z":29.8131943}', '{"x":-0.3069338,"y":-0.153867349,"z":269.041931}', 1, 53, 53),
	(2, 'BALLAS', '{"PrimColor":{"Red":0,"Green":0,"Blue":0,"Alpha":255},"SecColor":{"Red":0,"Green":0,"Blue":0,"Alpha":255},"PrimModColor":-1,"SecModColor":-1,"Muffler":-1,"SideSkirt":-1,"Hood":-1,"Spoiler":-1,"Lattice":-1,"Wings":-1,"Roof":-1,"Vinyls":-1,"FrontBumper":-1,"RearBumper":-1,"Engine":-1,"Turbo":-1,"Horn":-1,"Transmission":-1,"WindowTint":0,"Suspension":-1,"Brakes":-1,"Headlights":-1,"NumberPlate":0,"Wheels":-1,"WheelsType":0,"WheelsColor":0,"NeonColor":{"Red":0,"Green":0,"Blue":0,"Alpha":0},"Armor":-1}', 'speedo4', '{"x":124.893837,"y":-2012.4082,"z":18.7940254}', '{"x":-0.0907571241,"y":-0.254606843,"z":28.8000183}', 1, 148, 148),
	(14, 'ARMY1', '{"PrimColor":{"Red":0,"Green":0,"Blue":0,"Alpha":255},"SecColor":{"Red":0,"Green":0,"Blue":0,"Alpha":255},"PrimModColor":-1,"SecModColor":-1,"Muffler":-1,"SideSkirt":-1,"Hood":-1,"Spoiler":-1,"Lattice":-1,"Wings":-1,"Roof":-1,"Vinyls":-1,"FrontBumper":-1,"RearBumper":-1,"Engine":-1,"Turbo":-1,"Horn":-1,"Transmission":-1,"WindowTint":0,"Suspension":-1,"Brakes":-1,"Headlights":-1,"NumberPlate":0,"Wheels":-1,"WheelsType":0,"WheelsColor":0,"NeonColor":{"Red":0,"Green":0,"Blue":0,"Alpha":0},"Armor":-1}', 'barracks', '{"x":-2411.47583,"y":3279.12329,"z":32.9509277}', '{"x":-0.36936003,"y":-0.746038854,"z":241.29834}', 1, 99, 99),
	(14, 'ARMY2', '{"PrimColor":{"Red":0,"Green":0,"Blue":0,"Alpha":255},"SecColor":{"Red":0,"Green":0,"Blue":0,"Alpha":255},"PrimModColor":-1,"SecModColor":-1,"Muffler":-1,"SideSkirt":-1,"Hood":-1,"Spoiler":-1,"Lattice":-1,"Wings":-1,"Roof":-1,"Vinyls":-1,"FrontBumper":-1,"RearBumper":-1,"Engine":-1,"Turbo":-1,"Horn":-1,"Transmission":-1,"WindowTint":0,"Suspension":-1,"Brakes":-1,"Headlights":-1,"NumberPlate":0,"Wheels":-1,"WheelsType":0,"WheelsColor":0,"NeonColor":{"Red":0,"Green":0,"Blue":0,"Alpha":0},"Armor":-1}', 'barracks', '{"x":-2409.78687,"y":3282.21118,"z":32.9507}', '{"x":-0.412521869,"y":-0.686305165,"z":239.448914}', 1, 99, 99),
	(14, 'ARMY3', '{"PrimColor":{"Red":0,"Green":0,"Blue":0,"Alpha":255},"SecColor":{"Red":0,"Green":0,"Blue":0,"Alpha":255},"PrimModColor":-1,"SecModColor":-1,"Muffler":-1,"SideSkirt":-1,"Hood":-1,"Spoiler":-1,"Lattice":-1,"Wings":-1,"Roof":-1,"Vinyls":-1,"FrontBumper":-1,"RearBumper":-1,"Engine":-1,"Turbo":-1,"Horn":-1,"Transmission":-1,"WindowTint":0,"Suspension":-1,"Brakes":-1,"Headlights":-1,"NumberPlate":0,"Wheels":-1,"WheelsType":0,"WheelsColor":0,"NeonColor":{"Red":0,"Green":0,"Blue":0,"Alpha":0},"Armor":-1}', 'barracks', '{"x":-2406.34546,"y":3287.84937,"z":32.954216}', '{"x":-0.306399375,"y":-0.6496362,"z":241.696045}', 1, 99, 99),
	(14, 'ARMY4', '{"PrimColor":{"Red":0,"Green":0,"Blue":0,"Alpha":255},"SecColor":{"Red":0,"Green":0,"Blue":0,"Alpha":255},"PrimModColor":-1,"SecModColor":-1,"Muffler":-1,"SideSkirt":-1,"Hood":-1,"Spoiler":-1,"Lattice":-1,"Wings":-1,"Roof":-1,"Vinyls":-1,"FrontBumper":-1,"RearBumper":-1,"Engine":-1,"Turbo":-1,"Horn":-1,"Transmission":-1,"WindowTint":0,"Suspension":-1,"Brakes":-1,"Headlights":-1,"NumberPlate":0,"Wheels":-1,"WheelsType":0,"WheelsColor":0,"NeonColor":{"Red":0,"Green":0,"Blue":0,"Alpha":0},"Armor":-1}', 'barracks', '{"x":-2402.61816,"y":3293.83716,"z":32.9521141}', '{"x":-0.313543051,"y":-0.617363453,"z":240.191589}', 1, 99, 99),
	(14, 'ARMY5', '{"PrimColor":{"Red":0,"Green":0,"Blue":0,"Alpha":255},"SecColor":{"Red":0,"Green":0,"Blue":0,"Alpha":255},"PrimModColor":-1,"SecModColor":-1,"Muffler":-1,"SideSkirt":-1,"Hood":-1,"Spoiler":-1,"Lattice":-1,"Wings":-1,"Roof":-1,"Vinyls":-1,"FrontBumper":-1,"RearBumper":-1,"Engine":-1,"Turbo":-1,"Horn":-1,"Transmission":-1,"WindowTint":0,"Suspension":-1,"Brakes":-1,"Headlights":-1,"NumberPlate":0,"Wheels":-1,"WheelsType":0,"WheelsColor":0,"NeonColor":{"Red":0,"Green":0,"Blue":0,"Alpha":0},"Armor":-1}', 'barracks', '{"x":-2395.79736,"y":3306.1394,"z":32.95035}', '{"x":-0.236012414,"y":-0.9055912,"z":240.580643}', 1, 99, 99),
	(14, 'ARMY6', '{"PrimColor":{"Red":0,"Green":0,"Blue":0,"Alpha":255},"SecColor":{"Red":0,"Green":0,"Blue":0,"Alpha":255},"PrimModColor":-1,"SecModColor":-1,"Muffler":-1,"SideSkirt":-1,"Hood":-1,"Spoiler":-1,"Lattice":-1,"Wings":-1,"Roof":-1,"Vinyls":-1,"FrontBumper":-1,"RearBumper":-1,"Engine":-1,"Turbo":-1,"Horn":-1,"Transmission":-1,"WindowTint":0,"Suspension":-1,"Brakes":-1,"Headlights":-1,"NumberPlate":0,"Wheels":-1,"WheelsType":0,"WheelsColor":0,"NeonColor":{"Red":0,"Green":0,"Blue":0,"Alpha":0},"Armor":-1}', 'barracks', '{"x":-2401.05957,"y":3297.07935,"z":32.9517174}', '{"x":-0.339640439,"y":-0.6166905,"z":239.39859}', 1, 99, 99),
	(14, 'ARMY7', '{"PrimColor":{"Red":0,"Green":0,"Blue":0,"Alpha":255},"SecColor":{"Red":0,"Green":0,"Blue":0,"Alpha":255},"PrimModColor":-1,"SecModColor":-1,"Muffler":-1,"SideSkirt":-1,"Hood":-1,"Spoiler":-1,"Lattice":-1,"Wings":-1,"Roof":-1,"Vinyls":-1,"FrontBumper":-1,"RearBumper":-1,"Engine":-1,"Turbo":-1,"Horn":-1,"Transmission":-1,"WindowTint":0,"Suspension":-1,"Brakes":-1,"Headlights":-1,"NumberPlate":0,"Wheels":-1,"WheelsType":0,"WheelsColor":0,"NeonColor":{"Red":0,"Green":0,"Blue":0,"Alpha":0},"Armor":-1}', 'barracks', '{"x":-2399.467,"y":3299.91968,"z":32.95043}', '{"x":-0.409930974,"y":-0.7261707,"z":241.26825}', 1, 99, 99),
	(14, 'ARMY8', '{"PrimColor":{"Red":0,"Green":0,"Blue":0,"Alpha":255},"SecColor":{"Red":0,"Green":0,"Blue":0,"Alpha":255},"PrimModColor":-1,"SecModColor":-1,"Muffler":-1,"SideSkirt":-1,"Hood":-1,"Spoiler":-1,"Lattice":-1,"Wings":-1,"Roof":-1,"Vinyls":-1,"FrontBumper":-1,"RearBumper":-1,"Engine":-1,"Turbo":-1,"Horn":-1,"Transmission":-1,"WindowTint":0,"Suspension":-1,"Brakes":-1,"Headlights":-1,"NumberPlate":0,"Wheels":-1,"WheelsType":0,"WheelsColor":0,"NeonColor":{"Red":0,"Green":0,"Blue":0,"Alpha":0},"Armor":-1}', 'barracks', '{"x":-2407.99,"y":3285.02124,"z":32.9506836}', '{"x":-0.4052113,"y":-0.7160499,"z":240.499573}', 1, 99, 99),
	(14, 'ARMY9', '{"PrimColor":{"Red":0,"Green":0,"Blue":0,"Alpha":255},"SecColor":{"Red":0,"Green":0,"Blue":0,"Alpha":255},"PrimModColor":-1,"SecModColor":-1,"Muffler":-1,"SideSkirt":-1,"Hood":-1,"Spoiler":-1,"Lattice":-1,"Wings":-1,"Roof":-1,"Vinyls":-1,"FrontBumper":-1,"RearBumper":-1,"Engine":-1,"Turbo":-1,"Horn":-1,"Transmission":-1,"WindowTint":0,"Suspension":-1,"Brakes":-1,"Headlights":-1,"NumberPlate":0,"Wheels":-1,"WheelsType":0,"WheelsColor":0,"NeonColor":{"Red":0,"Green":0,"Blue":0,"Alpha":0},"Armor":-1}', 'barracks', '{"x":-2404.559,"y":3290.82568,"z":32.9454651}', '{"x":-0.360769242,"y":-0.7956792,"z":239.188416}', 1, 99, 99),
	(14, 'ARMY0', '{"PrimColor":{"Red":0,"Green":0,"Blue":0,"Alpha":255},"SecColor":{"Red":0,"Green":0,"Blue":0,"Alpha":255},"PrimModColor":-1,"SecModColor":-1,"Muffler":-1,"SideSkirt":-1,"Hood":-1,"Spoiler":-1,"Lattice":-1,"Wings":-1,"Roof":-1,"Vinyls":-1,"FrontBumper":-1,"RearBumper":-1,"Engine":-1,"Turbo":-1,"Horn":-1,"Transmission":-1,"WindowTint":0,"Suspension":-1,"Brakes":-1,"Headlights":-1,"NumberPlate":0,"Wheels":-1,"WheelsType":0,"WheelsColor":0,"NeonColor":{"Red":0,"Green":0,"Blue":0,"Alpha":0},"Armor":-1}', 'barracks', '{"x":-2397.58032,"y":3302.99146,"z":32.94814}', '{"x":0.269535035,"y":-0.72613287,"z":240.303955}', 1, 99, 99);
/*!40000 ALTER TABLE `fractionvehicles` ENABLE KEYS */;

-- Дамп структуры для таблица iteffa.furniture
CREATE TABLE IF NOT EXISTS `furniture` (
  `uuid` varchar(155) NOT NULL,
  `furniture` text NOT NULL,
  `data` text NOT NULL,
  PRIMARY KEY (`uuid`)
) ENGINE=InnoDB DEFAULT CHARSET=utf8;

-- Дамп данных таблицы iteffa.furniture: ~166 rows (приблизительно)
/*!40000 ALTER TABLE `furniture` DISABLE KEYS */;
INSERT INTO `furniture` (`uuid`, `furniture`, `data`) VALUES
	('0', '{}', '{}'),
	('1', '{}', '{}'),
	('10', '{}', '{}'),
	('100', '{}', '{}'),
	('101', '{}', '{}'),
	('102', '{}', '{}'),
	('103', '{}', '{}'),
	('104', '{"0":{"Name":"Шкаф с одеждой","Model":"prop_rub_cabinet02","ID":0,"Position":{"x":153.572,"y":-1001.324,"z":-99.49},"Rotation":{"x":0.0,"y":0.0,"z":0.0},"IsSet":true}}', '{"0":[]}'),
	('105', '{}', '{}'),
	('106', '{}', '{}'),
	('107', '{}', '{}'),
	('108', '{}', '{}'),
	('109', '{}', '{}'),
	('11', '{}', '{}'),
	('110', '{}', '{}'),
	('111', '{}', '{}'),
	('112', '{}', '{}'),
	('113', '{}', '{}'),
	('114', '{}', '{}'),
	('115', '{}', '{}'),
	('116', '{}', '{}'),
	('117', '{}', '{}'),
	('118', '{}', '{}'),
	('119', '{}', '{}'),
	('12', '{}', '{}'),
	('120', '{}', '{}'),
	('121', '{}', '{}'),
	('122', '{}', '{}'),
	('123', '{}', '{}'),
	('124', '{}', '{}'),
	('125', '{}', '{}'),
	('126', '{}', '{}'),
	('127', '{}', '{}'),
	('128', '{}', '{}'),
	('129', '{}', '{}'),
	('13', '{}', '{}'),
	('130', '{}', '{}'),
	('131', '{}', '{}'),
	('132', '{}', '{}'),
	('133', '{}', '{}'),
	('134', '{}', '{}'),
	('135', '{}', '{}'),
	('136', '{}', '{}'),
	('137', '{}', '{}'),
	('138', '{}', '{}'),
	('139', '{}', '{}'),
	('14', '{}', '{}'),
	('140', '{}', '{}'),
	('141', '{}', '{}'),
	('142', '{}', '{}'),
	('143', '{}', '{}'),
	('144', '{}', '{}'),
	('145', '{}', '{}'),
	('146', '{}', '{}'),
	('147', '{}', '{}'),
	('148', '{}', '{}'),
	('149', '{}', '{}'),
	('15', '{}', '{}'),
	('150', '{}', '{}'),
	('151', '{}', '{}'),
	('152', '{}', '{}'),
	('153', '{}', '{}'),
	('154', '{}', '{}'),
	('155', '{}', '{}'),
	('156', '{}', '{}'),
	('157', '{}', '{}'),
	('158', '{}', '{}'),
	('159', '{}', '{}'),
	('16', '{}', '{}'),
	('160', '{}', '{}'),
	('161', '{}', '{}'),
	('162', '{}', '{}'),
	('163', '{}', '{}'),
	('164', '{}', '{}'),
	('165', '{}', '{}'),
	('17', '{}', '{}'),
	('18', '{}', '{}'),
	('19', '{}', '{}'),
	('2', '{}', '{}'),
	('20', '{}', '{}'),
	('21', '{}', '{}'),
	('22', '{}', '{}'),
	('23', '{}', '{}'),
	('24', '{}', '{}'),
	('25', '{}', '{}'),
	('26', '{}', '{}'),
	('27', '{}', '{}'),
	('28', '{}', '{}'),
	('29', '{}', '{}'),
	('3', '{}', '{}'),
	('30', '{}', '{}'),
	('31', '{}', '{}'),
	('32', '{}', '{}'),
	('33', '{}', '{}'),
	('34', '{}', '{}'),
	('35', '{}', '{}'),
	('36', '{}', '{}'),
	('37', '{}', '{}'),
	('38', '{}', '{}'),
	('39', '{}', '{}'),
	('4', '{}', '{}'),
	('40', '{}', '{}'),
	('41', '{}', '{}'),
	('42', '{}', '{}'),
	('43', '{}', '{}'),
	('44', '{}', '{}'),
	('45', '{}', '{}'),
	('46', '{}', '{}'),
	('47', '{}', '{}'),
	('48', '{}', '{}'),
	('49', '{}', '{}'),
	('5', '{}', '{}'),
	('50', '{}', '{}'),
	('51', '{}', '{}'),
	('52', '{}', '{}'),
	('53', '{}', '{}'),
	('54', '{}', '{}'),
	('55', '{}', '{}'),
	('56', '{}', '{}'),
	('57', '{}', '{}'),
	('58', '{}', '{}'),
	('59', '{}', '{}'),
	('6', '{}', '{}'),
	('60', '{}', '{}'),
	('61', '{}', '{}'),
	('62', '{}', '{}'),
	('63', '{}', '{}'),
	('64', '{}', '{}'),
	('65', '{}', '{}'),
	('66', '{}', '{}'),
	('67', '{}', '{}'),
	('68', '{}', '{}'),
	('69', '{}', '{}'),
	('7', '{}', '{}'),
	('70', '{}', '{}'),
	('71', '{}', '{}'),
	('72', '{}', '{}'),
	('73', '{}', '{}'),
	('74', '{}', '{}'),
	('75', '{}', '{}'),
	('76', '{}', '{}'),
	('77', '{}', '{}'),
	('78', '{}', '{}'),
	('79', '{}', '{}'),
	('8', '{}', '{}'),
	('80', '{}', '{}'),
	('81', '{}', '{}'),
	('82', '{}', '{}'),
	('83', '{}', '{}'),
	('84', '{}', '{}'),
	('85', '{}', '{}'),
	('86', '{}', '{}'),
	('87', '{}', '{}'),
	('88', '{}', '{}'),
	('89', '{}', '{}'),
	('9', '{}', '{}'),
	('90', '{}', '{}'),
	('91', '{}', '{}'),
	('92', '{}', '{}'),
	('93', '{}', '{}'),
	('94', '{}', '{}'),
	('95', '{}', '{}'),
	('96', '{}', '{}'),
	('97', '{}', '{}'),
	('98', '{}', '{}'),
	('99', '{}', '{}');
/*!40000 ALTER TABLE `furniture` ENABLE KEYS */;

-- Дамп структуры для таблица iteffa.gangspoints
CREATE TABLE IF NOT EXISTS `gangspoints` (
  `id` int(155) NOT NULL,
  `gangid` int(155) NOT NULL,
  PRIMARY KEY (`id`)
) ENGINE=InnoDB DEFAULT CHARSET=utf8;

-- Дамп данных таблицы iteffa.gangspoints: ~0 rows (приблизительно)
/*!40000 ALTER TABLE `gangspoints` DISABLE KEYS */;
/*!40000 ALTER TABLE `gangspoints` ENABLE KEYS */;

-- Дамп структуры для таблица iteffa.garages
CREATE TABLE IF NOT EXISTS `garages` (
  `id` int(155) NOT NULL,
  `type` int(155) NOT NULL,
  `position` text NOT NULL,
  `rotation` text NOT NULL,
  PRIMARY KEY (`id`)
) ENGINE=InnoDB DEFAULT CHARSET=utf8;

-- Дамп данных таблицы iteffa.garages: ~166 rows (приблизительно)
/*!40000 ALTER TABLE `garages` DISABLE KEYS */;
INSERT INTO `garages` (`id`, `type`, `position`, `rotation`) VALUES
	(1, 5, '{"x":-2597.433,"y":1929.78931,"z":166.883179}', '{"x":0.2614351,"y":-0.168447033,"z":274.7524}'),
	(2, 5, '{"x":-3017.1897,"y":739.7979,"z":27.18274}', '{"x":-0.09013641,"y":0.310937226,"z":105.00647}'),
	(3, 5, '{"x":-2993.491,"y":705.2908,"z":28.09575}', '{"x":0.166063532,"y":0.205157086,"z":112.942993}'),
	(4, 5, '{"x":-2999.32056,"y":687.5343,"z":24.6286316}', '{"x":-4.148314,"y":14.610548,"z":105.139832}'),
	(5, 5, '{"x":-2979.96875,"y":655.0797,"z":25.16609}', '{"x":-1.94618559,"y":7.25167942,"z":103.99472}'),
	(6, 5, '{"x":-2981.04346,"y":612.690552,"z":19.7731628}', '{"x":-0.9811408,"y":2.16403556,"z":103.057495}'),
	(7, 3, '{"x":-3083.55249,"y":220.014374,"z":13.596302}', '{"x":-0.113341518,"y":-0.1799631,"z":320.731323}'),
	(8, 3, '{"x":-3100.44141,"y":243.65892,"z":12.0043135}', '{"x":1.86210513,"y":-2.15410924,"z":291.3653}'),
	(9, 3, '{"x":-3102.612,"y":289.615234,"z":8.570372}', '{"x":0.4609724,"y":-0.283704728,"z":255.820343}'),
	(10, 3, '{"x":-3098.84,"y":307.197662,"z":7.96517944}', '{"x":-0.487802565,"y":-0.687193155,"z":256.055725}'),
	(11, 3, '{"x":-3090.83643,"y":341.263428,"z":7.03439426}', '{"x":-0.455195934,"y":-0.8667888,"z":256.053436}'),
	(12, 3, '{"x":-3080.95557,"y":371.445068,"z":6.723788}', '{"x":-0.247939825,"y":0.00298168557,"z":255.320038}'),
	(13, 3, '{"x":-3074.66675,"y":395.945984,"z":6.5653863}', '{"x":-0.140331954,"y":-0.1944806,"z":252.762878}'),
	(14, 3, '{"x":-3058.28516,"y":441.43277,"z":5.95989132}', '{"x":-0.2656416,"y":-0.07579757,"z":246.070129}'),
	(15, 3, '{"x":-3040.396,"y":478.509949,"z":6.380864}', '{"x":-0.307455271,"y":0.03738997,"z":253.958359}'),
	(16, 3, '{"x":-3029.90845,"y":520.5892,"z":6.693597}', '{"x":-0.3941945,"y":-1.12711561,"z":265.398682}'),
	(17, 3, '{"x":-3033.95825,"y":548.317749,"z":6.84003639}', '{"x":-0.000352726085,"y":0.0243021846,"z":270.8529}'),
	(18, 3, '{"x":-3033.133,"y":555.4438,"z":7.10468626}', '{"x":-0.193119183,"y":-0.228261322,"z":274.619171}'),
	(19, 3, '{"x":-3073.101,"y":657.1598,"z":10.5434237}', '{"x":3.26254272,"y":-10.4751043,"z":307.898865}'),
	(20, 3, '{"x":-3217.164,"y":915.532166,"z":13.6132135}', '{"x":-0.432962239,"y":0.696191132,"z":319.6549}'),
	(21, 3, '{"x":-3224.43286,"y":924.6136,"z":13.2941208}', '{"x":0.6275961,"y":-0.0292493477,"z":299.391663}'),
	(22, 2, '{"x":-3234.08545,"y":948.4574,"z":12.864768}', '{"x":0.07848947,"y":2.88627553,"z":279.107117}'),
	(23, 3, '{"x":-3238.43359,"y":1034.59888,"z":11.02763}', '{"x":0.457752079,"y":-0.3308183,"z":264.4553}'),
	(24, 0, '{"x":-3227.77222,"y":1087.87744,"z":10.0641527}', '{"x":-0.6944767,"y":-2.13747931,"z":254.878235}'),
	(25, 3, '{"x":-3220.354,"y":1105.46411,"z":10.0881338}', '{"x":-0.7647373,"y":-2.461087,"z":246.967117}'),
	(26, 3, '{"x":-3205.65112,"y":1135.59668,"z":9.22753048}', '{"x":-0.211322233,"y":-0.03474612,"z":246.874878}'),
	(27, 2, '{"x":-3200.93457,"y":1154.22546,"z":9.253816}', '{"x":-0.259555072,"y":-0.027863184,"z":248.765808}'),
	(28, 2, '{"x":-3198.53369,"y":1160.57019,"z":8.98702049}', '{"x":0.010815002,"y":0.0290074069,"z":250.794525}'),
	(29, 2, '{"x":-3191.73853,"y":1182.40161,"z":9.089187}', '{"x":-0.9668169,"y":-6.28735065,"z":261.470276}'),
	(30, 2, '{"x":-3189.165,"y":1197.77478,"z":8.82136}', '{"x":-0.6281802,"y":-0.8233334,"z":264.312317}'),
	(31, 2, '{"x":-3186.09033,"y":1226.3822,"z":9.669225}', '{"x":-1.29621875,"y":0.6505165,"z":264.75116}'),
	(32, 3, '{"x":-3184.55884,"y":1268.672,"z":11.8054743}', '{"x":-2.00490236,"y":-3.96105766,"z":255.8407}'),
	(33, 3, '{"x":-3177.08887,"y":1296.38293,"z":14.1215954}', '{"x":-1.44958079,"y":-0.7777657,"z":247.116257}'),
	(34, 2, '{"x":-1967.21545,"y":-501.4889,"z":11.4553185}', '{"x":0.8398677,"y":-1.19870245,"z":321.4483}'),
	(35, 2, '{"x":-1954.056,"y":-516.2508,"z":11.210433}', '{"x":-0.7842288,"y":0.135083809,"z":319.055237}'),
	(36, 2, '{"x":-1933.22644,"y":-534.9641,"z":11.1596394}', '{"x":0.15318796,"y":-0.230319589,"z":319.850952}'),
	(37, 2, '{"x":-1913.174,"y":-543.962463,"z":11.384305}', '{"x":-0.0284432266,"y":-0.244484112,"z":320.053558}'),
	(38, 2, '{"x":-1908.22986,"y":-552.002869,"z":11.1506023}', '{"x":0.445906848,"y":-0.58545357,"z":319.808533}'),
	(39, 3, '{"x":-1900.47742,"y":-561.0851,"z":11.3973064}', '{"x":0.461472183,"y":-0.649400651,"z":319.80304}'),
	(40, 2, '{"x":-1888.84717,"y":-570.9306,"z":11.1303892}', '{"x":0.5168298,"y":-0.503944337,"z":318.948761}'),
	(41, 2, '{"x":-1878.83289,"y":-578.7138,"z":11.3555651}', '{"x":1.37035882,"y":-1.58146477,"z":319.0734}'),
	(42, 2, '{"x":-1872.05322,"y":-584.7721,"z":11.1461115}', '{"x":1.0577029,"y":-1.23155713,"z":318.454132}'),
	(43, 2, '{"x":-1865.14307,"y":-590.1645,"z":11.3501711}', '{"x":2.32345867,"y":-2.35372829,"z":319.7847}'),
	(44, 2, '{"x":-1833.79688,"y":-616.283569,"z":10.7849474}', '{"x":-4.860892,"y":3.375723,"z":317.419739}'),
	(45, 2, '{"x":-1827.05371,"y":-625.5605,"z":10.5944071}', '{"x":-0.5526834,"y":1.76480675,"z":320.624268}'),
	(46, 2, '{"x":-1812.43774,"y":-636.496765,"z":10.537694}', '{"x":-0.035531383,"y":-0.239610478,"z":319.413361}'),
	(47, 2, '{"x":-1806.08154,"y":-642.2143,"z":10.44204}', '{"x":-1.2069484,"y":0.5269222,"z":318.4055}'),
	(48, 2, '{"x":-1785.01477,"y":-661.0502,"z":10.0453653}', '{"x":0.5800136,"y":-1.19906461,"z":318.552917}'),
	(49, 2, '{"x":-1777.87878,"y":-667.855652,"z":9.924472}', '{"x":-0.440720975,"y":0.103310041,"z":319.400665}'),
	(50, 2, '{"x":-1766.37024,"y":-677.2189,"z":9.818963}', '{"x":0.239694923,"y":-2.493668,"z":317.342133}'),
	(51, 2, '{"x":-1756.86914,"y":-687.559265,"z":9.622481}', '{"x":0.5331331,"y":-0.6165711,"z":320.2772}'),
	(52, 2, '{"x":-1751.48279,"y":-692.939148,"z":9.703282}', '{"x":0.829780936,"y":-0.682913244,"z":318.861847}'),
	(53, 2, '{"x":-1742.72339,"y":-701.028748,"z":9.666747}', '{"x":0.439270854,"y":-0.5211607,"z":320.03952}'),
	(54, 4, '{"x":-1889.37378,"y":121.446739,"z":81.26956}', '{"x":-0.6045047,"y":0.5057642,"z":308.3401}'),
	(55, 4, '{"x":-1937.18347,"y":181.384109,"z":84.16751}', '{"x":0.03894713,"y":-0.9364908,"z":305.88562}'),
	(56, 4, '{"x":-1948.36,"y":200.396988,"z":85.65854}', '{"x":1.30251384,"y":-5.685227,"z":293.862518}'),
	(57, 4, '{"x":-1979.79077,"y":259.3339,"z":86.75099}', '{"x":0.0841919854,"y":0.187738657,"z":289.224426}'),
	(58, 4, '{"x":-1996.07031,"y":293.7372,"z":91.3641052}', '{"x":-0.166007847,"y":-0.177834421,"z":286.3396}'),
	(59, 4, '{"x":-2000.90369,"y":380.5989,"z":94.0193939}', '{"x":0.06731466,"y":-0.001528944,"z":177.565735}'),
	(60, 4, '{"x":-2009.98267,"y":454.567627,"z":102.260353}', '{"x":-0.16926305,"y":-0.6451545,"z":287.729034}'),
	(61, 4, '{"x":-2012.95679,"y":484.570953,"z":106.5802}', '{"x":-0.7628993,"y":-3.31910539,"z":254.548676}'),
	(62, 4, '{"x":-1990.37866,"y":605.0509,"z":117.5028}', '{"x":-0.224190637,"y":-0.0759578645,"z":257.452332}'),
	(63, 4, '{"x":-1972.999,"y":623.151733,"z":121.882263}', '{"x":-3.7826817,"y":-6.41728354,"z":246.186981}'),
	(64, 4, '{"x":-1887.74036,"y":627.405151,"z":129.599365}', '{"x":0.00302385958,"y":0.206908867,"z":137.409241}'),
	(65, 4, '{"x":-1938.63281,"y":581.4713,"z":118.777946}', '{"x":-0.5494722,"y":7.68317556,"z":70.3310242}'),
	(66, 4, '{"x":-1938.7417,"y":525.537048,"z":109.493263}', '{"x":-18.334877,"y":7.22074366,"z":158.591919}'),
	(67, 4, '{"x":-1944.23853,"y":461.728729,"z":101.60363}', '{"x":-1.65612638,"y":2.83494473,"z":98.313385}'),
	(68, 4, '{"x":-1941.42346,"y":385.748657,"z":96.10645}', '{"x":0.19332166,"y":0.14815,"z":96.66547}'),
	(69, 4, '{"x":-1939.28992,"y":363.034546,"z":93.18778}', '{"x":-3.09714961,"y":2.1239388,"z":186.373337}'),
	(70, 4, '{"x":-1921.61646,"y":284.6434,"z":88.6724}', '{"x":0.174824938,"y":0.155399129,"z":102.12207}'),
	(71, 4, '{"x":-1901.65063,"y":240.1514,"z":85.7875}', '{"x":0.03787741,"y":-0.05999805,"z":119.828857}'),
	(72, 4, '{"x":-1873.5282,"y":195.088333,"z":83.89396}', '{"x":0.124026656,"y":0.230592236,"z":125.728516}'),
	(73, 5, '{"x":-1791.29175,"y":461.928955,"z":127.907967}', '{"x":0.206847683,"y":0.195318758,"z":108.786774}'),
	(74, 5, '{"x":-1857.19019,"y":325.158569,"z":88.23123}', '{"x":0.7326461,"y":0.140949517,"z":16.3556213}'),
	(75, 5, '{"x":-1792.73743,"y":347.1185,"z":88.15343}', '{"x":0.07291727,"y":0.1358082,"z":66.8387451}'),
	(76, 5, '{"x":-1749.49792,"y":366.423279,"z":89.2478943}', '{"x":-0.208600879,"y":0.246181369,"z":115.430695}'),
	(77, 5, '{"x":-1664.2655,"y":387.6239,"z":88.9476852}', '{"x":1.80127335,"y":0.105553724,"z":355.2808}'),
	(78, 3, '{"x":-1679.14685,"y":-445.016968,"z":39.37174}', '{"x":0.124561511,"y":0.3688427,"z":230.649811}'),
	(79, 4, '{"x":-1670.72253,"y":-410.383331,"z":43.5886459}', '{"x":0.23204346,"y":1.90815568,"z":321.3767}'),
	(80, 4, '{"x":-1614.60559,"y":-375.2661,"z":42.98773}', '{"x":-0.483937532,"y":-0.158045128,"z":231.562515}'),
	(81, 4, '{"x":-1602.528,"y":-364.72406,"z":45.09659}', '{"x":-3.52061987,"y":-3.63008428,"z":230.082855}'),
	(82, 5, '{"x":-1462.96436,"y":-41.3202972,"z":54.2581}', '{"x":-0.170254484,"y":0.266149521,"z":309.886566}'),
	(83, 5, '{"x":-1586.6792,"y":-86.27165,"z":53.93377}', '{"x":-0.246740073,"y":-0.130847663,"z":272.140778}'),
	(84, 5, '{"x":-1592.27844,"y":-59.9836349,"z":56.0819244}', '{"x":-0.267523527,"y":-0.121707462,"z":270.29425}'),
	(85, 5, '{"x":-1490.71838,"y":20.18765,"z":54.3174324}', '{"x":0.04847501,"y":-0.08220457,"z":357.043182}'),
	(86, 5, '{"x":-1504.528,"y":21.6519012,"z":55.92741}', '{"x":2.535326,"y":-0.547080934,"z":355.349152}'),
	(87, 5, '{"x":-1553.35278,"y":20.5617886,"z":58.22908}', '{"x":2.33449221,"y":-1.453826,"z":347.220032}'),
	(88, 5, '{"x":-1616.169,"y":15.7256165,"z":61.7774773}', '{"x":0.00542984,"y":-0.262755871,"z":333.656067}'),
	(89, 4, '{"x":-1204.8053,"y":267.3358,"z":69.2778}', '{"x":-0.0599665,"y":0.2522603,"z":284.672}'),
	(90, 4, '{"x":-1129.40747,"y":310.855438,"z":65.87326}', '{"x":0.0145630939,"y":-0.208908975,"z":170.505737}'),
	(91, 5, '{"x":-1061.80579,"y":302.777039,"z":65.64168}', '{"x":-0.7799123,"y":0.007441367,"z":349.884644}'),
	(92, 4, '{"x":-1050.5282,"y":221.597626,"z":63.46053}', '{"x":-0.09023358,"y":-0.0224729069,"z":179.521545}'),
	(93, 4, '{"x":-994.416,"y":143.474335,"z":60.3584175}', '{"x":-0.132301331,"y":0.02836009,"z":288.833}'),
	(94, 4, '{"x":-968.692932,"y":103.393196,"z":55.3590927}', '{"x":0.0598963425,"y":-0.0185221266,"z":304.857239}'),
	(95, 4, '{"x":-919.8687,"y":112.486053,"z":55.0108223}', '{"x":0.100340419,"y":-0.0245728381,"z":173.282959}'),
	(96, 4, '{"x":-925.7902,"y":210.024414,"z":67.15809}', '{"x":-0.04711394,"y":0.0853828639,"z":126.676025}'),
	(97, 4, '{"x":-912.834656,"y":197.952652,"z":69.1948853}', '{"x":-0.0379195362,"y":-6.44866577E-06,"z":179.278076}'),
	(98, 5, '{"x":-811.746765,"y":187.382187,"z":72.16466}', '{"x":-0.0552740246,"y":0.267280072,"z":110.829468}'),
	(99, 4, '{"x":-839.6687,"y":116.412773,"z":55.1009331}', '{"x":-0.7859231,"y":-0.5561055,"z":185.254791}'),
	(100, 5, '{"x":-873.352661,"y":-55.5323677,"z":37.9003754}', '{"x":-1.13890743,"y":2.88135743,"z":296.068756}'),
	(101, 4, '{"x":-887.9227,"y":-15.3875027,"z":42.80379}', '{"x":-0.872199953,"y":-2.70018077,"z":305.112549}'),
	(102, 4, '{"x":-871.7366,"y":48.734993,"z":48.4632225}', '{"x":-0.0129139852,"y":0.171998411,"z":194.712555}'),
	(103, 4, '{"x":-929.5534,"y":14.7577076,"z":47.4858742}', '{"x":0.2775798,"y":-2.26601,"z":303.8302}'),
	(104, 0, '{"x":467.4769,"y":-1579.74512,"z":28.81618}', '{"x":-0.0007971284,"y":-0.00398582825,"z":228.580383}'),
	(105, 0, '{"x":469.611542,"y":-1577.1731,"z":28.815897}', '{"x":-0.0638256744,"y":-0.0837029,"z":230.377869}'),
	(106, 0, '{"x":471.861481,"y":-1574.38757,"z":28.8165}', '{"x":-0.0418438725,"y":-0.037693657,"z":229.414886}'),
	(107, 0, '{"x":474.423828,"y":-1571.57751,"z":28.8161182}', '{"x":-0.00321716256,"y":-0.05721231,"z":229.7109}'),
	(108, 0, '{"x":476.976318,"y":-1568.77734,"z":28.8098335}', '{"x":-0.08951919,"y":-0.409460753,"z":231.483643}'),
	(109, 0, '{"x":479.057861,"y":-1565.66919,"z":28.7999477}', '{"x":-0.2280551,"y":-0.5804127,"z":230.522644}'),
	(110, 1, '{"x":313.0818,"y":-1737.11438,"z":29.1936684}', '{"x":-0.564450443,"y":-0.7054694,"z":229.548462}'),
	(111, 1, '{"x":321.117584,"y":-1771.181,"z":28.4588146}', '{"x":-2.59294462,"y":-0.6269669,"z":227.409317}'),
	(112, 1, '{"x":282.5202,"y":-1758.54468,"z":28.8064232}', '{"x":-5.234278,"y":1.14080024,"z":133.185852}'),
	(113, 1, '{"x":269.289124,"y":-1723.72034,"z":28.9646358}', '{"x":-0.434264779,"y":0.343133628,"z":49.56714}'),
	(114, 1, '{"x":268.785156,"y":-1702.79236,"z":28.9878}', '{"x":-0.0801611,"y":0.4790883,"z":48.6517029}'),
	(115, 1, '{"x":242.079575,"y":-1699.76221,"z":28.81201}', '{"x":-2.21334028,"y":-2.35993361,"z":228.204819}'),
	(116, 1, '{"x":208.771286,"y":-1690.99609,"z":29.133028}', '{"x":-2.58169436,"y":3.63766956,"z":125.76123}'),
	(117, 1, '{"x":210.806564,"y":-1730.99658,"z":28.7348785}', '{"x":-4.461419,"y":-2.24999833,"z":205.616241}'),
	(118, 1, '{"x":-25.2689762,"y":-1427.51306,"z":30.3534641}', '{"x":-0.009098442,"y":-0.188707083,"z":179.583984}'),
	(119, 1, '{"x":-52.94993,"y":-1455.82056,"z":31.73791}', '{"x":-1.29674327,"y":-0.5537322,"z":183.474716}'),
	(120, 0, '{"x":-213.5028,"y":-1544.44055,"z":33.60825}', '{"x":-3.66682386,"y":-4.62839,"z":320.024445}'),
	(121, 0, '{"x":-209.176468,"y":-1539.43518,"z":33.57191}', '{"x":-3.33750367,"y":-5.18914461,"z":318.627869}'),
	(122, 0, '{"x":-204.883148,"y":-1534.52917,"z":33.47835}', '{"x":-3.94253135,"y":-5.874485,"z":319.157166}'),
	(123, 0, '{"x":-200.44516,"y":-1529.38123,"z":33.33616}', '{"x":-1.32903206,"y":-4.30334473,"z":319.620026}'),
	(124, 0, '{"x":-196.220291,"y":-1524.39355,"z":33.1039543}', '{"x":0.324930072,"y":-1.58689511,"z":320.705933}'),
	(125, 0, '{"x":-192.014343,"y":-1519.40063,"z":32.9669228}', '{"x":1.283712,"y":-0.6278622,"z":319.784332}'),
	(126, 0, '{"x":-188.7028,"y":-1515.58228,"z":32.88806}', '{"x":0.840989769,"y":-0.1364646,"z":319.491272}'),
	(127, 0, '{"x":-184.286423,"y":-1510.5304,"z":32.77027}', '{"x":2.01515174,"y":-0.7243932,"z":318.980347}'),
	(128, 0, '{"x":-125.337746,"y":-1443.76758,"z":33.12102}', '{"x":-0.194586709,"y":-0.487753779,"z":229.131027}'),
	(129, 0, '{"x":-119.538506,"y":-1448.58972,"z":33.1272049}', '{"x":0.247996911,"y":-0.143088281,"z":230.703125}'),
	(130, 0, '{"x":-104.98481,"y":-1460.73914,"z":33.0778236}', '{"x":0.301271975,"y":-1.858602,"z":230.277283}'),
	(131, 0, '{"x":-99.2290955,"y":-1465.47229,"z":32.92425}', '{"x":-0.03933341,"y":-1.52269733,"z":228.80722}'),
	(132, 0, '{"x":-119.483627,"y":-1442.34692,"z":33.10054}', '{"x":0.05755327,"y":0.0213832166,"z":49.2573853}'),
	(133, 0, '{"x":-114.566841,"y":-1446.52893,"z":33.1091766}', '{"x":0.179070443,"y":0.06624746,"z":49.552002}'),
	(134, 0, '{"x":-109.51696,"y":-1450.72791,"z":33.11985}', '{"x":0.2665017,"y":-0.139684483,"z":50.61429}'),
	(135, 0, '{"x":-104.664207,"y":-1454.97729,"z":33.0789833}', '{"x":-0.353998065,"y":-1.1669668,"z":48.412384}'),
	(136, 0, '{"x":-99.8183746,"y":-1459.185,"z":32.94823}', '{"x":-0.24797602,"y":-1.35869777,"z":48.9573669}'),
	(137, 3, '{"x":318.3423,"y":494.262665,"z":152.475113}', '{"x":1.103392,"y":-6.59172344,"z":283.268555}'),
	(138, 3, '{"x":328.713928,"y":482.31134,"z":150.652481}', '{"x":0.3306671,"y":-9.066457,"z":287.694122}'),
	(139, 3, '{"x":354.033447,"y":437.828857,"z":146.277435}', '{"x":8.532678,"y":-15.96234,"z":296.5056}'),
	(140, 3, '{"x":391.629944,"y":430.341583,"z":143.309}', '{"x":14.6010647,"y":-3.88508725,"z":351.986877}'),
	(141, 4, '{"x":228.141937,"y":681.1599,"z":189.277435}', '{"x":-2.53045321,"y":3.78543782,"z":103.36792}'),
	(142, 3, '{"x":210.63472,"y":608.923035,"z":186.729233}', '{"x":0.91609937,"y":10.7638063,"z":79.36987}'),
	(143, 3, '{"x":131.761871,"y":567.9353,"z":183.273758}', '{"x":8.521393,"y":1.3777293,"z":2.135437}'),
	(144, 4, '{"x":97.88929,"y":566.2979,"z":182.250656}', '{"x":9.473617,"y":1.11396575,"z":0.5746155}'),
	(145, 4, '{"x":51.7306328,"y":562.424255,"z":179.988983}', '{"x":-0.742738,"y":1.228372,"z":21.1132813}'),
	(146, 5, '{"x":22.0516739,"y":544.4336,"z":175.7209}', '{"x":0.04194962,"y":0.0713309646,"z":59.9337769}'),
	(147, 3, '{"x":-123.162415,"y":509.0009,"z":142.73201}', '{"x":10.0995378,"y":1.14480829,"z":353.184662}'),
	(148, 4, '{"x":-73.63538,"y":494.6351,"z":144.211975}', '{"x":3.11895823,"y":-0.73489815,"z":341.805359}'),
	(149, 4, '{"x":-0.843297,"y":469.245972,"z":145.539673}', '{"x":3.555118,"y":-0.745203853,"z":339.8277}'),
	(150, 4, '{"x":64.74935,"y":455.8472,"z":146.521179}', '{"x":0.490356535,"y":1.85780084,"z":36.68103}'),
	(151, 4, '{"x":55.3854027,"y":468.336,"z":146.498215}', '{"x":-4.607262,"y":-1.16476667,"z":190.071259}'),
	(152, 4, '{"x":89.73084,"y":487.1441,"z":147.4484}', '{"x":-3.35290074,"y":-2.3525002,"z":206.476959}'),
	(153, 4, '{"x":125.094734,"y":482.4722,"z":146.178223}', '{"x":6.35886431,"y":-2.81672144,"z":279.9076}'),
	(154, 4, '{"x":174.921616,"y":472.18103,"z":141.60083}', '{"x":-0.03060359,"y":0.00644633,"z":348.535553}'),
	(155, 4, '{"x":-188.833084,"y":501.9879,"z":134.224625}', '{"x":3.891249,"y":4.944713,"z":10.8896484}'),
	(156, 4, '{"x":-248.862762,"y":492.964539,"z":125.219162}', '{"x":12.6825075,"y":7.64633131,"z":25.754364}'),
	(157, 4, '{"x":-317.166,"y":480.618,"z":112.448509}', '{"x":-7.19117928,"y":8.42909,"z":119.838745}'),
	(158, 4, '{"x":-353.639435,"y":475.065674,"z":112.428848}', '{"x":-2.91261244,"y":2.82718587,"z":291.2157}'),
	(159, 3, '{"x":-402.144745,"y":510.252655,"z":119.8927}', '{"x":0.0649373755,"y":0.0410016775,"z":330.7206}'),
	(160, 4, '{"x":-359.622437,"y":514.9509,"z":119.460228}', '{"x":-4.71083,"y":4.51297474,"z":136.403992}'),
	(161, 4, '{"x":-407.885773,"y":560.9014,"z":124.139168}', '{"x":-3.85036469,"y":2.175015,"z":151.637939}'),
	(162, 4, '{"x":-469.969025,"y":541.2168,"z":120.756409}', '{"x":12.9378061,"y":-0.09421954,"z":358.973969}'),
	(163, 5, '{"x":-137.230576,"y":901.850769,"z":235.3881}', '{"x":-1.153956,"y":0.75950855,"z":314.970276}'),
	(164, 5, '{"x":-103.584236,"y":823.736633,"z":235.418442}', '{"x":0.0971246958,"y":0.04692987,"z":10.7189941}'),
	(165, 5, '{"x":-168.390518,"y":970.916565,"z":236.499146}', '{"x":5.33715439,"y":-4.923559,"z":317.451538}'),
	(166, 5, '{"x":-2786.349,"y":1430.36548,"z":100.621628}', '{"x":-0.0609915964,"y":-0.08839638,"z":235.202774}');
/*!40000 ALTER TABLE `garages` ENABLE KEYS */;

-- Дамп структуры для таблица iteffa.houses
CREATE TABLE IF NOT EXISTS `houses` (
  `id` int(155) NOT NULL,
  `owner` text NOT NULL,
  `type` varchar(11) NOT NULL,
  `position` text NOT NULL,
  `price` text NOT NULL,
  `locked` tinyint(155) NOT NULL,
  `garage` text NOT NULL,
  `bank` text NOT NULL,
  `roommates` text NOT NULL,
  PRIMARY KEY (`id`)
) ENGINE=InnoDB DEFAULT CHARSET=utf8;

-- Дамп данных таблицы iteffa.houses: ~166 rows (приблизительно)
/*!40000 ALTER TABLE `houses` DISABLE KEYS */;
INSERT INTO `houses` (`id`, `owner`, `type`, `position`, `price`, `locked`, `garage`, `bank`, `roommates`) VALUES
	(0, '', '6', '{"x":-2587.8977,"y":1911.192,"z":166.37895}', '20000000', 1, '1', '103598', '[]'),
	(1, '', '6', '{"x":-3017.602,"y":746.49316,"z":26.467602}', '10000000', 1, '2', '945644', '[]'),
	(2, '', '6', '{"x":-2997.139,"y":722.86707,"z":27.37689}', '10000000', 0, '3', '108071', '[]'),
	(3, '', '6', '{"x":-2994.5269,"y":682.5249,"z":23.921377}', '10000000', 0, '4', '963680', '[]'),
	(4, '', '6', '{"x":-2972.8186,"y":642.41766,"z":24.6779}', '10000000', 0, '5', '120379', '[]'),
	(5, '', '6', '{"x":-2977.0605,"y":609.54083,"z":19.126202}', '10000000', 0, '6', '100225', '[]'),
	(6, '', '4', '{"x":-3089.0425,"y":221.32211,"z":12.94824}', '800000', 0, '7', '779125', '[]'),
	(7, '', '4', '{"x":-3115.245,"y":252.8553,"z":11.371995}', '800000', 0, '8', '255964', '[]'),
	(8, '', '4', '{"x":-3115.8552,"y":294.2326,"z":7.8521166}', '800000', 0, '9', '578334', '[]'),
	(9, '', '4', '{"x":-3111.7349,"y":315.3675,"z":7.2610397}', '800000', 0, '10', '761280', '[]'),
	(10, '', '4', '{"x":-3093.5667,"y":349.38773,"z":6.4213886}', '1200000', 0, '11', '498670', '[]'),
	(11, '', '4', '{"x":-3091.2432,"y":379.25607,"z":5.9920897}', '800000', 0, '12', '45619', '[]'),
	(12, '', '4', '{"x":-3088.8967,"y":392.22482,"z":10.327568}', '1000000', 0, '13', '627101', '[]'),
	(13, '', '4', '{"x":-3069.378,"y":453.94592,"z":8.523155}', '800000', 0, '14', '89491', '[]'),
	(14, '', '4', '{"x":-3053.1985,"y":486.7677,"z":5.6596475}', '800000', 0, '15', '684616', '[]'),
	(15, '', '4', '{"x":-3031.8245,"y":524.92773,"z":6.3029943}', '800000', 0, '16', '801533', '[]'),
	(16, '', '4', '{"x":-3036.7834,"y":545.0351,"z":6.387683}', '800000', 0, '17', '452867', '[]'),
	(17, '', '4', '{"x":-3036.9717,"y":559.2979,"z":6.387683}', '800000', 0, '18', '251104', '[]'),
	(18, '', '4', '{"x":-3077.929,"y":658.93066,"z":10.547267}', '1000000', 0, '19', '23548', '[]'),
	(19, '', '4', '{"x":-3225.3745,"y":911.1103,"z":12.873275}', '1000000', 0, '20', '489851', '[]'),
	(20, '', '4', '{"x":-3238.7205,"y":922.0411,"z":12.839891}', '800000', 0, '21', '122578', '[]'),
	(21, '', '3', '{"x":-3237.9956,"y":952.7047,"z":12.122293}', '600000', 0, '22', '191856', '[]'),
	(22, '', '4', '{"x":-3251.0635,"y":1027.0831,"z":10.637701}', '800000', 0, '23', '433620', '[]'),
	(23, '', '1', '{"x":-3231.957,"y":1081.6984,"z":9.687716}', '120000', 0, '24', '885637', '[]'),
	(24, '', '4', '{"x":-3225.2217,"y":1112.8334,"z":9.457639}', '800000', 0, '25', '840883', '[]'),
	(25, '', '4', '{"x":-3220.1543,"y":1138.1156,"z":8.775407}', '800000', 0, '26', '659573', '[]'),
	(26, '', '3', '{"x":-3205.0393,"y":1152.13,"z":8.542009}', '600000', 0, '27', '699442', '[]'),
	(27, '', '3', '{"x":-3200.374,"y":1165.4655,"z":8.534344}', '600000', 0, '28', '483757', '[]'),
	(28, '', '3', '{"x":-3205.7092,"y":1186.0347,"z":8.544676}', '800000', 0, '29', '437400', '[]'),
	(29, '', '3', '{"x":-3203.1333,"y":1205.9832,"z":11.70318}', '600000', 0, '30', '933635', '[]'),
	(30, '', '3', '{"x":-3200.3074,"y":1232.5236,"z":8.928323}', '600000', 0, '31', '439869', '[]'),
	(31, '', '4', '{"x":-3187.3223,"y":1273.8196,"z":11.551507}', '800000', 0, '32', '220234', '[]'),
	(32, '', '4', '{"x":-3190.9192,"y":1297.6847,"z":17.952389}', '1000000', 0, '33', '567348', '[]'),
	(33, '', '3', '{"x":-1979.8851,"y":-520.2556,"z":13.620111}', '600000', 0, '34', '703297', '[]'),
	(34, '', '3', '{"x":-1957.5908,"y":-527.98846,"z":11.061029}', '600000', 0, '35', '219734', '[]'),
	(35, '', '3', '{"x":-1945.1046,"y":-548.48456,"z":13.605492}', '600000', 0, '36', '950439', '[]'),
	(36, '', '3', '{"x":-1923.3164,"y":-558.82056,"z":10.941092}', '600000', 0, '37', '523356', '[]'),
	(37, '', '3', '{"x":-1919.9513,"y":-570.0478,"z":10.792086}', '600000', 0, '38', '853087', '[]'),
	(38, '', '4', '{"x":-1913.6879,"y":-574.3986,"z":10.315149}', '1000000', 0, '39', '71188', '[]'),
	(39, '', '3', '{"x":-1901.4937,"y":-586.596,"z":10.754258}', '600000', 0, '40', '262053', '[]'),
	(40, '', '3', '{"x":-1883.2142,"y":-578.801,"z":10.698452}', '600000', 0, '41', '684062', '[]'),
	(41, '', '3', '{"x":-1884.7742,"y":-599.89886,"z":10.779362}', '600000', 0, '42', '706559', '[]'),
	(42, '', '3', '{"x":-1873.1195,"y":-596.9123,"z":10.7347}', '600000', 0, '43', '452394', '[]'),
	(43, '', '3', '{"x":-1845.8792,"y":-634.19464,"z":10.046484}', '600000', 1, '44', '925738', '[]'),
	(44, '', '3', '{"x":-1836.7236,"y":-631.6923,"z":9.628551}', '600000', 0, '45', '760547', '[]'),
	(45, '', '3', '{"x":-1820.4523,"y":-642.99005,"z":9.819727}', '600000', 0, '46', '421264', '[]'),
	(46, '', '3', '{"x":-1817.7246,"y":-656.7681,"z":12.691767}', '600000', 0, '47', '164952', '[]'),
	(47, '', '3', '{"x":-1794.0756,"y":-664.35974,"z":9.367973}', '600000', 0, '48', '813694', '[]'),
	(48, '', '3', '{"x":-1780.6223,"y":-679.8879,"z":9.334897}', '600000', 0, '49', '454538', '[]'),
	(49, '', '3', '{"x":-1770.9768,"y":-677.56494,"z":9.2673}', '600000', 0, '50', '807166', '[]'),
	(50, '', '3', '{"x":-1777.0897,"y":-701.6341,"z":9.397876}', '600000', 0, '51', '108789', '[]'),
	(51, '', '3', '{"x":-1764.2529,"y":-707.8289,"z":9.494181}', '600000', 0, '52', '518891', '[]'),
	(52, '', '3', '{"x":-1754.5018,"y":-708.77625,"z":9.281206}', '600000', 0, '53', '922097', '[]'),
	(53, '', '5', '{"x":-1898.8071,"y":132.6003,"z":80.864624}', '2800000', 0, '54', '766592', '[]'),
	(54, '', '5', '{"x":-1931.7458,"y":162.7743,"z":83.53272}', '2800000', 0, '55', '985492', '[]'),
	(55, '', '5', '{"x":-1960.8195,"y":212.09187,"z":85.68907}', '3000000', 0, '56', '771824', '[]'),
	(56, '', '5', '{"x":-1970.3928,"y":246.13947,"z":86.69214}', '2800000', 0, '57', '686757', '[]'),
	(57, '', '5', '{"x":-1995.3086,"y":300.5059,"z":90.84466}', '3200000', 0, '58', '214586', '[]'),
	(58, '', '5', '{"x":-2008.8673,"y":367.55692,"z":93.694305}', '3200000', 0, '59', '5177', '[]'),
	(59, '', '5', '{"x":-2010.9653,"y":445.1746,"z":101.8959}', '3200000', 0, '60', '196598', '[]'),
	(60, '', '5', '{"x":-2014.618,"y":499.78394,"z":106.05179}', '2800000', 0, '61', '79683', '[]'),
	(61, '', '5', '{"x":-1996.034,"y":591.0544,"z":116.98196}', '3000000', 0, '62', '23777', '[]'),
	(62, '', '5', '{"x":-1974.247,"y":630.9888,"z":121.416306}', '3200000', 0, '63', '818562', '[]'),
	(63, '', '5', '{"x":-1896.2717,"y":642.4228,"z":129.08905}', '3000000', 0, '64', '644697', '[]'),
	(64, '', '5', '{"x":-1929.2327,"y":595.43085,"z":121.16488}', '3000000', 0, '65', '321412', '[]'),
	(65, '', '5', '{"x":-1937.5801,"y":551.3063,"z":113.70847}', '3000000', 0, '66', '278437', '[]'),
	(66, '', '5', '{"x":-1943.8057,"y":449.52667,"z":101.80228}', '3200000', 1, '67', '478270', '[]'),
	(67, '', '5', '{"x":-1931.7358,"y":398.65976,"z":95.38707}', '2800000', 0, '68', '923802', '[]'),
	(68, '', '5', '{"x":-1931.2885,"y":362.47043,"z":92.85108}', '3000000', 0, '69', '869755', '[]'),
	(69, '', '5', '{"x":-1922.717,"y":298.359,"z":88.16704}', '3000000', 0, '70', '734175', '[]'),
	(70, '', '5', '{"x":-1906.0967,"y":252.85086,"z":85.13108}', '3200000', 0, '71', '278178', '[]'),
	(71, '', '5', '{"x":-1873.6864,"y":201.66437,"z":83.17453}', '3200000', 0, '72', '599778', '[]'),
	(72, '', '6', '{"x":-1805.1383,"y":437.12885,"z":127.58744}', '50000000', 0, '73', '179917', '[]'),
	(73, '', '6', '{"x":-1827.8054,"y":311.9288,"z":88.591324}', '10000000', 1, '74', '761494', '[]'),
	(74, '', '6', '{"x":-1808.5073,"y":334.10825,"z":88.25152}', '10000000', 0, '75', '805788', '[]'),
	(75, '', '6', '{"x":-1733.2632,"y":379.84412,"z":88.605156}', '20000000', 1, '76', '416017', '[]'),
	(76, '', '6', '{"x":-1673.1191,"y":385.85257,"z":88.228294}', '6000000', 0, '77', '739461', '[]'),
	(77, '', '4', '{"x":-1666.8309,"y":-441.6968,"z":39.234837}', '800000', 0, '78', '507881', '[]'),
	(78, '', '5', '{"x":-1642.2273,"y":-412.2958,"z":40.95448}', '800000', 0, '79', '125091', '[]'),
	(79, '', '5', '{"x":-1622.1775,"y":-380.3376,"z":42.59579}', '1000000', 0, '80', '419620', '[]'),
	(80, '', '5', '{"x":-1596.4719,"y":-352.7455,"z":44.856464}', '800000', 1, '81', '494621', '[]'),
	(81, '', '6', '{"x":-1464.6759,"y":-33.779556,"z":53.93044}', '20000000', 1, '82', '885746', '[]'),
	(82, '', '6', '{"x":-1549.1028,"y":-90.29101,"z":53.809185}', '30000000', 1, '83', '29219', '[]'),
	(83, '', '6', '{"x":-1579.2775,"y":-34.252,"z":56.445198}', '30000000', 0, '84', '630232', '[]'),
	(84, '', '6', '{"x":-1467.3177,"y":35.624718,"z":53.42489}', '10000000', 0, '85', '824847', '[]'),
	(85, '', '6', '{"x":-1515.5236,"y":24.650826,"z":55.700714}', '10000000', 0, '86', '920976', '[]'),
	(86, '', '6', '{"x":-1570.7793,"y":23.019274,"z":58.43386}', '8000000', 0, '87', '298135', '[]'),
	(87, '', '6', '{"x":-1629.7955,"y":36.80491,"z":61.81536}', '10000000', 0, '88', '800754', '[]'),
	(88, '', '6', '{"x":-1189.9474,"y":291.64633,"z":68.772514}', '10000000', 0, '89', '887995', '[]'),
	(89, '', '5', '{"x":-1117.1652,"y":303.46506,"z":65.40113}', '5000000', 0, '90', '807695', '[]'),
	(90, '', '6', '{"x":-1038.4684,"y":312.70773,"z":66.15087}', '20000000', 0, '91', '604326', '[]'),
	(91, '', '5', '{"x":-1038.4135,"y":221.9532,"z":63.255672}', '10000000', 1, '92', '482111', '[]'),
	(92, '', '5', '{"x":-998.21356,"y":158.05247,"z":61.198853}', '5000000', 0, '93', '942993', '[]'),
	(93, '', '5', '{"x":-970.9969,"y":122.33649,"z":55.928482}', '5000000', 0, '94', '943938', '[]'),
	(94, '', '5', '{"x":-913.4749,"y":108.28102,"z":54.394657}', '8000000', 0, '95', '720362', '[]'),
	(95, '', '5', '{"x":-949.168,"y":196.49408,"z":66.27022}', '10000000', 0, '96', '528989', '[]'),
	(96, '', '5', '{"x":-902.5677,"y":191.45447,"z":68.32596}', '4000000', 0, '97', '509009', '[]'),
	(97, '', '6', '{"x":-817.51904,"y":177.69841,"z":71.10253}', '50000000', 0, '98', '338975', '[]'),
	(98, '', '5', '{"x":-830.4767,"y":115.031364,"z":54.90879}', '4000000', 0, '99', '160604', '[]'),
	(99, '', '5', '{"x":-842.23846,"y":-25.143503,"z":39.278446}', '4000000', 1, '100', '960803', '[]'),
	(100, '', '5', '{"x":-896.4738,"y":-5.0132093,"z":42.67892}', '8000000', 0, '101', '569475', '[]'),
	(101, '', '5', '{"x":-888.02435,"y":42.230972,"z":48.027042}', '8000000', 0, '102', '32364', '[]'),
	(102, '', '5', '{"x":-930.3805,"y":19.117697,"z":47.387363}', '6000000', 0, '103', '178877', '[]'),
	(103, '', '1', '{"x":466.9857,"y":-1590.2986,"z":31.694334}', '100000', 0, '104', '89496', '[]'),
	(104, '', '1', '{"x":455.3242,"y":-1579.9308,"z":31.671972}', '100000', 1, '105', '585556', '[]'),
	(105, '', '1', '{"x":442.06866,"y":-1569.5182,"z":31.694647}', '100000', 0, '106', '701975', '[]'),
	(106, '', '1', '{"x":430.32242,"y":-1559.2418,"z":31.672255}', '100000', 0, '107', '193935', '[]'),
	(107, '', '1', '{"x":470.8753,"y":-1561.379,"z":31.672304}', '100000', 0, '108', '994557', '[]'),
	(108, '', '1', '{"x":460.61618,"y":-1573.5537,"z":31.672289}', '100000', 0, '109', '188331', '[]'),
	(109, '', '2', '{"x":332.87378,"y":-1740.8342,"z":28.610525}', '200000', 0, '110', '819848', '[]'),
	(110, '', '2', '{"x":320.75534,"y":-1759.9836,"z":28.517855}', '200000', 0, '111', '400434', '[]'),
	(111, '', '2', '{"x":299.8475,"y":-1784.1099,"z":27.318665}', '200000', 0, '112', '980300', '[]'),
	(112, '', '2', '{"x":257.23346,"y":-1722.9717,"z":28.534128}', '200000', 0, '113', '677514', '[]'),
	(113, '', '2', '{"x":269.62927,"y":-1712.9084,"z":28.548773}', '200000', 0, '114', '205999', '[]'),
	(114, '', '2', '{"x":240.94571,"y":-1687.9357,"z":28.579384}', '200000', 0, '115', '421848', '[]'),
	(115, '', '2', '{"x":222.83821,"y":-1702.7089,"z":28.57579}', '200000', 0, '116', '470493', '[]'),
	(116, '', '2', '{"x":216.75806,"y":-1717.345,"z":28.55271}', '200000', 0, '117', '969406', '[]'),
	(117, '', '2', '{"x":-14.049197,"y":-1441.8945,"z":29.981495}', '500000', 0, '118', '751866', '[]'),
	(118, '', '2', '{"x":-46.046314,"y":-1445.7899,"z":31.309626}', '200000', 0, '119', '305327', '[]'),
	(119, '', '1', '{"x":-173.73567,"y":-1547.1267,"z":34.007404}', '100000', 0, '120', '579124', '[]'),
	(120, '', '1', '{"x":-179.8503,"y":-1554.1488,"z":34.004803}', '100000', 0, '121', '145503', '[]'),
	(121, '', '1', '{"x":-187.78152,"y":-1563.2743,"z":34.635014}', '100000', 0, '122', '528021', '[]'),
	(122, '', '1', '{"x":-192.10327,"y":-1559.8232,"z":33.834625}', '100000', 0, '123', '931764', '[]'),
	(123, '', '1', '{"x":-196.04106,"y":-1555.9392,"z":33.835453}', '100000', 0, '124', '903553', '[]'),
	(124, '', '1', '{"x":-183.86766,"y":-1539.8049,"z":33.237453}', '100000', 0, '125', '642978', '[]'),
	(125, '', '1', '{"x":-180.01508,"y":-1534.6683,"z":33.23487}', '100000', 0, '126', '476625', '[]'),
	(126, '', '1', '{"x":-174.75977,"y":-1529.0225,"z":33.233833}', '100000', 1, '127', '253473', '[]'),
	(127, '', '1', '{"x":-120.02828,"y":-1478.0135,"z":32.7028}', '100000', 0, '128', '941807', '[]'),
	(128, '', '1', '{"x":-125.91781,"y":-1473.5007,"z":32.702797}', '100000', 0, '129', '308856', '[]'),
	(129, '', '1', '{"x":-132.04149,"y":-1462.958,"z":32.70275}', '100000', 0, '130', '101244', '[]'),
	(130, '', '1', '{"x":-126.752716,"y":-1456.7589,"z":33.38973}', '100000', 0, '131', '315839', '[]'),
	(131, '', '1', '{"x":-122.92745,"y":-1460.322,"z":32.70281}', '100000', 0, '132', '582002', '[]'),
	(132, '', '1', '{"x":-113.69877,"y":-1468.2068,"z":32.702778}', '100000', 0, '133', '137532', '[]'),
	(133, '', '1', '{"x":-107.924,"y":-1473.3096,"z":32.702755}', '100000', 0, '134', '839950', '[]'),
	(134, '', '1', '{"x":-112.83689,"y":-1478.9845,"z":32.70278}', '100000', 0, '135', '148329', '[]'),
	(135, '', '1', '{"x":-119.35116,"y":-1486.4242,"z":35.862133}', '100000', 0, '136', '415545', '[]'),
	(136, '', '4', '{"x":315.76886,"y":501.75766,"z":152.05978}', '800000', 0, '137', '84806', '[]'),
	(137, '', '4', '{"x":331.3986,"y":465.24603,"z":150.13304}', '800000', 0, '138', '219274', '[]'),
	(138, '', '4', '{"x":346.4174,"y":440.50925,"z":146.67708}', '800000', 0, '139', '262356', '[]'),
	(139, '', '4', '{"x":373.5333,"y":427.63568,"z":144.56393}', '800000', 0, '140', '172614', '[]'),
	(140, '', '4', '{"x":232.04536,"y":672.3613,"z":188.82552}', '1000000', 0, '141', '988433', '[]'),
	(141, '', '4', '{"x":216.40182,"y":620.57104,"z":186.63676}', '800000', 0, '142', '665727', '[]'),
	(142, '', '4', '{"x":119.16928,"y":564.0652,"z":182.83948}', '800000', 0, '143', '699665', '[]'),
	(143, '', '4', '{"x":84.96944,"y":561.8767,"z":181.65303}', '1000000', 0, '144', '987845', '[]'),
	(144, '', '4', '{"x":46.128372,"y":555.95215,"z":178.9622}', '1000000', 0, '145', '203893', '[]'),
	(145, '', '6', '{"x":8.413756,"y":540.0719,"z":174.90733}', '50000000', 0, '146', '501809', '[]'),
	(146, '', '4', '{"x":-109.85093,"y":501.88403,"z":142.35721}', '1000000', 0, '147', '265480', '[]'),
	(147, '', '5', '{"x":-66.742584,"y":490.6422,"z":143.57054}', '1200000', 0, '148', '35151', '[]'),
	(148, '', '5', '{"x":-7.813765,"y":468.10202,"z":144.73824}', '1200000', 0, '149', '522090', '[]'),
	(149, '', '5', '{"x":57.649525,"y":449.8795,"z":145.91139}', '1200000', 0, '150', '249869', '[]'),
	(150, '', '5', '{"x":43.177376,"y":468.7533,"z":146.9761}', '1200000', 0, '151', '559582', '[]'),
	(151, '', '5', '{"x":80.04249,"y":486.2117,"z":147.08165}', '1500000', 0, '152', '757142', '[]'),
	(152, '', '5', '{"x":106.69239,"y":466.72864,"z":146.44206}', '1200000', 0, '153', '33648', '[]'),
	(153, '', '5', '{"x":167.23303,"y":474.07492,"z":141.39325}', '1500000', 0, '154', '581478', '[]'),
	(154, '', '5', '{"x":-175.19647,"y":502.72906,"z":136.30075}', '1200000', 0, '155', '815300', '[]'),
	(155, '', '5', '{"x":-230.35538,"y":488.32996,"z":127.64803}', '1500000', 0, '156', '100598', '[]'),
	(156, '', '5', '{"x":-312.43677,"y":474.7383,"z":110.70516}', '1200000', 0, '157', '275323', '[]'),
	(157, '', '5', '{"x":-355.77768,"y":469.63046,"z":111.35508}', '1500000', 0, '158', '446516', '[]'),
	(158, '', '5', '{"x":-386.63705,"y":504.7348,"z":119.29266}', '1200000', 0, '159', '108931', '[]'),
	(159, '', '5', '{"x":-349.18845,"y":514.78564,"z":119.52608}', '1500000', 0, '160', '448503', '[]'),
	(160, '', '5', '{"x":-406.48752,"y":567.15436,"z":123.48408}', '1500000', 0, '161', '252127', '[]'),
	(161, '', '5', '{"x":-458.977,"y":537.2212,"z":120.33891}', '1200000', 0, '162', '685701', '[]'),
	(162, '', '6', '{"x":-167.8435,"y":916.0188,"z":234.53561}', '10000000', 0, '163', '87088', '[]'),
	(163, '', '6', '{"x":-85.64162,"y":834.8868,"z":234.8001}', '10000000', 0, '164', '504010', '[]'),
	(164, '', '6', '{"x":-184.29298,"y":967.36127,"z":231.01358}', '10000000', 0, '165', '818431', '[]'),
	(165, '', '6', '{"x":-2797.6306,"y":1431.908,"z":99.80837}', '50000000', 0, '166', '842769', '[]');
/*!40000 ALTER TABLE `houses` ENABLE KEYS */;

-- Дамп структуры для таблица iteffa.inventory
CREATE TABLE IF NOT EXISTS `inventory` (
  `items` text NOT NULL,
  `uuid` int(255) NOT NULL,
  `idkey` int(11) NOT NULL AUTO_INCREMENT,
  PRIMARY KEY (`idkey`)
) ENGINE=InnoDB AUTO_INCREMENT=2 DEFAULT CHARSET=utf8;

-- Дамп данных таблицы iteffa.inventory: ~0 rows (приблизительно)
/*!40000 ALTER TABLE `inventory` DISABLE KEYS */;
INSERT INTO `inventory` (`items`, `uuid`, `idkey`) VALUES
	('[{"Data":"26_2_True","ID":-11,"Type":-11,"Count":1,"IsActive":true},{"Data":"103_0_True","ID":-4,"Type":-4,"Count":1,"IsActive":true},{"Data":"5_3_True","ID":-6,"Type":-6,"Count":1,"IsActive":true}]', 333333, 1);
/*!40000 ALTER TABLE `inventory` ENABLE KEYS */;

-- Дамп структуры для таблица iteffa.money
CREATE TABLE IF NOT EXISTS `money` (
  `id` varchar(155) NOT NULL,
  `holder` varchar(155) NOT NULL,
  `balance` varchar(155) NOT NULL,
  `type` varchar(155) NOT NULL,
  PRIMARY KEY (`id`)
) ENGINE=InnoDB DEFAULT CHARSET=utf8;

-- Дамп данных таблицы iteffa.money: ~245 rows (приблизительно)
/*!40000 ALTER TABLE `money` DISABLE KEYS */;
INSERT INTO `money` (`id`, `holder`, `balance`, `type`) VALUES
	('100225', '', '0', '2'),
	('100598', '', '0', '2'),
	('101244', '', '0', '2'),
	('103598', '', '0', '2'),
	('108071', '', '0', '2'),
	('108789', '', '0', '2'),
	('108931', '', '0', '2'),
	('120379', '', '0', '2'),
	('122578', '', '0', '2'),
	('125091', '', '0', '2'),
	('128674', '', '1000', '3'),
	('137532', '', '0', '2'),
	('145503', '', '0', '2'),
	('148329', '', '0', '2'),
	('152681', '', '1000', '3'),
	('153477', '', '1000', '3'),
	('1556', '', '1000', '3'),
	('158412', '', '1000', '3'),
	('160604', '', '0', '2'),
	('164572', '', '1000', '3'),
	('164952', '', '0', '2'),
	('172614', '', '0', '2'),
	('176568', '', '1000', '3'),
	('176982', '', '1000', '3'),
	('178877', '', '0', '2'),
	('179917', '', '0', '2'),
	('187693', '', '1000', '3'),
	('188331', '', '0', '2'),
	('191856', '', '0', '2'),
	('193935', '', '0', '2'),
	('196598', '', '0', '2'),
	('200439', '', '1000', '3'),
	('203893', '', '0', '2'),
	('205999', '', '0', '2'),
	('214586', '', '0', '2'),
	('219274', '', '0', '2'),
	('219734', '', '0', '2'),
	('220234', '', '0', '2'),
	('231812', '', '1000', '3'),
	('23548', '', '0', '2'),
	('23777', '', '0', '2'),
	('240509', '', '1000', '3'),
	('249869', '', '0', '2'),
	('251104', '', '0', '2'),
	('252127', '', '0', '2'),
	('253473', '', '0', '2'),
	('255964', '', '0', '2'),
	('262053', '', '0', '2'),
	('262356', '', '0', '2'),
	('265480', '', '0', '2'),
	('275323', '', '0', '2'),
	('278178', '', '0', '2'),
	('278437', '', '0', '2'),
	('282673', '', '1000', '3'),
	('285192', '', '1000', '3'),
	('29219', '', '0', '2'),
	('2968', '', '1000', '3'),
	('298135', '', '0', '2'),
	('305327', '', '0', '2'),
	('308856', '', '0', '2'),
	('312755', '', '1000', '3'),
	('315839', '', '0', '2'),
	('321412', '', '0', '2'),
	('32364', '', '0', '2'),
	('332012', '', '1000', '3'),
	('334084', '', '1000', '3'),
	('33648', '', '0', '2'),
	('338975', '', '0', '2'),
	('340159', '', '1000', '3'),
	('344454', '', '1000', '3'),
	('35151', '', '0', '2'),
	('352562', '', '1000', '3'),
	('360123', '', '1000', '3'),
	('360485', '', '1000', '3'),
	('364580', '', '1000', '3'),
	('374407', '', '1000', '3'),
	('376413', '', '1000', '3'),
	('388639', '', '1000', '3'),
	('389391', '', '1000', '3'),
	('392828', '', '1000', '3'),
	('400434', '', '0', '2'),
	('415545', '', '0', '2'),
	('416017', '', '0', '2'),
	('419620', '', '0', '2'),
	('421264', '', '0', '2'),
	('421848', '', '0', '2'),
	('429085', '', '1000', '3'),
	('431857', '', '1000', '3'),
	('433620', '', '0', '2'),
	('437400', '', '0', '2'),
	('439869', '', '0', '2'),
	('446516', '', '0', '2'),
	('448503', '', '0', '2'),
	('449771', '', '1000', '3'),
	('452394', '', '0', '2'),
	('452867', '', '0', '2'),
	('454538', '', '0', '2'),
	('455437', '', '1000', '3'),
	('45619', '', '0', '2'),
	('462259', '', '1000', '3'),
	('468451', '', '1000', '3'),
	('470493', '', '0', '2'),
	('476625', '', '0', '2'),
	('478270', '', '0', '2'),
	('482111', '', '0', '2'),
	('483757', '', '0', '2'),
	('489322', '', '1000', '3'),
	('489851', '', '0', '2'),
	('494621', '', '0', '2'),
	('498670', '', '0', '2'),
	('501809', '', '0', '2'),
	('504010', '', '0', '2'),
	('506657', '', '0', '3'),
	('507881', '', '0', '2'),
	('509009', '', '0', '2'),
	('5177', '', '0', '2'),
	('518891', '', '0', '2'),
	('522090', '', '0', '2'),
	('523356', '', '0', '2'),
	('528021', '', '0', '2'),
	('528989', '', '0', '2'),
	('532522', '', '1000', '3'),
	('536220', '', '1000', '3'),
	('544357', '', '1000', '3'),
	('548520', '', '1000', '3'),
	('559582', '', '0', '2'),
	('567348', '', '0', '2'),
	('569475', '', '0', '2'),
	('578334', '', '0', '2'),
	('579124', '', '0', '2'),
	('580520', '', '1000', '3'),
	('581373', '', '1000', '3'),
	('581478', '', '0', '2'),
	('581563', '', '1000', '3'),
	('582002', '', '0', '2'),
	('584531', '', '1000', '3'),
	('585556', '', '0', '2'),
	('586475', '', '1000', '3'),
	('599778', '', '0', '2'),
	('600631', '', '1000', '3'),
	('604326', '', '0', '2'),
	('616553', '', '1000', '3'),
	('618117', '', '1000', '3'),
	('627101', '', '0', '2'),
	('630232', '', '0', '2'),
	('642128', '', '1000', '3'),
	('642978', '', '0', '2'),
	('644697', '', '0', '2'),
	('656573', '', '1000', '3'),
	('659573', '', '0', '2'),
	('665727', '', '0', '2'),
	('677514', '', '0', '2'),
	('684062', '', '0', '2'),
	('684616', '', '0', '2'),
	('685701', '', '0', '2'),
	('686757', '', '0', '2'),
	('687230', '', '1000', '3'),
	('689959', '', '1000', '3'),
	('695987', '', '1000', '3'),
	('698861', '', '1000', '3'),
	('699442', '', '0', '2'),
	('699665', '', '0', '2'),
	('701975', '', '0', '2'),
	('703297', '', '0', '2'),
	('705991', '', '1000', '3'),
	('706559', '', '0', '2'),
	('71188', '', '0', '2'),
	('7130', '', '1000', '3'),
	('720362', '', '0', '2'),
	('722040', '', '1000', '3'),
	('733845', '', '1000', '3'),
	('734175', '', '0', '2'),
	('738152', '', '1000', '3'),
	('739461', '', '0', '2'),
	('740992', '', '1000', '3'),
	('751866', '', '0', '2'),
	('756120', '', '1000', '3'),
	('757142', '', '0', '2'),
	('760547', '', '0', '2'),
	('761280', '', '0', '2'),
	('761494', '', '0', '2'),
	('766592', '', '0', '2'),
	('771824', '', '0', '2'),
	('779125', '', '0', '2'),
	('79683', '', '0', '2'),
	('798066', '', '1000', '3'),
	('800754', '', '0', '2'),
	('801533', '', '0', '2'),
	('805788', '', '0', '2'),
	('807166', '', '0', '2'),
	('807695', '', '0', '2'),
	('808474', '', '0', '2'),
	('813694', '', '0', '2'),
	('815300', '', '0', '2'),
	('818431', '', '0', '2'),
	('818562', '', '0', '2'),
	('818596', '', '1000', '3'),
	('819110', '', '1000', '3'),
	('819848', '', '0', '2'),
	('824847', '', '0', '2'),
	('839950', '', '0', '2'),
	('840883', '', '0', '2'),
	('842769', '', '0', '2'),
	('843370', '', '1000', '3'),
	('84806', '', '0', '2'),
	('848373', '', '1000', '3'),
	('853087', '', '0', '2'),
	('869755', '', '0', '2'),
	('870802', '', '1000', '3'),
	('87088', '', '0', '2'),
	('87251', '', '1000', '3'),
	('885637', '', '0', '2'),
	('885746', '', '0', '2'),
	('887995', '', '0', '2'),
	('89491', '', '0', '2'),
	('89496', '', '0', '2'),
	('898416', '', '1000', '3'),
	('903553', '', '0', '2'),
	('910783', '', '1000', '3'),
	('911580', '', '1000', '3'),
	('920976', '', '0', '2'),
	('922097', '', '0', '2'),
	('923802', '', '0', '2'),
	('925738', '', '0', '2'),
	('929736', '', '1000', '3'),
	('931549', '', '1000', '3'),
	('931764', '', '0', '2'),
	('932996', '', '1000', '3'),
	('933635', '', '0', '2'),
	('941807', '', '0', '2'),
	('942993', '', '0', '2'),
	('943938', '', '0', '2'),
	('945644', '', '0', '2'),
	('950439', '', '0', '2'),
	('956499', '', '1000', '3'),
	('958055', '', '1000', '3'),
	('960803', '', '0', '2'),
	('963680', '', '0', '2'),
	('969406', '', '0', '2'),
	('976418', '', '1000', '3'),
	('980300', '', '0', '2'),
	('985492', '', '0', '2'),
	('987845', '', '0', '2'),
	('988433', '', '0', '2'),
	('994557', '', '0', '2');
/*!40000 ALTER TABLE `money` ENABLE KEYS */;

-- Дамп структуры для таблица iteffa.nicknames
CREATE TABLE IF NOT EXISTS `nicknames` (
  `srv` varchar(155) NOT NULL,
  `name` varchar(155) NOT NULL
) ENGINE=InnoDB DEFAULT CHARSET=utf8;

-- Дамп данных таблицы iteffa.nicknames: ~0 rows (приблизительно)
/*!40000 ALTER TABLE `nicknames` DISABLE KEYS */;
/*!40000 ALTER TABLE `nicknames` ENABLE KEYS */;

-- Дамп структуры для таблица iteffa.othervehicles
CREATE TABLE IF NOT EXISTS `othervehicles` (
  `idkey` int(155) NOT NULL AUTO_INCREMENT,
  `type` varchar(155) NOT NULL,
  `number` text NOT NULL,
  `model` text NOT NULL,
  `position` text NOT NULL,
  `rotation` text NOT NULL,
  `color1` int(155) NOT NULL,
  `color2` int(155) NOT NULL,
  `price` int(155) NOT NULL,
  PRIMARY KEY (`idkey`)
) ENGINE=InnoDB DEFAULT CHARSET=utf8;

-- Дамп данных таблицы iteffa.othervehicles: ~0 rows (приблизительно)
/*!40000 ALTER TABLE `othervehicles` DISABLE KEYS */;
/*!40000 ALTER TABLE `othervehicles` ENABLE KEYS */;

-- Дамп структуры для таблица iteffa.promocodes
CREATE TABLE IF NOT EXISTS `promocodes` (
  `name` text NOT NULL,
  `type` int(155) NOT NULL,
  `count` int(155) NOT NULL,
  `owner` int(155) NOT NULL,
  `idkey` int(11) NOT NULL AUTO_INCREMENT,
  PRIMARY KEY (`idkey`)
) ENGINE=InnoDB DEFAULT CHARSET=utf8;

-- Дамп данных таблицы iteffa.promocodes: ~0 rows (приблизительно)
/*!40000 ALTER TABLE `promocodes` DISABLE KEYS */;
/*!40000 ALTER TABLE `promocodes` ENABLE KEYS */;

-- Дамп структуры для таблица iteffa.questions
CREATE TABLE IF NOT EXISTS `questions` (
  `ID` int(12) unsigned NOT NULL AUTO_INCREMENT,
  `Author` text NOT NULL,
  `Question` text CHARACTER SET utf8 COLLATE utf8_bin NOT NULL,
  `Respondent` text DEFAULT NULL,
  `Response` text CHARACTER SET utf8 COLLATE utf8_bin DEFAULT NULL,
  `Opened` datetime NOT NULL,
  `Closed` datetime DEFAULT NULL,
  `Status` tinyint(4) DEFAULT 0,
  PRIMARY KEY (`ID`)
) ENGINE=InnoDB DEFAULT CHARSET=latin1;

-- Дамп данных таблицы iteffa.questions: ~0 rows (приблизительно)
/*!40000 ALTER TABLE `questions` DISABLE KEYS */;
/*!40000 ALTER TABLE `questions` ENABLE KEYS */;

-- Дамп структуры для таблица iteffa.rodings
CREATE TABLE IF NOT EXISTS `rodings` (
  `id` int(11) NOT NULL,
  `radius` varchar(255) DEFAULT NULL,
  `pos` varchar(255) NOT NULL,
  PRIMARY KEY (`id`) USING BTREE
) ENGINE=InnoDB DEFAULT CHARSET=utf8 ROW_FORMAT=DYNAMIC;

-- Дамп данных таблицы iteffa.rodings: ~0 rows (приблизительно)
/*!40000 ALTER TABLE `rodings` DISABLE KEYS */;
/*!40000 ALTER TABLE `rodings` ENABLE KEYS */;

-- Дамп структуры для таблица iteffa.safes
CREATE TABLE IF NOT EXISTS `safes` (
  `minamount` int(155) NOT NULL,
  `maxamount` int(155) NOT NULL,
  `pos` text NOT NULL,
  `address` text NOT NULL,
  `rotation` int(11) NOT NULL,
  `idkey` int(11) NOT NULL AUTO_INCREMENT,
  PRIMARY KEY (`idkey`)
) ENGINE=InnoDB DEFAULT CHARSET=utf8;

-- Дамп данных таблицы iteffa.safes: ~0 rows (приблизительно)
/*!40000 ALTER TABLE `safes` DISABLE KEYS */;
/*!40000 ALTER TABLE `safes` ENABLE KEYS */;

-- Дамп структуры для таблица iteffa.vehicles
CREATE TABLE IF NOT EXISTS `vehicles` (
  `holder` varchar(155) NOT NULL,
  `model` varchar(155) NOT NULL,
  `health` int(11) NOT NULL,
  `fuel` int(11) NOT NULL,
  `components` text NOT NULL,
  `items` text NOT NULL,
  `position` varchar(255) DEFAULT NULL,
  `rotation` varchar(255) DEFAULT NULL,
  `keynum` int(11) DEFAULT NULL,
  `dirt` float DEFAULT NULL,
  `price` int(11) DEFAULT NULL,
  `idkey` int(11) NOT NULL AUTO_INCREMENT,
  `number` varchar(255) NOT NULL,
  PRIMARY KEY (`idkey`)
) ENGINE=InnoDB DEFAULT CHARSET=utf8;

-- Дамп данных таблицы iteffa.vehicles: ~0 rows (приблизительно)
/*!40000 ALTER TABLE `vehicles` DISABLE KEYS */;
/*!40000 ALTER TABLE `vehicles` ENABLE KEYS */;

-- Дамп структуры для таблица iteffa.weapons
CREATE TABLE IF NOT EXISTS `weapons` (
  `id` varchar(155) NOT NULL,
  `lastserial` varchar(155) NOT NULL,
  PRIMARY KEY (`id`)
) ENGINE=InnoDB DEFAULT CHARSET=utf8;

-- Дамп данных таблицы iteffa.weapons: ~11 rows (приблизительно)
/*!40000 ALTER TABLE `weapons` DISABLE KEYS */;
INSERT INTO `weapons` (`id`, `lastserial`) VALUES
	('28', '0'),
	('29', '0'),
	('30', '0'),
	('31', '0'),
	('32', '0'),
	('33', '0'),
	('34', '0'),
	('35', '0'),
	('36', '0'),
	('37', '0'),
	('8', '0');
/*!40000 ALTER TABLE `weapons` ENABLE KEYS */;

-- Дамп структуры для таблица iteffa.whitelist
CREATE TABLE IF NOT EXISTS `whitelist` (
  `id` int(11) NOT NULL AUTO_INCREMENT,
  `socialclub` text NOT NULL,
  PRIMARY KEY (`id`)
) ENGINE=InnoDB DEFAULT CHARSET=utf8mb4;

-- Дамп данных таблицы iteffa.whitelist: ~0 rows (приблизительно)
/*!40000 ALTER TABLE `whitelist` DISABLE KEYS */;
/*!40000 ALTER TABLE `whitelist` ENABLE KEYS */;

/*!40101 SET SQL_MODE=IFNULL(@OLD_SQL_MODE, '') */;
/*!40014 SET FOREIGN_KEY_CHECKS=IF(@OLD_FOREIGN_KEY_CHECKS IS NULL, 1, @OLD_FOREIGN_KEY_CHECKS) */;
/*!40101 SET CHARACTER_SET_CLIENT=@OLD_CHARACTER_SET_CLIENT */;
